JvmtiExport can_access_local_variables 0
JvmtiExport can_hotswap_or_post_breakpoint 0
JvmtiExport can_post_on_exceptions 0
# 468 ciObject found
instanceKlass org/springframework/beans/factory/support/AbstractBeanFactory
ciInstanceKlass java/lang/Cloneable 1 0 7 100 1 100 1 1 1
instanceKlass com/sun/beans/util/Cache$CacheEntry
instanceKlass com/sun/beans/util/Cache
instanceKlass com/sun/beans/introspect/ClassInfo
instanceKlass java/beans/WeakIdentityMap
instanceKlass java/beans/ThreadGroupContext
instanceKlass java/util/IdentityHashMap$IdentityHashMapSpliterator
instanceKlass org/springframework/boot/SpringApplication$FactoryAwareOrderSourceProvider
instanceKlass org/springframework/boot/Runner
instanceKlass javax/management/NotificationBroadcasterSupport$ListenerInfo
instanceKlass com/sun/jmx/interceptor/DefaultMBeanServerInterceptor$ListenerWrapper
instanceKlass io/micrometer/core/instrument/binder/tomcat/TomcatMetrics$1
instanceKlass jdk/internal/math/FDBigInteger
instanceKlass com/fasterxml/jackson/databind/ser/std/NumberSerializers$1
instanceKlass org/springframework/boot/actuate/metrics/MetricsEndpoint$AvailableTag
instanceKlass org/springframework/boot/actuate/metrics/MetricsEndpoint$Sample
instanceKlass org/apache/tomcat/util/net/Acceptor
instanceKlass java/nio/channels/spi/AbstractSelector$1
instanceKlass org/apache/tomcat/util/collections/SynchronizedQueue
instanceKlass java/util/function/DoubleSupplier
instanceKlass org/apache/tomcat/util/net/NioEndpoint$Poller
instanceKlass org/apache/tomcat/util/threads/ThreadPoolExecutor$RejectPolicy
instanceKlass org/apache/tomcat/util/threads/ThreadPoolExecutor$RejectedExecutionHandler
instanceKlass org/apache/tomcat/util/threads/RetryableQueue
instanceKlass org/springframework/util/ConcurrentReferenceHashMap$EntryIterator
instanceKlass java/util/AbstractMap$1$1
instanceKlass sun/reflect/misc/Trampoline
instanceKlass sun/reflect/misc/MethodUtil$1
instanceKlass org/springframework/jmx/export/annotation/ManagedMetric
instanceKlass org/springframework/jmx/export/notification/NotificationPublisherAware
instanceKlass org/springframework/jmx/export/metadata/ManagedNotification
instanceKlass org/springframework/jmx/export/annotation/ManagedNotifications
instanceKlass org/springframework/jmx/export/annotation/ManagedNotification
instanceKlass javax/management/modelmbean/RequiredModelMBean
instanceKlass org/springframework/jmx/export/naming/SelfNaming
instanceKlass org/springframework/beans/PropertyAccessorFactory
instanceKlass io/micrometer/core/instrument/binder/system/DiskSpaceMetrics
instanceKlass jdk/internal/vm/annotation/ForceInline
instanceKlass io/micrometer/core/instrument/MeterRegistry$1
instanceKlass org/springframework/boot/actuate/beans/BeansEndpoint$BeanDescriptor
instanceKlass org/springframework/boot/actuate/beans/BeansEndpoint$ContextBeansDescriptor
instanceKlass io/micrometer/core/instrument/TimeGauge$Builder
instanceKlass io/micrometer/core/instrument/StrongReferenceGaugeFunction
instanceKlass com/fasterxml/jackson/databind/introspect/EnumNamingStrategyFactory
instanceKlass com/fasterxml/jackson/databind/annotation/EnumNaming
instanceKlass com/fasterxml/jackson/databind/util/EnumValues
instanceKlass java/util/stream/Sink$OfDouble
instanceKlass java/util/function/DoubleConsumer
instanceKlass java/util/function/ObjDoubleConsumer
instanceKlass com/fasterxml/jackson/databind/introspect/MethodGenericTypeResolver
instanceKlass org/springframework/boot/actuate/web/mappings/servlet/HandlerFunctionDescription
instanceKlass jakarta/servlet/descriptor/JspConfigDescriptor
instanceKlass org/springframework/boot/actuate/web/mappings/servlet/RegistrationMappingDescription
instanceKlass org/springframework/boot/actuate/web/mappings/servlet/DispatcherServletsMappingDescriptionProvider$MappingDescriptionVisitor
instanceKlass org/springframework/web/servlet/mvc/condition/NameValueExpression
instanceKlass org/springframework/boot/actuate/web/mappings/servlet/RequestMappingConditionsDescription$NameValueExpressionDescription
instanceKlass org/springframework/boot/actuate/web/mappings/servlet/RequestMappingConditionsDescription$MediaTypeExpressionDescription
instanceKlass org/springframework/boot/actuate/web/mappings/servlet/RequestMappingConditionsDescription
instanceKlass org/springframework/boot/actuate/web/mappings/HandlerMethodDescription
instanceKlass org/springframework/boot/actuate/web/mappings/servlet/DispatcherServletMappingDetails
instanceKlass org/springframework/boot/actuate/web/mappings/servlet/DispatcherServletMappingDescription
instanceKlass org/springframework/context/event/EventListener
instanceKlass org/springframework/aop/scope/ScopedObject
instanceKlass org/springframework/aop/RawTargetAccess
instanceKlass org/springframework/boot/actuate/autoconfigure/web/server/ManagementServerProperties$Accesslog
instanceKlass org/springframework/boot/actuate/web/mappings/servlet/DispatcherServletHandlerMappings$TomcatServletInitializer
instanceKlass org/springframework/boot/actuate/autoconfigure/security/servlet/PathPatternRequestMatcherProvider
instanceKlass org/springframework/boot/web/embedded/undertow/UndertowWebServer
instanceKlass org/springframework/cloud/context/restart/RestartEndpoint$ResumeEndpoint
instanceKlass org/springframework/cloud/context/restart/RestartEndpoint$PauseEndpoint
instanceKlass org/springframework/boot/devtools/filewatch/FileSystemWatcher$Watcher
instanceKlass org/springframework/boot/devtools/filewatch/FileSnapshot
instanceKlass org/springframework/boot/devtools/filewatch/DirectorySnapshot
instanceKlass org/springframework/boot/devtools/classpath/ClassPathFileChangeListener
instanceKlass org/springframework/boot/devtools/classpath/ClassPathDirectories
instanceKlass org/springframework/boot/devtools/filewatch/StaticSnapshotStateRepository
instanceKlass org/springframework/boot/devtools/filewatch/SnapshotStateRepository$1
instanceKlass org/springframework/boot/devtools/filewatch/SnapshotStateRepository
instanceKlass org/springframework/boot/devtools/filewatch/FileChangeListener
instanceKlass org/springframework/boot/devtools/filewatch/ChangedFile
instanceKlass org/springframework/boot/devtools/classpath/PatternClassPathRestartStrategy
instanceKlass org/springframework/web/multipart/MultipartHttpServletRequest
instanceKlass java/util/AbstractMap$SimpleEntry
instanceKlass org/springframework/web/multipart/MultipartRequest
instanceKlass org/springframework/transaction/reactive/TransactionalOperator
instanceKlass org/springframework/boot/actuate/autoconfigure/condition/ConditionsReportEndpoint$MessageAndConditionDescriptor
instanceKlass org/springframework/boot/actuate/autoconfigure/condition/ConditionsReportEndpoint$MessageAndConditionsDescriptor
instanceKlass org/springframework/data/domain/OffsetScrollPosition
instanceKlass org/springframework/data/mongodb/aot/LazyLoadingProxyAotProcessor
instanceKlass org/springframework/data/repository/config/RepositoryRegistrationAotContribution
instanceKlass org/springframework/boot/actuate/autoconfigure/condition/ConditionsReportEndpoint$ContextConditionsDescriptor
instanceKlass org/springframework/aot/hint/RuntimeHints
instanceKlass org/springframework/aot/hint/annotation/ReflectiveRuntimeHintsRegistrar
instanceKlass org/springframework/context/support/DefaultLifecycleProcessor$LifecycleGroup
instanceKlass io/micrometer/core/instrument/MultiGauge$Row
instanceKlass org/springframework/boot/actuate/autoconfigure/ssl/SslMeterBinder$BundleMetrics
instanceKlass org/springframework/scheduling/config/ScheduledTaskRegistrar
instanceKlass com/fasterxml/jackson/databind/deser/std/UntypedObjectDeserializerNR$Scope
instanceKlass org/springframework/boot/actuate/metrics/web/client/ObservationRestClientCustomizer
instanceKlass com/fasterxml/jackson/databind/deser/std/NumberDeserializers
instanceKlass org/springframework/http/client/observation/DefaultClientRequestObservationConvention
instanceKlass com/fasterxml/jackson/databind/deser/ContextualKeyDeserializer
instanceKlass com/fasterxml/jackson/databind/util/LinkedNode
instanceKlass com/fasterxml/jackson/databind/deser/impl/NullsConstantProvider
instanceKlass com/fasterxml/jackson/databind/deser/impl/JDKValueInstantiators
instanceKlass com/fasterxml/jackson/databind/annotation/JsonValueInstantiator
instanceKlass com/fasterxml/jackson/databind/deser/BasicDeserializerFactory$ContainerDefaultMappings
instanceKlass com/fasterxml/jackson/core/io/ContentReference
instanceKlass com/fasterxml/jackson/core/JsonLocation
instanceKlass org/springframework/http/client/JdkClientHttpRequestFactory
instanceKlass org/springframework/boot/http/client/Empty
instanceKlass org/springframework/boot/http/client/JdkHttpClientBuilder
instanceKlass org/springframework/boot/http/client/AbstractClientHttpRequestFactoryBuilder
instanceKlass java/net/http/HttpClient
instanceKlass org/springframework/boot/http/client/JdkClientHttpRequestFactoryBuilder$Classes
instanceKlass org/springframework/boot/http/client/ReactorClientHttpRequestFactoryBuilder$Classes
instanceKlass org/springframework/boot/http/client/JettyClientHttpRequestFactoryBuilder$Classes
instanceKlass com/fasterxml/jackson/databind/ser/std/StdKeySerializers
instanceKlass org/springframework/boot/http/client/HttpComponentsClientHttpRequestFactoryBuilder$Classes
instanceKlass com/fasterxml/jackson/databind/util/IgnorePropertiesUtil
instanceKlass org/springframework/boot/autoconfigure/http/client/ClientHttpRequestFactories
instanceKlass com/fasterxml/jackson/databind/introspect/AnnotationCollector$OneAnnotation
instanceKlass org/springframework/boot/autoconfigure/http/client/AbstractHttpClientProperties$Ssl
instanceKlass com/fasterxml/jackson/annotation/JacksonAnnotationsInside
instanceKlass com/google/gson/reflect/TypeToken
instanceKlass com/fasterxml/jackson/databind/ser/impl/PropertySerializerMap$SerializerAndMapResult
instanceKlass com/google/gson/internal/bind/ReflectiveTypeAdapterFactory$BoundField
instanceKlass com/fasterxml/jackson/annotation/JacksonAnnotation
instanceKlass com/fasterxml/jackson/databind/annotation/JacksonStdImpl
instanceKlass com/google/gson/internal/bind/ReflectiveTypeAdapterFactory
instanceKlass sun/reflect/generics/reflectiveObjects/GenericArrayTypeImpl
instanceKlass com/google/gson/internal/bind/JsonAdapterAnnotationTypeAdapterFactory$DummyTypeAdapterFactory
instanceKlass com/google/gson/internal/bind/JsonAdapterAnnotationTypeAdapterFactory
instanceKlass com/google/gson/internal/bind/MapTypeAdapterFactory
instanceKlass com/google/gson/internal/bind/CollectionTypeAdapterFactory
instanceKlass com/google/gson/internal/bind/ArrayTypeAdapter$1
instanceKlass com/fasterxml/jackson/annotation/JsonFilter
instanceKlass com/fasterxml/jackson/annotation/JsonIncludeProperties$Value
instanceKlass com/google/gson/internal/bind/DefaultDateTypeAdapter$1
instanceKlass com/fasterxml/jackson/annotation/JsonIncludeProperties
instanceKlass com/fasterxml/jackson/annotation/JsonIgnoreProperties$Value
instanceKlass com/fasterxml/jackson/annotation/JsonIgnoreProperties
instanceKlass com/fasterxml/jackson/databind/annotation/JsonAppend
instanceKlass com/google/gson/internal/bind/NumberTypeAdapter$1
instanceKlass com/google/gson/internal/bind/ObjectTypeAdapter$1
instanceKlass com/fasterxml/jackson/databind/ser/impl/PropertySerializerMap
instanceKlass com/google/gson/internal/bind/EnumTypeAdapter$1
instanceKlass com/fasterxml/jackson/databind/introspect/POJOPropertyBuilder$1
instanceKlass com/fasterxml/jackson/databind/ser/PropertyBuilder$1
instanceKlass com/google/gson/internal/bind/TypeAdapters$31
instanceKlass com/fasterxml/jackson/databind/annotation/JsonTypeResolver
instanceKlass com/fasterxml/jackson/databind/BeanProperty$Std
instanceKlass com/google/gson/internal/bind/TypeAdapters$32
instanceKlass java/util/concurrent/atomic/AtomicIntegerArray
instanceKlass com/fasterxml/jackson/databind/introspect/POJOPropertyBuilder$2
instanceKlass com/fasterxml/jackson/annotation/JsonTypeId
instanceKlass com/fasterxml/jackson/databind/introspect/POJOPropertyBuilder$3
instanceKlass com/fasterxml/jackson/annotation/JsonInclude
instanceKlass com/google/gson/internal/bind/TypeAdapters$30
instanceKlass com/fasterxml/jackson/databind/ser/PropertyBuilder
instanceKlass com/google/gson/internal/bind/TypeAdapters$29
instanceKlass com/fasterxml/jackson/annotation/JsonIgnoreType
instanceKlass com/fasterxml/jackson/databind/ser/BeanSerializerBuilder
instanceKlass com/fasterxml/jackson/databind/util/BeanUtil
instanceKlass com/fasterxml/jackson/databind/ext/Java7Handlers
instanceKlass org/w3c/dom/Document
instanceKlass org/w3c/dom/Node
instanceKlass com/fasterxml/jackson/databind/ext/OptionalHandlerFactory
instanceKlass com/fasterxml/jackson/databind/PropertyMetadata
instanceKlass com/fasterxml/jackson/annotation/JsonPropertyDescription
instanceKlass com/google/gson/internal/bind/TypeAdapters
instanceKlass com/fasterxml/jackson/annotation/JsonPropertyOrder
instanceKlass com/fasterxml/jackson/databind/annotation/JsonNaming
instanceKlass com/fasterxml/jackson/annotation/JacksonInject
instanceKlass com/google/gson/internal/ConstructorConstructor
instanceKlass com/fasterxml/jackson/databind/introspect/POJOPropertyBuilder$6
instanceKlass com/google/gson/internal/sql/SqlTimestampTypeAdapter$1
instanceKlass com/fasterxml/jackson/databind/introspect/POJOPropertyBuilder$5
instanceKlass com/fasterxml/jackson/annotation/JsonSetter
instanceKlass com/google/gson/internal/sql/SqlTimeTypeAdapter$1
instanceKlass com/fasterxml/jackson/databind/introspect/PotentialCreator
instanceKlass com/google/gson/internal/sql/SqlDateTypeAdapter$1
instanceKlass com/fasterxml/jackson/annotation/JsonCreator
instanceKlass com/fasterxml/jackson/databind/introspect/AnnotatedMethodMap
instanceKlass com/fasterxml/jackson/databind/introspect/AnnotatedMethodCollector$MethodBuilder
instanceKlass com/fasterxml/jackson/databind/introspect/MemberKey
instanceKlass com/google/gson/internal/bind/DefaultDateTypeAdapter$DateType
instanceKlass com/google/gson/internal/sql/SqlTypesSupport
instanceKlass com/fasterxml/jackson/databind/introspect/POJOPropertyBuilder$Linked
instanceKlass com/google/gson/ReflectionAccessFilter
instanceKlass com/google/gson/ExclusionStrategy
instanceKlass com/fasterxml/jackson/databind/AnnotationIntrospector$ReferenceProperty
instanceKlass com/fasterxml/jackson/databind/introspect/POJOPropertyBuilder$WithMember
instanceKlass com/fasterxml/jackson/annotation/JsonIgnore
instanceKlass com/fasterxml/jackson/annotation/JsonAutoDetect$1
instanceKlass com/fasterxml/jackson/annotation/JsonProperty
instanceKlass com/fasterxml/jackson/annotation/JsonGetter
instanceKlass com/fasterxml/jackson/databind/PropertyName
instanceKlass com/google/gson/FormattingStyle
instanceKlass com/fasterxml/jackson/annotation/JsonAnySetter
instanceKlass com/fasterxml/jackson/annotation/JsonAnyGetter
instanceKlass com/fasterxml/jackson/annotation/JsonValue
instanceKlass com/fasterxml/jackson/annotation/JsonKey
instanceKlass com/fasterxml/jackson/databind/introspect/AnnotatedFieldCollector$FieldBuilder
instanceKlass com/fasterxml/jackson/databind/introspect/TypeResolutionContext$Basic
instanceKlass com/fasterxml/jackson/databind/introspect/AnnotationMap
instanceKlass com/google/gson/stream/JsonWriter
instanceKlass com/fasterxml/jackson/databind/introspect/CollectorBase
instanceKlass com/google/gson/ToNumberStrategy
instanceKlass com/fasterxml/jackson/databind/introspect/PotentialCreators
instanceKlass java/util/stream/DoubleStream
instanceKlass com/fasterxml/jackson/databind/util/ArrayIterator
instanceKlass com/fasterxml/jackson/annotation/JsonIdentityInfo
instanceKlass com/fasterxml/jackson/annotation/JsonAutoDetect
instanceKlass com/google/gson/JsonElement
instanceKlass com/fasterxml/jackson/databind/introspect/POJOPropertiesCollector
instanceKlass java/util/stream/ReduceOps$8ReducingSink
instanceKlass java/util/stream/Sink$OfLong
instanceKlass java/util/function/LongConsumer
instanceKlass java/util/function/LongBinaryOperator
instanceKlass com/google/gson/TypeAdapter
instanceKlass com/google/gson/internal/Excluder
instanceKlass java/util/stream/LongStream
instanceKlass com/google/gson/TypeAdapterFactory
instanceKlass com/fasterxml/jackson/databind/util/TokenBuffer$Segment
instanceKlass java/util/TreeMap$TreeMapSpliterator
instanceKlass com/sun/management/internal/GarbageCollectionNotifInfoCompositeData$1
instanceKlass javax/management/openmbean/CompositeDataSupport
instanceKlass javax/management/openmbean/TabularDataSupport
instanceKlass com/sun/management/internal/GcInfoCompositeData$2
instanceKlass com/sun/management/internal/GcInfoCompositeData$1
instanceKlass sun/management/MappedMXBeanType$CompositeDataMXBeanType$2
instanceKlass sun/management/MappedMXBeanType$CompositeDataMXBeanType$1
instanceKlass sun/management/MappedMXBeanType
instanceKlass com/fasterxml/jackson/core/JsonStreamContext
instanceKlass sun/management/LazyCompositeData
instanceKlass com/sun/management/internal/GcInfoBuilder
instanceKlass io/micrometer/core/instrument/FunctionCounter$Builder
instanceKlass io/micrometer/common/util/StringUtils
instanceKlass com/fasterxml/jackson/databind/util/internal/PrivateMaxEntriesMap$EntryIterator
instanceKlass com/fasterxml/jackson/databind/util/TypeKey
instanceKlass com/fasterxml/jackson/databind/ser/impl/ReadOnlyClassToSerializerMap$Bucket
instanceKlass com/fasterxml/jackson/databind/ser/impl/ReadOnlyClassToSerializerMap
instanceKlass org/springframework/boot/origin/JarUri
instanceKlass org/springframework/boot/task/SimpleAsyncTaskSchedulerCustomizer
instanceKlass org/springframework/boot/autoconfigure/task/TaskSchedulingConfigurations
instanceKlass org/springframework/boot/origin/SystemEnvironmentOrigin
instanceKlass org/springframework/boot/actuate/endpoint/SanitizableData
instanceKlass org/springframework/boot/task/ThreadPoolTaskSchedulerCustomizer
instanceKlass com/sun/management/UnixOperatingSystemMXBean
instanceKlass org/springframework/boot/actuate/endpoint/Show$1
instanceKlass org/springframework/boot/actuate/endpoint/OperationArgumentResolver$1
instanceKlass io/micrometer/core/instrument/binder/logging/LogbackMetrics$1
instanceKlass org/springframework/boot/actuate/endpoint/OperationArgumentResolver
instanceKlass org/springframework/boot/actuate/endpoint/SecurityContext$1
instanceKlass org/springframework/boot/actuate/endpoint/InvocationContext
instanceKlass javax/management/remote/rmi/RMIConnectionImpl$7
instanceKlass sun/management/NotificationEmitterSupport$ListenerInfo
instanceKlass io/micrometer/core/instrument/distribution/TimeWindowSum
instanceKlass io/micrometer/core/instrument/binder/jvm/JvmGcMetrics$GcMetricsNotificationListener
instanceKlass java/lang/invoke/SerializedLambda
instanceKlass io/micrometer/core/instrument/binder/jvm/JvmMemory
instanceKlass com/sun/management/GarbageCollectionNotificationInfo
instanceKlass org/springframework/boot/actuate/autoconfigure/metrics/JvmMetricsAutoConfiguration$VirtualThreadMetricsRuntimeHintsRegistrar
instanceKlass javax/management/modelmbean/DescriptorSupport
instanceKlass javax/management/DescriptorAccess
instanceKlass org/springframework/boot/actuate/endpoint/jmx/MBeanInfoFactory
instanceKlass org/springframework/boot/actuate/endpoint/jmx/EndpointMBean
instanceKlass org/springframework/jmx/support/ObjectNameManager
instanceKlass com/sun/jmx/mbeanserver/Repository$ObjectNamePattern
instanceKlass org/springframework/boot/actuate/endpoint/jmx/annotation/DiscoveredJmxOperation$DiscoveredJmxOperationParameter
instanceKlass org/springframework/boot/actuate/endpoint/jmx/JmxOperationParameter
instanceKlass org/springframework/jmx/export/metadata/ManagedOperationParameter
instanceKlass org/springframework/jmx/export/annotation/ManagedOperationParameters
instanceKlass org/springframework/jmx/export/annotation/ManagedOperationParameter
instanceKlass org/springframework/jmx/export/metadata/AbstractJmxAttribute
instanceKlass org/springframework/boot/actuate/endpoint/jmx/annotation/DiscoveredJmxOperation$JmxType
instanceKlass com/fasterxml/jackson/databind/util/internal/PrivateMaxEntriesMap$AddTask
instanceKlass com/fasterxml/jackson/databind/util/internal/PrivateMaxEntriesMap$WeightedValue
instanceKlass java/util/OptionalDouble
instanceKlass java/util/OptionalLong
instanceKlass com/fasterxml/jackson/databind/type/ClassStack
instanceKlass com/fasterxml/jackson/databind/type/TypeBindings$AsKey
instanceKlass com/fasterxml/jackson/databind/type/TypeBindings$TypeParamStash
instanceKlass org/springframework/boot/actuate/endpoint/jmx/JacksonJmxOperationResponseMapper
instanceKlass com/mongodb/client/gridfs/model/GridFSUploadOptions
instanceKlass com/mongodb/client/gridfs/GridFSFindIterable
instanceKlass com/mongodb/client/gridfs/model/GridFSFile
instanceKlass com/mongodb/client/gridfs/GridFSBucket
instanceKlass org/springframework/boot/autoconfigure/mongo/MongoConnectionDetails$GridFs$1
instanceKlass org/springframework/boot/autoconfigure/data/mongo/MongoDatabaseFactoryDependentConfiguration$GridFsMongoDatabaseFactory
instanceKlass org/springframework/data/mongodb/gridfs/GridFsObject
instanceKlass org/springframework/transaction/TransactionExecutionListener
instanceKlass com/google/cloud/vision/v1/AnnotateFileResponseOrBuilder
instanceKlass com/google/cloud/vision/v1/AnnotateImageResponseOrBuilder
instanceKlass com/google/cloud/vision/v1/FeatureOrBuilder
instanceKlass com/google/cloud/vision/v1/ImageContextOrBuilder
instanceKlass com/google/api/core/BetaApi
instanceKlass com/google/api/gax/httpjson/longrunning/OperationsClient
instanceKlass com/google/longrunning/OperationsClient
instanceKlass com/google/api/gax/longrunning/OperationFuture
instanceKlass com/google/api/gax/longrunning/OperationResponsePollAlgorithm
instanceKlass com/google/api/gax/grpc/GrpcLongRunningClient
instanceKlass com/google/cloud/vision/v1/stub/GrpcImageAnnotatorCallableFactory
instanceKlass com/google/cloud/vision/v1/AsyncBatchAnnotateFilesRequestOrBuilder
instanceKlass com/google/cloud/vision/v1/OutputConfigOrBuilder
instanceKlass com/google/cloud/vision/v1/AsyncBatchAnnotateImagesRequestOrBuilder
instanceKlass com/google/cloud/vision/v1/BatchAnnotateFilesResponseOrBuilder
instanceKlass com/google/cloud/vision/v1/BatchAnnotateFilesRequestOrBuilder
instanceKlass com/google/cloud/vision/v1/BatchAnnotateImagesResponseOrBuilder
instanceKlass com/google/cloud/vision/v1/BatchAnnotateImagesRequestOrBuilder
instanceKlass com/google/cloud/vision/v1/AsyncBatchAnnotateFilesResponseOrBuilder
instanceKlass com/google/api/gax/grpc/ProtoOperationTransformers$MetadataTransformer
instanceKlass com/google/cloud/vision/v1/OperationMetadataOrBuilder
instanceKlass com/google/api/gax/grpc/ProtoOperationTransformers$AnyTransformer
instanceKlass com/google/api/gax/grpc/ProtoOperationTransformers$ResponseTransformer
instanceKlass com/google/cloud/vision/v1/AsyncBatchAnnotateImagesResponseOrBuilder
instanceKlass com/google/api/gax/rpc/OperationCallSettings$Builder
instanceKlass com/google/api/gax/rpc/OperationCallSettings
instanceKlass com/google/api/gax/util/TimeConversionUtils
instanceKlass org/threeten/bp/temporal/TemporalField
instanceKlass org/threeten/bp/temporal/TemporalUnit
instanceKlass org/threeten/bp/Duration
instanceKlass org/threeten/bp/temporal/TemporalAmount
instanceKlass com/google/api/core/ApiFunction
instanceKlass com/google/cloud/vision/v1/stub/ImageAnnotatorStub
instanceKlass javax/annotation/Nullable
instanceKlass com/google/cloud/spring/autoconfigure/parametermanager/DefaultParameterManagerClientFactory
instanceKlass com/google/cloud/parametermanager/v1/LocationName
instanceKlass com/google/api/gax/paging/AbstractPagedListResponse
instanceKlass com/google/api/gax/paging/PagedListResponse
instanceKlass com/google/cloud/parametermanager/v1/ParameterVersionName
instanceKlass com/google/cloud/parametermanager/v1/ParameterName
instanceKlass com/google/api/resourcenames/ResourceName
instanceKlass com/google/api/gax/core/BackgroundResourceAggregation
instanceKlass com/google/api/gax/tracing/SpanName
instanceKlass com/google/common/util/concurrent/ListenableScheduledFuture
instanceKlass com/google/common/util/concurrent/ListeningScheduledExecutorService
instanceKlass com/google/common/util/concurrent/ListeningExecutorService
instanceKlass com/google/common/util/concurrent/MoreExecutors
instanceKlass com/google/api/gax/retrying/RetryingFuture
instanceKlass com/google/api/gax/retrying/ScheduledRetryingExecutor
instanceKlass com/google/api/gax/retrying/ExponentialRetryAlgorithm
instanceKlass com/google/api/gax/retrying/BasicResultRetryAlgorithm
instanceKlass com/google/api/gax/retrying/RetryAlgorithm
instanceKlass com/google/api/gax/retrying/RetryingExecutorWithContext
instanceKlass com/google/api/gax/retrying/RetryingExecutor
instanceKlass com/google/api/gax/retrying/ResultRetryAlgorithmWithContext
instanceKlass com/google/api/gax/retrying/ResultRetryAlgorithm
instanceKlass com/google/api/gax/retrying/TimedRetryAlgorithmWithContext
instanceKlass com/google/api/gax/retrying/TimedRetryAlgorithm
instanceKlass com/google/api/gax/rpc/Callables
instanceKlass com/google/api/gax/grpc/GrpcApiExceptionFactory
instanceKlass com/google/api/core/ApiFutureCallback
instanceKlass com/google/api/gax/rpc/RequestUrlParamsEncoder
instanceKlass com/google/api/gax/rpc/RequestParamsEncoder
instanceKlass com/google/api/core/ApiFuture
instanceKlass com/google/api/gax/grpc/GrpcRawCallableFactory
instanceKlass com/google/api/gax/rpc/BidiStreamingCallable
instanceKlass com/google/api/gax/rpc/OperationCallable
instanceKlass com/google/api/gax/rpc/LongRunningClient
instanceKlass com/google/api/gax/rpc/ClientStreamingCallable
instanceKlass com/google/api/gax/rpc/ServerStreamingCallable
instanceKlass com/google/api/gax/rpc/UnaryCallable
instanceKlass com/google/api/gax/grpc/GrpcCallableFactory
instanceKlass com/google/longrunning/stub/GrpcOperationsStub$5
instanceKlass com/google/longrunning/stub/GrpcOperationsStub$4
instanceKlass com/google/longrunning/stub/GrpcOperationsStub$3
instanceKlass com/google/longrunning/stub/GrpcOperationsStub$2
instanceKlass com/google/longrunning/stub/GrpcOperationsStub$1
instanceKlass com/google/api/gax/grpc/GrpcCallSettings$Builder
instanceKlass com/google/api/gax/grpc/GrpcCallSettings
instanceKlass com/google/longrunning/stub/OperationsStubSettings$2
instanceKlass com/google/longrunning/stub/OperationsStubSettings$1
instanceKlass com/google/protobuf/DurationOrBuilder
instanceKlass com/google/longrunning/WaitOperationRequestOrBuilder
instanceKlass com/google/longrunning/DeleteOperationRequestOrBuilder
instanceKlass com/google/longrunning/CancelOperationRequestOrBuilder
instanceKlass com/google/longrunning/ListOperationsResponseOrBuilder
instanceKlass com/google/longrunning/ListOperationsRequestOrBuilder
instanceKlass com/google/rpc/StatusOrBuilder
instanceKlass com/google/longrunning/OperationOrBuilder
instanceKlass com/google/longrunning/GetOperationRequestOrBuilder
instanceKlass com/google/api/gax/rpc/RequestParamsExtractor
instanceKlass com/google/longrunning/stub/OperationsStub
instanceKlass com/google/cloud/parametermanager/v1/stub/GrpcParameterManagerCallableFactory
instanceKlass com/google/api/gax/rpc/ClientContext$Builder
instanceKlass com/google/api/gax/core/ExecutorAsBackgroundResource
instanceKlass com/google/api/gax/rpc/ResponseObserver
instanceKlass com/google/api/gax/rpc/Watchdog
instanceKlass io/grpc/auth/GoogleAuthLibraryCallCredentials$MethodPair
instanceKlass com/google/common/cache/LoadingCache
instanceKlass com/google/common/cache/Cache
instanceKlass com/google/auth/oauth2/ServiceAccountJwtAccessCredentials$Builder
instanceKlass com/google/common/cache/CacheLoader
instanceKlass com/google/auth/oauth2/JwtClaims
instanceKlass com/google/auth/oauth2/AccessToken
instanceKlass io/grpc/auth/GoogleAuthLibraryCallCredentials$JwtHelper
instanceKlass com/google/auth/RequestMetadataCallback
instanceKlass io/grpc/InternalMayRequireSpecificExecutor
instanceKlass io/grpc/CallCredentials
instanceKlass io/grpc/auth/MoreCallCredentials
instanceKlass com/google/api/gax/rpc/internal/ApiCallContextOptions
instanceKlass io/grpc/CallOptions$Builder
instanceKlass io/grpc/CallOptions
instanceKlass com/google/api/gax/grpc/GrpcStatusCode
instanceKlass com/google/api/gax/rpc/StatusCode
instanceKlass com/google/api/gax/grpc/GrpcCallContext
instanceKlass io/grpc/internal/ReflectionLongAdderCounter
instanceKlass io/grpc/internal/LongCounter
instanceKlass io/grpc/internal/LongCounterFactory
instanceKlass io/grpc/internal/CallTracer$1
instanceKlass io/grpc/internal/CallTracer
instanceKlass io/grpc/internal/ManagedChannelImpl$1ChannelCallTracerFactory
instanceKlass io/grpc/internal/ManagedChannelImpl$IdleModeTimer
instanceKlass io/grpc/internal/Rescheduler
instanceKlass io/grpc/ClientInterceptors
instanceKlass io/grpc/internal/DelayedClientTransport$3
instanceKlass io/grpc/internal/DelayedClientTransport$2
instanceKlass io/grpc/internal/DelayedClientTransport$1
instanceKlass io/grpc/internal/DelayedClientTransport$PickerState
instanceKlass io/grpc/LoadBalancer$PickSubchannelArgs
instanceKlass io/grpc/internal/DelayedClientTransport
instanceKlass io/grpc/internal/BackoffPolicyRetryScheduler
instanceKlass io/grpc/internal/FixedObjectPool
instanceKlass com/google/common/base/Ticker
instanceKlass com/google/common/base/Stopwatch
instanceKlass com/sun/jndi/dns/DnsContextFactory
instanceKlass javax/naming/spi/InitialContextFactory
instanceKlass io/grpc/internal/DnsNameResolver$ResourceResolver
instanceKlass io/grpc/internal/JndiResourceResolverFactory$RecordFetcher
instanceKlass io/grpc/internal/JndiResourceResolverFactory
instanceKlass io/grpc/internal/DnsNameResolver$ResourceResolverFactory
instanceKlass io/grpc/internal/DnsNameResolver$AddressResolver
instanceKlass io/grpc/NameResolver$Args$Builder
instanceKlass io/grpc/NameResolver$Args
instanceKlass io/grpc/MetricInstrument
instanceKlass io/grpc/MetricInstrumentRegistry
instanceKlass io/grpc/MetricRecorder$BatchRecorder
instanceKlass io/grpc/internal/MetricRecorderImpl
instanceKlass io/grpc/util/SecretRoundRobinLoadBalancerProvider
instanceKlass com/google/common/base/MoreObjects$ToStringHelper$ValueHolder
instanceKlass com/google/common/base/MoreObjects$ToStringHelper
instanceKlass io/grpc/grpclb/SubchannelPool
instanceKlass io/grpc/LoadBalancerRegistry$LoadBalancerPriorityAccessor
instanceKlass io/grpc/NameResolver$ConfigOrError
instanceKlass io/grpc/LoadBalancerProvider$UnknownConfig
instanceKlass io/grpc/LoadBalancer
instanceKlass io/grpc/LoadBalancer$Factory
instanceKlass io/grpc/LoadBalancerRegistry
instanceKlass io/grpc/internal/AutoConfiguredLoadBalancerFactory
instanceKlass io/grpc/internal/ChannelTracer$2
instanceKlass io/grpc/InternalChannelz$ChannelTrace$Event
instanceKlass io/grpc/InternalChannelz$ChannelTrace$Event$Builder
instanceKlass com/google/common/math/LongMath
instanceKlass io/grpc/internal/ChannelTracer
instanceKlass io/grpc/internal/ManagedChannelImpl$RestrictedScheduledExecutor
instanceKlass io/grpc/internal/CallCredentialsApplyingTransportFactory
instanceKlass io/grpc/internal/ManagedChannelImpl$ExecutorHolder
instanceKlass io/grpc/InternalLogId
instanceKlass io/grpc/internal/ClientStream
instanceKlass io/grpc/internal/Stream
instanceKlass io/grpc/internal/ManagedChannelImpl$ChannelStreamProvider
instanceKlass io/grpc/internal/ClientCallImpl$ClientStreamProvider
instanceKlass io/grpc/internal/ManagedChannelImpl$DelayedTransportListener
instanceKlass io/grpc/Deadline$Ticker
instanceKlass io/grpc/Deadline
instanceKlass io/grpc/internal/RetriableStream$ChannelBufferMeter
instanceKlass io/grpc/internal/ManagedChannelImpl$UncommittedRetriableStreamsRegistry
instanceKlass io/grpc/internal/ConnectivityStateManager
instanceKlass io/grpc/internal/ManagedChannelImpl$3
instanceKlass io/grpc/SynchronizationContext
instanceKlass io/grpc/internal/ManagedChannelImplBuilder$InterceptorFactoryWrapper
instanceKlass io/grpc/internal/BackoffPolicy
instanceKlass io/grpc/internal/ExponentialBackoffPolicy$Provider
instanceKlass io/grpc/internal/ManagedChannelImpl$2
instanceKlass io/grpc/Attributes$Key
instanceKlass io/grpc/internal/ManagedChannelServiceConfig
instanceKlass io/grpc/Status$StatusMessageMarshaller
instanceKlass io/grpc/Status$StatusCodeMarshaller
instanceKlass io/grpc/LoadBalancer$PickDetailsConsumer
instanceKlass io/grpc/InternalConfigSelector
instanceKlass io/grpc/internal/CallTracer$Factory
instanceKlass io/grpc/NameResolver$ServiceConfigParser
instanceKlass io/grpc/MetricRecorder
instanceKlass io/grpc/ChannelLogger
instanceKlass io/grpc/internal/InUseStateAggregator
instanceKlass io/grpc/internal/ManagedClientTransport$Listener
instanceKlass io/grpc/internal/RetryScheduler
instanceKlass io/grpc/NameResolver$Listener2
instanceKlass io/grpc/NameResolver$Listener
instanceKlass io/grpc/LoadBalancer$Helper
instanceKlass io/grpc/LoadBalancer$SubchannelPicker
instanceKlass io/grpc/internal/ManagedChannelImplBuilder$ResolvedNameResolver
instanceKlass io/grpc/netty/shaded/io/grpc/netty/NettyChannelBuilder$LocalSocketPicker
instanceKlass io/grpc/internal/AtomicBackoff
instanceKlass io/grpc/netty/shaded/io/netty/util/concurrent/MultithreadEventExecutorGroup$1
instanceKlass io/grpc/netty/shaded/io/netty/util/concurrent/DefaultEventExecutorChooserFactory$GenericEventExecutorChooser
instanceKlass io/grpc/netty/shaded/io/netty/channel/nio/NioEventLoop$SelectorTuple
instanceKlass io/grpc/netty/shaded/io/netty/channel/nio/NioEventLoop$4
instanceKlass java/nio/channels/SelectionKey
instanceKlass io/grpc/netty/shaded/io/netty/channel/nio/NioEventLoop$3
instanceKlass io/grpc/netty/shaded/io/netty/channel/nio/NioEventLoop$1
instanceKlass io/grpc/netty/shaded/io/netty/util/internal/ThreadExecutorMap$1
instanceKlass io/grpc/netty/shaded/io/netty/channel/DefaultSelectStrategy
instanceKlass io/grpc/netty/shaded/io/netty/channel/SelectStrategy
instanceKlass io/grpc/netty/shaded/io/netty/util/concurrent/SingleThreadEventExecutor$1
instanceKlass io/grpc/netty/shaded/io/netty/util/IntSupplier
instanceKlass io/grpc/netty/shaded/io/netty/channel/ChannelPromise
instanceKlass io/grpc/netty/shaded/io/netty/util/concurrent/ThreadProperties
instanceKlass io/grpc/netty/shaded/io/netty/util/internal/ThreadExecutorMap$3
instanceKlass io/grpc/netty/shaded/io/netty/util/concurrent/GlobalEventExecutor$TaskRunner
instanceKlass io/grpc/netty/shaded/io/netty/util/concurrent/GlobalEventExecutor$1
instanceKlass io/grpc/netty/shaded/io/netty/util/concurrent/PromiseTask$SentinelRunnable
instanceKlass io/grpc/netty/shaded/io/netty/util/internal/PriorityQueueNode
instanceKlass io/grpc/netty/shaded/io/netty/util/concurrent/AbstractScheduledEventExecutor$2
instanceKlass io/grpc/netty/shaded/io/netty/util/concurrent/AbstractScheduledEventExecutor$1
instanceKlass io/grpc/netty/shaded/io/netty/util/concurrent/ScheduledFuture
instanceKlass io/grpc/netty/shaded/io/netty/util/internal/PriorityQueue
instanceKlass io/grpc/netty/shaded/io/netty/util/concurrent/ProgressivePromise
instanceKlass io/grpc/netty/shaded/io/netty/util/concurrent/ProgressiveFuture
instanceKlass io/grpc/netty/shaded/io/netty/util/concurrent/DefaultFutureListeners
instanceKlass io/grpc/netty/shaded/io/netty/util/concurrent/DefaultPromise$CauseHolder
instanceKlass io/grpc/netty/shaded/io/netty/util/concurrent/AbstractFuture
instanceKlass io/grpc/netty/shaded/io/netty/util/concurrent/EventExecutorChooserFactory$EventExecutorChooser
instanceKlass io/grpc/netty/shaded/io/netty/util/concurrent/DefaultEventExecutorChooserFactory
instanceKlass io/grpc/netty/shaded/io/netty/util/concurrent/ThreadPerTaskExecutor
instanceKlass io/grpc/netty/shaded/io/netty/util/concurrent/RejectedExecutionHandlers$1
instanceKlass io/grpc/netty/shaded/io/netty/util/concurrent/RejectedExecutionHandler
instanceKlass io/grpc/netty/shaded/io/netty/util/concurrent/RejectedExecutionHandlers
instanceKlass io/grpc/netty/shaded/io/netty/channel/DefaultSelectStrategyFactory
instanceKlass io/grpc/netty/shaded/io/netty/channel/SelectStrategyFactory
instanceKlass io/grpc/netty/shaded/io/netty/util/concurrent/FutureListener
instanceKlass io/grpc/netty/shaded/io/netty/util/concurrent/Promise
instanceKlass io/grpc/netty/shaded/io/netty/util/concurrent/EventExecutorChooserFactory
instanceKlass io/grpc/netty/shaded/io/netty/util/concurrent/AbstractEventExecutorGroup
instanceKlass io/grpc/netty/shaded/io/grpc/netty/Utils$2
instanceKlass io/grpc/netty/shaded/io/netty/util/concurrent/DefaultThreadFactory
instanceKlass io/grpc/internal/ConnectionClientTransport
instanceKlass io/grpc/internal/ManagedClientTransport
instanceKlass io/grpc/netty/shaded/io/grpc/netty/NettyChannelBuilder$NettyTransportFactory
instanceKlass com/google/common/util/concurrent/ThreadFactoryBuilder$1
instanceKlass com/google/common/util/concurrent/ThreadFactoryBuilder
instanceKlass io/grpc/internal/SharedResourceHolder$Instance
instanceKlass io/grpc/internal/SharedResourceHolder$1
instanceKlass io/grpc/internal/SharedResourceHolder$ScheduledExecutorFactory
instanceKlass io/grpc/internal/SharedResourceHolder
instanceKlass io/grpc/netty/shaded/io/netty/channel/ChannelHandler
instanceKlass io/grpc/netty/shaded/io/grpc/netty/ProtocolNegotiators$ClientTlsProtocolNegotiator
instanceKlass io/grpc/netty/shaded/io/grpc/netty/ProtocolNegotiator$ServerFactory
instanceKlass io/grpc/netty/shaded/io/grpc/netty/ProtocolNegotiator
instanceKlass io/grpc/netty/shaded/io/grpc/netty/ProtocolNegotiators
instanceKlass io/grpc/netty/shaded/io/grpc/netty/NettyChannelBuilder$1
instanceKlass io/grpc/netty/shaded/io/netty/handler/ssl/OpenSslSessionStats
instanceKlass io/grpc/netty/shaded/io/netty/handler/ssl/OpenSslSession
instanceKlass io/grpc/netty/shaded/io/netty/handler/ssl/OpenSslSessionCache
instanceKlass io/grpc/netty/shaded/io/netty/internal/tcnative/SSLSessionCache
instanceKlass io/grpc/netty/shaded/io/netty/handler/ssl/OpenSslX509TrustManagerWrapper$UnsafeTrustManagerWrapper
instanceKlass sun/security/ssl/StatusResponseManager
instanceKlass sun/security/ssl/HelloCookieManager$Builder
instanceKlass io/grpc/netty/shaded/io/netty/handler/ssl/OpenSslX509TrustManagerWrapper$3
instanceKlass io/grpc/netty/shaded/io/netty/handler/ssl/OpenSslX509TrustManagerWrapper$2
instanceKlass io/grpc/netty/shaded/io/netty/handler/ssl/OpenSslX509TrustManagerWrapper$1
instanceKlass io/grpc/netty/shaded/io/netty/handler/ssl/OpenSslX509TrustManagerWrapper$TrustManagerWrapper
instanceKlass io/grpc/netty/shaded/io/netty/handler/ssl/OpenSslX509TrustManagerWrapper
instanceKlass sun/security/validator/TrustStoreUtil
instanceKlass sun/security/x509/NetscapeCertTypeExtension$MapEntry
instanceKlass sun/security/x509/RFC822Name
instanceKlass sun/security/x509/DistributionPoint
instanceKlass java/security/cert/PolicyQualifierInfo
instanceKlass sun/security/x509/DNSName
instanceKlass sun/security/x509/URIName
instanceKlass sun/security/x509/GeneralName
instanceKlass sun/security/x509/AccessDescription
instanceKlass java/security/interfaces/ECPublicKey
instanceKlass sun/security/x509/CertificatePolicyId
instanceKlass sun/security/x509/PolicyInformation
instanceKlass sun/security/provider/JavaKeyStore$TrustedCertEntry
instanceKlass sun/security/action/OpenFileInputStreamAction
instanceKlass java/security/KeyStoreSpi
instanceKlass sun/security/ssl/TrustStoreManager$TrustStoreDescriptor$1
instanceKlass sun/security/util/FilePaths
instanceKlass sun/security/ssl/TrustStoreManager$TrustStoreDescriptor
instanceKlass sun/security/ssl/TrustStoreManager$TrustAnchorManager
instanceKlass sun/security/ssl/TrustStoreManager
instanceKlass javax/net/ssl/TrustManagerFactorySpi
instanceKlass javax/net/ssl/TrustManagerFactory$1
instanceKlass io/grpc/netty/shaded/io/netty/internal/tcnative/CertificateVerifier
instanceKlass io/grpc/netty/shaded/io/netty/handler/ssl/OpenSslSessionContext
instanceKlass io/grpc/netty/shaded/io/netty/handler/ssl/OpenSslKeyMaterial
instanceKlass io/grpc/netty/shaded/io/netty/handler/ssl/OpenSslKeyMaterialProvider
instanceKlass io/grpc/netty/shaded/io/netty/handler/ssl/ReferenceCountedOpenSslContext$DefaultOpenSslEngineMap
instanceKlass java/util/concurrent/atomic/AtomicReferenceFieldUpdater$AtomicReferenceFieldUpdaterImpl$1
instanceKlass java/util/concurrent/atomic/AtomicReferenceFieldUpdater
instanceKlass io/grpc/netty/shaded/io/netty/handler/ssl/OpenSslDefaultApplicationProtocolNegotiator
instanceKlass io/grpc/netty/shaded/io/netty/handler/ssl/ReferenceCountedOpenSslContext$3
instanceKlass io/grpc/netty/shaded/io/netty/handler/ssl/SslContext$1
instanceKlass io/grpc/netty/shaded/io/netty/handler/ssl/SupportedCipherSuiteFilter
instanceKlass io/grpc/netty/shaded/io/netty/handler/codec/http2/Http2SecurityUtil
instanceKlass io/grpc/netty/shaded/io/grpc/netty/GrpcSslContexts$1
instanceKlass javax/security/cert/X509Certificate$1
instanceKlass io/grpc/netty/shaded/io/netty/buffer/PooledSlicedByteBuf$1
instanceKlass io/grpc/netty/shaded/io/netty/buffer/PoolArena$1
instanceKlass io/grpc/netty/shaded/io/netty/buffer/PoolThreadCache$1
instanceKlass io/grpc/netty/shaded/io/netty/buffer/UnsafeByteBufUtil
instanceKlass io/grpc/netty/shaded/io/netty/buffer/HeapByteBufUtil
instanceKlass io/grpc/netty/shaded/io/netty/buffer/AbstractByteBufAllocator$1
instanceKlass io/grpc/netty/shaded/io/netty/buffer/LongLongHashMap
instanceKlass io/grpc/netty/shaded/io/netty/buffer/IntPriorityQueue
instanceKlass io/grpc/netty/shaded/io/netty/buffer/PoolChunk
instanceKlass io/grpc/netty/shaded/io/netty/buffer/PoolChunkMetric
instanceKlass io/grpc/netty/shaded/io/netty/util/internal/shaded/org/jctools/queues/LinkedArrayQueueUtil
instanceKlass io/grpc/netty/shaded/io/netty/util/internal/shaded/org/jctools/queues/MessagePassingQueueUtil
instanceKlass io/grpc/netty/shaded/io/netty/util/internal/shaded/org/jctools/util/UnsafeRefArrayAccess
instanceKlass io/grpc/netty/shaded/io/netty/util/internal/shaded/org/jctools/util/Pow2
instanceKlass io/grpc/netty/shaded/io/netty/util/internal/shaded/org/jctools/util/RangeUtil
instanceKlass io/grpc/netty/shaded/io/netty/util/internal/shaded/org/jctools/util/UnsafeAccess
instanceKlass io/grpc/netty/shaded/io/netty/util/internal/PlatformDependent$Mpsc$1
instanceKlass io/grpc/netty/shaded/io/netty/util/internal/PlatformDependent$Mpsc
instanceKlass io/grpc/netty/shaded/io/netty/util/Recycler$LocalPool
instanceKlass io/grpc/netty/shaded/io/netty/util/internal/shaded/org/jctools/queues/MessagePassingQueue$Consumer
instanceKlass io/grpc/netty/shaded/io/netty/util/Recycler$EnhancedHandle
instanceKlass io/grpc/netty/shaded/io/netty/util/Recycler$Handle
instanceKlass io/grpc/netty/shaded/io/netty/util/internal/ObjectPool$Handle
instanceKlass io/grpc/netty/shaded/io/netty/util/Recycler
instanceKlass io/grpc/netty/shaded/io/netty/util/internal/ObjectPool
instanceKlass io/grpc/netty/shaded/io/netty/buffer/PooledUnsafeDirectByteBuf$1
instanceKlass io/grpc/netty/shaded/io/netty/util/internal/ObjectPool$ObjectCreator
instanceKlass io/grpc/netty/shaded/io/netty/util/internal/ThreadExecutorMap
instanceKlass io/grpc/netty/shaded/io/netty/handler/codec/base64/Base64
instanceKlass io/grpc/netty/shaded/io/netty/handler/ssl/ReferenceCountedOpenSslContext$2
instanceKlass io/grpc/netty/shaded/io/netty/internal/tcnative/CertificateCompressionAlgo
instanceKlass io/grpc/netty/shaded/io/netty/handler/ssl/OpenSslEngineMap
instanceKlass io/grpc/netty/shaded/io/netty/handler/ssl/ApplicationProtocolAccessor
instanceKlass javax/net/ssl/SSLEngine
instanceKlass io/grpc/netty/shaded/io/netty/handler/ssl/OpenSslApplicationProtocolNegotiator
instanceKlass io/grpc/netty/shaded/io/netty/handler/ssl/ApplicationProtocolNegotiator
instanceKlass io/grpc/netty/shaded/io/netty/internal/tcnative/SSLPrivateKeyMethod
instanceKlass io/grpc/netty/shaded/io/netty/buffer/ByteBufUtil$2
instanceKlass io/grpc/netty/shaded/io/netty/buffer/PooledByteBufAllocatorMetric
instanceKlass io/grpc/netty/shaded/io/netty/buffer/PoolChunkList
instanceKlass io/grpc/netty/shaded/io/netty/buffer/PoolChunkListMetric
instanceKlass io/grpc/netty/shaded/io/netty/buffer/PoolSubpage
instanceKlass io/grpc/netty/shaded/io/netty/buffer/PoolSubpageMetric
instanceKlass io/grpc/netty/shaded/io/netty/buffer/PoolThreadCache
instanceKlass io/grpc/netty/shaded/io/netty/buffer/SizeClasses
instanceKlass io/grpc/netty/shaded/io/netty/buffer/PoolArena
instanceKlass io/grpc/netty/shaded/io/netty/buffer/PoolArenaMetric
instanceKlass io/grpc/netty/shaded/io/netty/buffer/SizeClassesMetric
instanceKlass io/grpc/netty/shaded/io/netty/buffer/PooledByteBufAllocator$1
instanceKlass io/grpc/netty/shaded/io/netty/util/internal/UnpaddedInternalThreadLocalMap
instanceKlass io/grpc/netty/shaded/io/netty/util/ByteProcessor
instanceKlass io/grpc/netty/shaded/io/netty/util/concurrent/FastThreadLocal
instanceKlass io/grpc/netty/shaded/io/netty/buffer/ByteBufUtil
instanceKlass io/grpc/netty/shaded/io/netty/handler/ssl/SslContext
instanceKlass io/grpc/netty/shaded/io/netty/util/ResourceLeakDetectorFactory
instanceKlass io/grpc/netty/shaded/io/netty/buffer/UnpooledByteBufAllocator$UnpooledByteBufAllocatorMetric
instanceKlass io/grpc/netty/shaded/io/netty/util/internal/StringUtil
instanceKlass io/grpc/netty/shaded/io/netty/util/ResourceLeak
instanceKlass io/grpc/netty/shaded/io/netty/util/ResourceLeakTracker
instanceKlass io/grpc/netty/shaded/io/netty/util/ResourceLeakDetector
instanceKlass io/grpc/netty/shaded/io/netty/buffer/ByteBufAllocatorMetric
instanceKlass io/grpc/netty/shaded/io/netty/buffer/AbstractByteBufAllocator
instanceKlass io/grpc/netty/shaded/io/netty/buffer/ByteBufAllocatorMetricProvider
instanceKlass io/grpc/netty/shaded/io/netty/buffer/ByteBuf
instanceKlass io/grpc/netty/shaded/io/netty/buffer/ByteBufConvertible
instanceKlass io/grpc/netty/shaded/io/netty/buffer/Unpooled
instanceKlass io/grpc/netty/shaded/io/netty/handler/ssl/CipherSuiteConverter$CachedValue
instanceKlass io/grpc/netty/shaded/io/netty/handler/ssl/CipherSuiteConverter
instanceKlass sun/security/ssl/SSLConfiguration$1
instanceKlass javax/net/ssl/SSLParameters
instanceKlass sun/security/ssl/DTLSRecord
instanceKlass sun/security/ssl/SessionId
instanceKlass java/security/spec/MGF1ParameterSpec
instanceKlass sun/security/ec/ParametersMap$1
instanceKlass sun/security/ec/ed/EdDSAParameters$SHAKE256DigesterFactory
instanceKlass sun/security/ec/point/ProjectivePoint
instanceKlass sun/security/ec/ed/EdDSAParameters$Digester
instanceKlass sun/security/ec/ed/EdDSAParameters$SHA512DigesterFactory
instanceKlass sun/security/ec/point/ExtendedHomogeneousPoint
instanceKlass sun/security/ec/point/AffinePoint
instanceKlass sun/security/util/math/intpoly/IntegerPolynomial$Limb
instanceKlass sun/security/util/math/SmallValue
instanceKlass sun/security/ec/point/MutablePoint
instanceKlass sun/security/ec/point/ImmutablePoint
instanceKlass sun/security/util/math/intpoly/IntegerPolynomial$Element
instanceKlass sun/security/util/math/ImmutableIntegerModuloP
instanceKlass sun/security/util/math/IntegerModuloP
instanceKlass sun/security/util/math/intpoly/IntegerPolynomial
instanceKlass sun/security/ec/ParametersMap
instanceKlass sun/security/ec/ed/EdECOperations
instanceKlass sun/security/ec/ed/EdDSAParameters$DigesterFactory
instanceKlass sun/security/util/math/IntegerFieldModuloP
instanceKlass sun/security/ec/ed/EdDSAParameters
instanceKlass java/security/spec/EdDSAParameterSpec
instanceKlass sun/security/ec/ed/EdDSASignature$MessageAccumulator
instanceKlass javax/crypto/spec/DHParameterSpec
instanceKlass sun/security/ssl/PredefinedDHParameterSpecs$1
instanceKlass sun/security/ssl/PredefinedDHParameterSpecs
instanceKlass javax/net/ssl/ExtendedSSLSession
instanceKlass javax/net/ssl/SSLSession
instanceKlass sun/security/ssl/SSLConfiguration$CustomizedClientSignatureSchemes
instanceKlass javax/crypto/KeyGeneratorSpi
instanceKlass javax/crypto/KeyGenerator
instanceKlass sun/security/ssl/SSLConfiguration
instanceKlass sun/security/ssl/SSLCipher$SSLWriteCipher
instanceKlass sun/security/ssl/KeyUpdate$KeyUpdateProducer
instanceKlass sun/security/ssl/KeyUpdate$KeyUpdateConsumer
instanceKlass sun/security/ssl/KeyUpdate$KeyUpdateKickstartProducer
instanceKlass sun/security/ssl/KeyUpdate
instanceKlass sun/security/ssl/CertificateStatus$CertificateStatusAbsence
instanceKlass sun/security/ssl/HandshakeAbsence
instanceKlass sun/security/ssl/CertificateStatus$CertificateStatusProducer
instanceKlass sun/security/ssl/CertificateStatus$CertificateStatusConsumer
instanceKlass sun/security/ssl/CertificateStatus
instanceKlass sun/security/ssl/Finished$T13FinishedProducer
instanceKlass sun/security/ssl/Finished$T13FinishedConsumer
instanceKlass sun/security/ssl/Finished$T12FinishedProducer
instanceKlass sun/security/ssl/Finished$T12FinishedConsumer
instanceKlass sun/security/ssl/Finished
instanceKlass sun/security/ssl/ClientKeyExchange$ClientKeyExchangeProducer
instanceKlass sun/security/ssl/ClientKeyExchange$ClientKeyExchangeConsumer
instanceKlass sun/security/ssl/ClientKeyExchange
instanceKlass sun/security/ssl/CertificateVerify$T13CertificateVerifyProducer
instanceKlass sun/security/ssl/CertificateVerify$T13CertificateVerifyConsumer
instanceKlass sun/security/ssl/CertificateVerify$T12CertificateVerifyProducer
instanceKlass sun/security/ssl/CertificateVerify$T12CertificateVerifyConsumer
instanceKlass sun/security/ssl/CertificateVerify$T10CertificateVerifyProducer
instanceKlass sun/security/ssl/CertificateVerify$T10CertificateVerifyConsumer
instanceKlass sun/security/ssl/CertificateVerify$S30CertificateVerifyProducer
instanceKlass sun/security/ssl/CertificateVerify$S30CertificateVerifyConsumer
instanceKlass sun/security/ssl/CertificateVerify
instanceKlass sun/security/ssl/ServerHelloDone$ServerHelloDoneProducer
instanceKlass sun/security/ssl/ServerHelloDone$ServerHelloDoneConsumer
instanceKlass sun/security/ssl/ServerHelloDone
instanceKlass sun/security/ssl/CertificateRequest$T13CertificateRequestProducer
instanceKlass sun/security/ssl/CertificateRequest$T13CertificateRequestConsumer
instanceKlass sun/security/ssl/CertificateRequest$T12CertificateRequestProducer
instanceKlass sun/security/ssl/CertificateRequest$T12CertificateRequestConsumer
instanceKlass sun/security/ssl/CertificateRequest$T10CertificateRequestProducer
instanceKlass sun/security/ssl/CertificateRequest$T10CertificateRequestConsumer
instanceKlass sun/security/ssl/CertificateRequest
instanceKlass sun/security/ssl/ServerKeyExchange$ServerKeyExchangeProducer
instanceKlass sun/security/ssl/ServerKeyExchange$ServerKeyExchangeConsumer
instanceKlass sun/security/ssl/ServerKeyExchange
instanceKlass sun/security/ssl/CertificateMessage$T13CertificateProducer
instanceKlass sun/security/ssl/CertificateMessage$T13CertificateConsumer
instanceKlass sun/security/ssl/CertificateMessage$T12CertificateProducer
instanceKlass sun/security/ssl/CertificateMessage$T12CertificateConsumer
instanceKlass sun/security/ssl/CertificateMessage
instanceKlass sun/security/ssl/EncryptedExtensions$EncryptedExtensionsConsumer
instanceKlass sun/security/ssl/EncryptedExtensions$EncryptedExtensionsProducer
instanceKlass sun/security/ssl/EncryptedExtensions
instanceKlass sun/security/ssl/NewSessionTicket$T12NewSessionTicketProducer
instanceKlass sun/security/ssl/NewSessionTicket$T13NewSessionTicketProducer
instanceKlass sun/security/ssl/NewSessionTicket$T12NewSessionTicketConsumer
instanceKlass sun/security/ssl/NewSessionTicket$T13NewSessionTicketConsumer
instanceKlass sun/security/ssl/NewSessionTicket
instanceKlass sun/security/ssl/HelloVerifyRequest$HelloVerifyRequestProducer
instanceKlass sun/security/ssl/HelloVerifyRequest$HelloVerifyRequestConsumer
instanceKlass sun/security/ssl/HelloVerifyRequest
instanceKlass sun/security/ssl/ServerHello$T13HelloRetryRequestConsumer
instanceKlass sun/security/ssl/ServerHello$T13ServerHelloConsumer
instanceKlass sun/security/ssl/ServerHello$T12ServerHelloConsumer
instanceKlass sun/security/ssl/ServerHello$T13HelloRetryRequestReproducer
instanceKlass sun/security/ssl/ServerHello$T13HelloRetryRequestProducer
instanceKlass sun/security/ssl/ServerHello$T13ServerHelloProducer
instanceKlass sun/security/ssl/ServerHello$T12ServerHelloProducer
instanceKlass sun/security/ssl/ServerHello$ServerHelloConsumer
instanceKlass sun/security/ssl/ServerHello
instanceKlass sun/security/ssl/ClientHello$D13ClientHelloConsumer
instanceKlass sun/security/ssl/ClientHello$D12ClientHelloConsumer
instanceKlass sun/security/ssl/ClientHello$T13ClientHelloConsumer
instanceKlass sun/security/ssl/ClientHello$T12ClientHelloConsumer
instanceKlass sun/security/ssl/HandshakeConsumer
instanceKlass sun/security/ssl/ClientHello$ClientHelloProducer
instanceKlass sun/security/ssl/ClientHello$ClientHelloConsumer
instanceKlass sun/security/ssl/ClientHello$ClientHelloKickstartProducer
instanceKlass sun/security/ssl/ClientHello
instanceKlass sun/security/ssl/HelloRequest$HelloRequestProducer
instanceKlass sun/security/ssl/HelloRequest$HelloRequestConsumer
instanceKlass sun/security/ssl/HelloRequest$HelloRequestKickstartProducer
instanceKlass sun/security/ssl/SSLProducer
instanceKlass sun/security/ssl/HelloRequest
instanceKlass sun/security/ssl/HandshakeProducer
instanceKlass sun/security/ssl/SSLConsumer
instanceKlass sun/security/ssl/Authenticator$MacImpl
instanceKlass sun/security/ssl/Authenticator$MAC
instanceKlass sun/security/ssl/Authenticator
instanceKlass sun/security/ssl/SSLCipher$SSLReadCipher
instanceKlass sun/security/ssl/InputRecord
instanceKlass sun/security/ssl/SSLRecord
instanceKlass sun/security/ssl/Record
instanceKlass sun/security/ssl/TransportContext
instanceKlass sun/security/ssl/ConnectionContext
instanceKlass sun/security/ssl/HandshakeHash$CacheOnlyHash
instanceKlass sun/security/ssl/HandshakeHash$TranscriptHash
instanceKlass sun/security/ssl/HandshakeHash
instanceKlass sun/security/ssl/SSLTransport
instanceKlass javax/net/ssl/X509ExtendedTrustManager
instanceKlass javax/net/ssl/X509TrustManager
instanceKlass javax/net/ssl/X509ExtendedKeyManager
instanceKlass javax/net/ssl/X509KeyManager
instanceKlass javax/net/ssl/KeyManager
instanceKlass javax/net/ssl/TrustManager
instanceKlass sun/security/ssl/SSLSessionContextImpl
instanceKlass javax/net/ssl/SSLSessionContext
instanceKlass sun/security/ssl/EphemeralKeyManager$EphemeralKeyPair
instanceKlass sun/security/ssl/EphemeralKeyManager
instanceKlass sun/security/ssl/SSLContextImpl$CustomizedSSLProtocols
instanceKlass java/security/spec/NamedParameterSpec
instanceKlass sun/security/util/ECKeySizeParameterSpec
instanceKlass java/security/AlgorithmParametersSpi
instanceKlass java/security/AlgorithmParameters
instanceKlass sun/security/util/ECUtil
instanceKlass sun/security/ec/point/Point
instanceKlass java/security/KeyPairGeneratorSpi
instanceKlass javax/crypto/KeyAgreement
instanceKlass sun/security/ssl/JsseJce$EcAvailability
instanceKlass sun/security/ssl/SSLAlgorithmDecomposer$1
instanceKlass sun/security/ssl/Utilities
instanceKlass sun/security/ssl/JsseJce
instanceKlass sun/security/ssl/NamedGroup$XDHScheme
instanceKlass sun/security/ssl/NamedGroup$FFDHEScheme
instanceKlass sun/security/ssl/NamedGroup$ECDHEScheme
instanceKlass sun/security/ssl/NamedGroup$NamedGroupScheme
instanceKlass sun/security/ssl/SSLCipher$1
instanceKlass sun/security/ssl/SSLCipher$T13CC20P1305WriteCipherGenerator
instanceKlass sun/security/ssl/SSLCipher$T12CC20P1305WriteCipherGenerator
instanceKlass sun/security/ssl/SSLCipher$T13CC20P1305ReadCipherGenerator
instanceKlass sun/security/ssl/SSLCipher$T12CC20P1305ReadCipherGenerator
instanceKlass sun/security/ssl/SSLCipher$T13GcmWriteCipherGenerator
instanceKlass sun/security/ssl/SSLCipher$T13GcmReadCipherGenerator
instanceKlass sun/security/ssl/SSLCipher$T12GcmWriteCipherGenerator
instanceKlass sun/security/ssl/SSLCipher$T12GcmReadCipherGenerator
instanceKlass com/sun/crypto/provider/AESConstants
instanceKlass javax/crypto/JceSecurityManager$1
instanceKlass sun/security/ssl/SSLCipher$T11BlockWriteCipherGenerator
instanceKlass sun/security/ssl/SSLCipher$T11BlockReadCipherGenerator
instanceKlass com/sun/crypto/provider/PKCS5Padding
instanceKlass com/sun/crypto/provider/Padding
instanceKlass com/sun/crypto/provider/FeedbackCipher
instanceKlass com/sun/crypto/provider/SymmetricCipher
instanceKlass com/sun/crypto/provider/DESConstants
instanceKlass com/sun/crypto/provider/CipherCore
instanceKlass sun/security/ssl/SSLCipher$T10BlockWriteCipherGenerator
instanceKlass sun/security/ssl/SSLCipher$T10BlockReadCipherGenerator
instanceKlass javax/crypto/CipherSpi
instanceKlass javax/crypto/ProviderVerifier
instanceKlass javax/crypto/JceSecurity$3
instanceKlass javax/crypto/JceSecurity$2
instanceKlass java/util/Vector$1
instanceKlass javax/crypto/CryptoPolicyParser$CryptoPermissionEntry
instanceKlass javax/crypto/CryptoPolicyParser$GrantEntry
instanceKlass java/io/StreamTokenizer
instanceKlass javax/crypto/CryptoPolicyParser
instanceKlass java/nio/file/Files$1
instanceKlass sun/nio/fs/WindowsFileSystem$2
instanceKlass java/nio/file/PathMatcher
instanceKlass sun/nio/fs/Globs
instanceKlass sun/nio/fs/WindowsFileSystemProvider$1
instanceKlass javax/crypto/JceSecurity$1
instanceKlass javax/crypto/JceSecurity
instanceKlass javax/crypto/Cipher$Transform
instanceKlass javax/crypto/Cipher
instanceKlass sun/security/ssl/SSLCipher$StreamWriteCipherGenerator
instanceKlass sun/security/ssl/SSLCipher$StreamReadCipherGenerator
instanceKlass sun/security/ssl/SSLCipher$NullWriteCipherGenerator
instanceKlass sun/security/ssl/SSLCipher$WriteCipherGenerator
instanceKlass sun/security/ssl/SSLCipher$NullReadCipherGenerator
instanceKlass sun/security/ssl/SSLCipher$ReadCipherGenerator
instanceKlass sun/security/ssl/SSLAlgorithmConstraints
instanceKlass sun/security/ssl/SSLLogger
instanceKlass javax/net/ssl/SSLContextSpi
instanceKlass javax/net/ssl/SSLContext
instanceKlass io/grpc/netty/shaded/io/netty/handler/ssl/SslUtils
instanceKlass io/grpc/netty/shaded/io/netty/handler/ssl/SslProvider$1
instanceKlass io/grpc/netty/shaded/io/netty/handler/ssl/GroupsConverter
instanceKlass io/grpc/netty/shaded/io/netty/internal/tcnative/SSLSession
instanceKlass io/grpc/netty/shaded/io/netty/internal/tcnative/AsyncSSLPrivateKeyMethod
instanceKlass io/grpc/netty/shaded/io/netty/internal/tcnative/SSL
instanceKlass io/grpc/netty/shaded/io/netty/internal/tcnative/NativeStaticallyReferencedJniMethods
instanceKlass io/grpc/netty/shaded/io/netty/internal/tcnative/Buffer
instanceKlass io/grpc/netty/shaded/io/netty/internal/tcnative/ResultCallback
instanceKlass io/grpc/netty/shaded/io/netty/internal/tcnative/SSLTask$1
instanceKlass io/grpc/netty/shaded/io/netty/internal/tcnative/SSLTask$TaskCallback
instanceKlass io/grpc/netty/shaded/io/netty/internal/tcnative/AsyncTask
instanceKlass io/grpc/netty/shaded/io/netty/internal/tcnative/CertificateCallback
instanceKlass io/grpc/netty/shaded/io/netty/internal/tcnative/SSLTask
instanceKlass io/grpc/netty/shaded/io/netty/internal/tcnative/Library
instanceKlass java/io/FileOutputStream$1
instanceKlass sun/nio/fs/WindowsChannelFactory$2
instanceKlass io/grpc/netty/shaded/io/netty/util/internal/ThrowableUtil
instanceKlass io/grpc/netty/shaded/io/netty/util/internal/NativeLibraryLoader$1
instanceKlass io/grpc/netty/shaded/io/netty/util/internal/NativeLibraryUtil
instanceKlass io/grpc/netty/shaded/io/netty/util/CharsetUtil
instanceKlass io/grpc/netty/shaded/io/netty/util/internal/NativeLibraryLoader
instanceKlass javax/security/cert/Certificate
instanceKlass io/grpc/netty/shaded/io/netty/util/internal/EmptyArrays
instanceKlass io/grpc/netty/shaded/io/netty/internal/tcnative/SSLContext
instanceKlass io/grpc/netty/shaded/io/netty/handler/ssl/PemEncoded
instanceKlass io/grpc/netty/shaded/io/netty/handler/ssl/OpenSsl
instanceKlass java/security/KeyStore$1
instanceKlass java/security/KeyStore
instanceKlass io/grpc/netty/shaded/io/netty/handler/ssl/IdentityCipherSuiteFilter
instanceKlass javax/net/ssl/TrustManagerFactory
instanceKlass javax/net/ssl/KeyManagerFactory
instanceKlass io/grpc/netty/shaded/io/netty/handler/ssl/SslContextBuilder
instanceKlass io/grpc/netty/shaded/io/netty/handler/ssl/ApplicationProtocolUtil
instanceKlass io/grpc/netty/shaded/io/netty/handler/ssl/ApplicationProtocolConfig
instanceKlass io/grpc/netty/shaded/io/netty/handler/ssl/CipherSuiteFilter
instanceKlass io/grpc/netty/shaded/io/grpc/netty/GrpcSslContexts
instanceKlass com/google/api/gax/logging/LoggerProvider
instanceKlass com/google/api/gax/grpc/GrpcLoggingInterceptor
instanceKlass com/google/api/gax/grpc/GrpcChannelUUIDInterceptor
instanceKlass io/grpc/ConfiguratorRegistry
instanceKlass io/grpc/InternalConfiguratorRegistry
instanceKlass io/grpc/InternalChannelz
instanceKlass io/grpc/googleapis/GoogleCloudToProdNameResolver$BootstrapSetter
instanceKlass io/grpc/grpclb/SecretGrpclbNameResolverProvider
instanceKlass io/grpc/NameResolverRegistry$NameResolverPriorityAccessor
instanceKlass io/grpc/InternalServiceProviders
instanceKlass io/grpc/NameResolver
instanceKlass io/grpc/NameResolverRegistry
instanceKlass io/grpc/netty/shaded/io/grpc/netty/NettyChannelBuilder$NettyChannelDefaultPortProvider
instanceKlass io/grpc/netty/shaded/io/grpc/netty/NettyChannelBuilder$NettyChannelTransportFactoryBuilder
instanceKlass io/grpc/CompressorRegistry
instanceKlass io/grpc/Codec$Identity
instanceKlass io/grpc/DecompressorRegistry$DecompressorInfo
instanceKlass io/grpc/Codec$Gzip
instanceKlass io/grpc/Codec
instanceKlass io/grpc/Compressor
instanceKlass com/google/common/base/Joiner
instanceKlass io/grpc/Decompressor
instanceKlass io/grpc/DecompressorRegistry
instanceKlass io/grpc/internal/BackoffPolicy$Provider
instanceKlass io/grpc/NameResolver$Factory
instanceKlass io/grpc/netty/shaded/io/grpc/netty/NettyChannelBuilder$DefaultProtocolNegotiator
instanceKlass io/grpc/internal/InstantTimeProvider
instanceKlass io/grpc/internal/TimeProviderResolverFactory
instanceKlass io/grpc/internal/TimeProvider
instanceKlass io/grpc/internal/TransportTracer$Factory
instanceKlass io/grpc/internal/TransportTracer
instanceKlass io/grpc/internal/SharedResourcePool
instanceKlass io/grpc/netty/shaded/io/netty/channel/socket/SocketChannelConfig
instanceKlass io/grpc/netty/shaded/io/netty/channel/socket/DuplexChannelConfig
instanceKlass io/grpc/netty/shaded/io/netty/channel/ChannelConfig
instanceKlass io/grpc/netty/shaded/io/netty/util/concurrent/GenericFutureListener
instanceKlass io/grpc/netty/shaded/io/netty/channel/nio/AbstractNioChannel$NioUnsafe
instanceKlass io/grpc/netty/shaded/io/netty/channel/AbstractChannel$AbstractUnsafe
instanceKlass io/grpc/netty/shaded/io/netty/channel/EventLoop
instanceKlass io/grpc/netty/shaded/io/netty/util/concurrent/OrderedEventExecutor
instanceKlass io/grpc/netty/shaded/io/netty/util/concurrent/EventExecutor
instanceKlass io/grpc/netty/shaded/io/netty/channel/ChannelPipeline
instanceKlass io/grpc/netty/shaded/io/netty/channel/ChannelInboundInvoker
instanceKlass io/grpc/netty/shaded/io/netty/channel/ChannelId
instanceKlass io/grpc/netty/shaded/io/netty/channel/Channel$Unsafe
instanceKlass io/grpc/netty/shaded/io/netty/channel/ChannelFuture
instanceKlass io/grpc/netty/shaded/io/netty/util/concurrent/Future
instanceKlass io/grpc/netty/shaded/io/netty/util/Attribute
instanceKlass io/grpc/netty/shaded/io/netty/channel/ReflectiveChannelFactory
instanceKlass io/grpc/internal/ManagedChannelImplBuilder$ClientTransportFactoryBuilder
instanceKlass io/grpc/internal/ManagedChannelImplBuilder$ChannelBuilderDefaultPortProvider
instanceKlass io/grpc/netty/shaded/io/grpc/netty/ProtocolNegotiator$ClientFactory
instanceKlass io/grpc/internal/ClientTransportFactory
instanceKlass io/grpc/ManagedChannelRegistry$1
instanceKlass io/grpc/ServiceProviders$1
instanceKlass io/grpc/netty/shaded/io/netty/util/DefaultAttributeMap
instanceKlass io/grpc/netty/shaded/io/netty/channel/socket/SocketChannel
instanceKlass io/grpc/netty/shaded/io/netty/channel/socket/DuplexChannel
instanceKlass io/grpc/netty/shaded/io/netty/channel/ServerChannel
instanceKlass io/grpc/netty/shaded/io/netty/channel/Channel
instanceKlass io/grpc/netty/shaded/io/netty/channel/ChannelOutboundInvoker
instanceKlass io/grpc/netty/shaded/io/netty/util/AttributeMap
instanceKlass io/grpc/netty/shaded/io/grpc/netty/Utils$1
instanceKlass io/grpc/netty/shaded/io/netty/channel/DefaultAddressedEnvelope
instanceKlass io/grpc/netty/shaded/io/netty/channel/AddressedEnvelope
instanceKlass io/grpc/netty/shaded/io/netty/buffer/ByteBufHolder
instanceKlass java/util/concurrent/atomic/AtomicIntegerFieldUpdater$AtomicIntegerFieldUpdaterImpl$1
instanceKlass java/util/concurrent/atomic/AtomicIntegerFieldUpdater
instanceKlass io/grpc/netty/shaded/io/netty/util/internal/ReferenceCountUpdater
instanceKlass io/grpc/netty/shaded/io/netty/util/internal/ClassInitializerUtil
instanceKlass io/grpc/netty/shaded/io/netty/channel/epoll/NativeDatagramPacketArray$NativeDatagramPacket
instanceKlass io/grpc/netty/shaded/io/netty/util/AbstractReferenceCounted
instanceKlass io/grpc/netty/shaded/io/netty/channel/FileRegion
instanceKlass io/grpc/netty/shaded/io/netty/util/ReferenceCounted
instanceKlass io/grpc/netty/shaded/io/netty/channel/unix/PeerCredentials
instanceKlass java/nio/BufferMismatch
instanceKlass java/nio/channels/spi/AbstractInterruptibleChannel$1
instanceKlass sun/nio/ch/Interruptible
instanceKlass sun/nio/ch/SelChImpl
instanceKlass sun/nio/ch/UnixDomainSocketsUtil
instanceKlass sun/nio/ch/UnixDomainSockets
instanceKlass sun/nio/ch/PipeImpl$Initializer$LoopbackConnector
instanceKlass sun/nio/ch/PipeImpl$Initializer
instanceKlass java/nio/channels/Pipe
instanceKlass sun/nio/ch/WEPoll
instanceKlass sun/nio/ch/Util$2
instanceKlass sun/nio/ch/DefaultSelectorProvider
instanceKlass java/nio/channels/spi/SelectorProvider$Holder
instanceKlass java/nio/channels/spi/SelectorProvider
instanceKlass java/nio/channels/Selector
instanceKlass io/grpc/netty/shaded/io/netty/channel/epoll/Native
instanceKlass io/grpc/netty/shaded/io/netty/channel/epoll/Epoll
instanceKlass io/grpc/netty/shaded/io/netty/util/NettyRuntime$AvailableProcessorsHolder
instanceKlass io/grpc/netty/shaded/io/netty/util/NettyRuntime
instanceKlass io/grpc/netty/shaded/io/netty/channel/EventLoopGroup
instanceKlass io/grpc/netty/shaded/io/netty/util/concurrent/EventExecutorGroup
instanceKlass io/grpc/netty/shaded/io/grpc/netty/Utils$DefaultEventLoopGroupResource
instanceKlass io/grpc/internal/GrpcUtil$5
instanceKlass io/grpc/internal/GrpcUtil$4
instanceKlass io/grpc/internal/GrpcUtil$3
instanceKlass io/grpc/CallOptions$Key
instanceKlass io/grpc/internal/GrpcUtil$1
instanceKlass io/grpc/internal/ProxyDetectorImpl$2
instanceKlass io/grpc/internal/ProxyDetectorImpl$1
instanceKlass io/grpc/internal/ProxyDetectorImpl$AuthenticationProvider
instanceKlass io/grpc/internal/ProxyDetectorImpl
instanceKlass com/google/common/base/AbstractIterator
instanceKlass com/google/common/base/Splitter$1
instanceKlass com/google/common/base/CharMatcher
instanceKlass com/google/common/base/Predicate
instanceKlass com/google/common/base/Splitter$Strategy
instanceKlass com/google/common/base/Splitter
instanceKlass io/grpc/InternalMetadata
instanceKlass io/grpc/internal/GrpcUtil$AcceptEncodingMarshaller
instanceKlass io/grpc/internal/GrpcUtil$TimeoutMarshaller
instanceKlass io/grpc/Status
instanceKlass com/google/common/base/Supplier
instanceKlass io/grpc/StreamTracer
instanceKlass io/grpc/ProxyDetector
instanceKlass io/grpc/InternalMetadata$TrustedAsciiMarshaller
instanceKlass io/grpc/Metadata$TrustedAsciiMarshaller
instanceKlass io/grpc/internal/ClientTransport
instanceKlass io/grpc/InternalInstrumented
instanceKlass io/grpc/InternalWithLogId
instanceKlass io/grpc/internal/GrpcUtil
instanceKlass io/grpc/netty/shaded/io/netty/util/AsciiString$2
instanceKlass io/grpc/netty/shaded/io/netty/util/AsciiString$1
instanceKlass io/grpc/netty/shaded/io/netty/util/internal/PlatformDependent$4
instanceKlass io/grpc/netty/shaded/io/netty/util/internal/CleanerJava9$1
instanceKlass io/grpc/netty/shaded/io/netty/util/internal/CleanerJava9
instanceKlass io/grpc/netty/shaded/io/netty/util/internal/PlatformDependent$2
instanceKlass io/grpc/netty/shaded/io/netty/util/internal/PlatformDependent$1
instanceKlass io/grpc/netty/shaded/io/netty/util/internal/PlatformDependent0$9
instanceKlass io/grpc/netty/shaded/io/netty/util/internal/PlatformDependent0$7
instanceKlass io/grpc/netty/shaded/io/netty/util/internal/PlatformDependent0$6
instanceKlass io/grpc/netty/shaded/io/netty/util/internal/PlatformDependent0$5
instanceKlass io/grpc/netty/shaded/io/netty/util/internal/PlatformDependent0$4
instanceKlass io/grpc/netty/shaded/io/netty/util/internal/PlatformDependent0$3
instanceKlass io/grpc/netty/shaded/io/netty/util/internal/PlatformDependent0$2
instanceKlass io/grpc/netty/shaded/io/netty/util/internal/ReflectionUtil
instanceKlass sun/misc/Unsafe
instanceKlass io/grpc/netty/shaded/io/netty/util/internal/PlatformDependent0$1
instanceKlass io/grpc/netty/shaded/io/netty/util/internal/SystemPropertyUtil
instanceKlass io/grpc/netty/shaded/io/netty/util/internal/PlatformDependent0
instanceKlass io/grpc/netty/shaded/io/netty/util/internal/ObjectUtil
instanceKlass io/grpc/netty/shaded/io/netty/util/internal/logging/Slf4JLoggerFactory$NopInstanceHolder
instanceKlass io/grpc/netty/shaded/io/netty/util/internal/logging/AbstractInternalLogger
instanceKlass io/grpc/netty/shaded/io/netty/util/internal/logging/InternalLogger
instanceKlass io/grpc/netty/shaded/io/netty/util/internal/logging/InternalLoggerFactory
instanceKlass io/grpc/netty/shaded/io/netty/util/internal/shaded/org/jctools/queues/SupportsIterator
instanceKlass io/grpc/netty/shaded/io/netty/util/internal/shaded/org/jctools/queues/QueueProgressIndicators
instanceKlass io/grpc/netty/shaded/io/netty/util/internal/shaded/org/jctools/queues/IndexedQueueSizeUtil$IndexedQueue
instanceKlass io/grpc/netty/shaded/io/netty/util/internal/shaded/org/jctools/queues/MessagePassingQueue
instanceKlass io/grpc/netty/shaded/io/netty/util/internal/LongCounter
instanceKlass io/grpc/netty/shaded/io/netty/util/internal/PlatformDependent$ThreadLocalRandomProvider
instanceKlass io/grpc/netty/shaded/io/netty/util/internal/Cleaner
instanceKlass io/grpc/netty/shaded/io/netty/util/internal/PlatformDependent
instanceKlass io/grpc/netty/shaded/io/netty/util/internal/MathUtil
instanceKlass io/grpc/netty/shaded/io/netty/util/AsciiString$CharEqualityComparator
instanceKlass io/grpc/netty/shaded/io/netty/util/HashingStrategy
instanceKlass io/grpc/netty/shaded/io/netty/util/AsciiString
instanceKlass io/grpc/internal/SharedResourceHolder$Resource
instanceKlass io/grpc/netty/shaded/io/netty/buffer/ByteBufAllocator
instanceKlass io/grpc/netty/shaded/io/netty/channel/ChannelFactory
instanceKlass io/grpc/netty/shaded/io/netty/bootstrap/ChannelFactory
instanceKlass io/grpc/netty/shaded/io/netty/handler/codec/http2/Http2Headers
instanceKlass io/grpc/netty/shaded/io/netty/handler/codec/Headers
instanceKlass io/grpc/netty/shaded/io/grpc/netty/Utils
instanceKlass io/grpc/internal/ObjectPool
instanceKlass io/grpc/ServiceProviders
instanceKlass io/grpc/ManagedChannelRegistry$ManagedChannelPriorityAccessor
instanceKlass io/grpc/ServiceProviders$PriorityAccessor
instanceKlass io/grpc/ManagedChannelRegistry
instanceKlass io/grpc/ManagedChannelProvider
instanceKlass io/grpc/ManagedChannelBuilder
instanceKlass com/google/api/gax/grpc/GrpcMetadataHandlerInterceptor
instanceKlass io/grpc/Metadata$Key
instanceKlass io/grpc/Metadata$2
instanceKlass io/grpc/Metadata$1
instanceKlass io/grpc/Metadata$AsciiMarshaller
instanceKlass io/grpc/Metadata
instanceKlass io/grpc/ClientCall
instanceKlass com/google/api/gax/grpc/GrpcHeaderInterceptor
instanceKlass io/grpc/ClientInterceptor
instanceKlass com/google/api/gax/grpc/ChannelPool$Entry
instanceKlass com/google/api/gax/grpc/ChannelFactory
instanceKlass com/google/api/gax/grpc/GrpcTransportChannel$Builder
instanceKlass com/google/api/gax/rpc/FixedHeaderProvider
instanceKlass com/google/common/collect/SortedMapDifference
instanceKlass com/google/common/collect/MapDifference
instanceKlass com/google/common/base/Converter
instanceKlass com/google/common/base/Function
instanceKlass com/google/common/collect/Maps$EntryTransformer
instanceKlass com/google/common/collect/Maps
instanceKlass com/google/api/client/util/Strings
instanceKlass com/google/api/gax/rpc/ClientContext
instanceKlass com/google/cloud/location/LocationOrBuilder
instanceKlass com/google/cloud/location/GetLocationRequestOrBuilder
instanceKlass com/google/cloud/location/ListLocationsResponseOrBuilder
instanceKlass com/google/cloud/location/ListLocationsRequestOrBuilder
instanceKlass com/google/cloud/parametermanager/v1/DeleteParameterVersionRequestOrBuilder
instanceKlass com/google/cloud/parametermanager/v1/UpdateParameterVersionRequestOrBuilder
instanceKlass com/google/cloud/parametermanager/v1/CreateParameterVersionRequestOrBuilder
instanceKlass com/google/protobuf/ByteString$2
instanceKlass com/google/protobuf/ByteString$ArraysByteArrayCopier
instanceKlass com/google/protobuf/Android
instanceKlass com/google/protobuf/ByteString$ByteIterator
instanceKlass com/google/protobuf/ByteString$ByteArrayCopier
instanceKlass com/google/cloud/parametermanager/v1/RenderParameterVersionResponseOrBuilder
instanceKlass com/google/cloud/parametermanager/v1/RenderParameterVersionRequestOrBuilder
instanceKlass com/google/cloud/parametermanager/v1/ParameterVersionPayloadOrBuilder
instanceKlass com/google/cloud/parametermanager/v1/ParameterVersionOrBuilder
instanceKlass com/google/cloud/parametermanager/v1/GetParameterVersionRequestOrBuilder
instanceKlass com/google/cloud/parametermanager/v1/ListParameterVersionsResponseOrBuilder
instanceKlass com/google/cloud/parametermanager/v1/ListParameterVersionsRequestOrBuilder
instanceKlass com/google/protobuf/EmptyOrBuilder
instanceKlass com/google/cloud/parametermanager/v1/DeleteParameterRequestOrBuilder
instanceKlass com/google/protobuf/FieldMaskOrBuilder
instanceKlass com/google/cloud/parametermanager/v1/UpdateParameterRequestOrBuilder
instanceKlass com/google/cloud/parametermanager/v1/CreateParameterRequestOrBuilder
instanceKlass com/google/protobuf/TimestampOrBuilder
instanceKlass com/google/iam/v1/ResourcePolicyMemberOrBuilder
instanceKlass com/google/cloud/parametermanager/v1/ParameterOrBuilder
instanceKlass com/google/cloud/parametermanager/v1/GetParameterRequestOrBuilder
instanceKlass com/google/protobuf/LazyStringList
instanceKlass com/google/protobuf/ProtocolStringList
instanceKlass com/google/cloud/parametermanager/v1/ListParametersResponseOrBuilder
instanceKlass io/grpc/KnownLength
instanceKlass io/grpc/Drainable
instanceKlass io/grpc/protobuf/lite/ProtoLiteUtils$MessageMarshaller
instanceKlass io/grpc/MethodDescriptor$PrototypeMarshaller
instanceKlass io/grpc/MethodDescriptor$ReflectableMarshaller
instanceKlass io/grpc/Metadata$BinaryMarshaller
instanceKlass io/grpc/MethodDescriptor$Marshaller
instanceKlass io/grpc/protobuf/lite/ProtoLiteUtils
instanceKlass io/grpc/protobuf/ProtoUtils
instanceKlass com/google/protobuf/LazyFieldLite
instanceKlass com/google/protobuf/FieldSet
instanceKlass com/google/protobuf/ExtensionRegistry$ExtensionInfo
instanceKlass com/google/protobuf/ExtensionLite
instanceKlass com/google/protobuf/ExtensionRegistryFactory
instanceKlass com/google/protobuf/CodedInputStream
instanceKlass com/google/protobuf/Internal
instanceKlass com/google/protobuf/ProtocolMessageEnum
instanceKlass com/google/protobuf/Internal$EnumLite
instanceKlass com/google/protobuf/FieldInfo
instanceKlass com/google/protobuf/DescriptorMessageInfoFactory$OneofState
instanceKlass com/google/protobuf/Descriptors$GenericDescriptor
instanceKlass com/google/protobuf/DescriptorMessageInfoFactory$IsInitializedCheckAnalyzer
instanceKlass com/google/protobuf/MessageInfo
instanceKlass com/google/protobuf/Internal$EnumVerifier
instanceKlass com/google/protobuf/DescriptorMessageInfoFactory
instanceKlass com/google/protobuf/GeneratedMessageInfoFactory
instanceKlass com/google/protobuf/ManifestSchemaFactory$CompositeMessageInfoFactory
instanceKlass com/google/protobuf/ManifestSchemaFactory$1
instanceKlass com/google/protobuf/MessageInfoFactory
instanceKlass com/google/protobuf/Schema
instanceKlass com/google/protobuf/ManifestSchemaFactory
instanceKlass com/google/protobuf/SchemaFactory
instanceKlass com/google/protobuf/Protobuf
instanceKlass com/google/protobuf/ExtensionRegistryLite
instanceKlass com/google/protobuf/AbstractParser
instanceKlass com/google/protobuf/UnknownFieldSet
instanceKlass com/google/protobuf/Parser
instanceKlass com/google/protobuf/GeneratedMessageV3$BuilderParent
instanceKlass com/google/protobuf/AbstractMessage$BuilderParent
instanceKlass com/google/protobuf/GeneratedMessage$FieldAccessorTable
instanceKlass com/google/protobuf/AbstractMessageLite$Builder
instanceKlass com/google/protobuf/Message$Builder
instanceKlass com/google/protobuf/GeneratedMessage$ExtendableMessage$ExtensionSerializer
instanceKlass com/google/protobuf/FieldSet$FieldDescriptorLite
instanceKlass com/google/protobuf/Internal$DoubleList
instanceKlass com/google/protobuf/Internal$BooleanList
instanceKlass com/google/protobuf/Internal$IntList
instanceKlass com/google/protobuf/Internal$FloatList
instanceKlass com/google/protobuf/Internal$LongList
instanceKlass com/google/protobuf/Internal$ProtobufList
instanceKlass com/google/protobuf/MutabilityOracle
instanceKlass com/google/protobuf/MapFieldReflectionAccessor
instanceKlass com/google/protobuf/Reader
instanceKlass com/google/protobuf/GeneratedMessage$ExtensionDescriptorRetriever
instanceKlass com/google/protobuf/MessageLite$Builder
instanceKlass com/google/protobuf/GeneratedMessage$ExtendableMessageOrBuilder
instanceKlass com/google/cloud/parametermanager/v1/ListParametersRequestOrBuilder
instanceKlass io/grpc/MethodDescriptor$Builder
instanceKlass io/grpc/MethodDescriptor
instanceKlass com/google/api/gax/grpc/GrpcStubCallableFactory
instanceKlass com/google/api/gax/rpc/ApiCallContext
instanceKlass com/google/api/gax/retrying/RetryingContext
instanceKlass com/google/api/gax/grpc/GrpcTransportChannel
instanceKlass com/google/cloud/spring/core/UserAgentHeaderProvider
instanceKlass com/google/api/gax/grpc/GaxGrpcProperties
instanceKlass com/google/protobuf/RuntimeVersion
instanceKlass com/google/protobuf/AbstractMessageLite
instanceKlass com/google/protobuf/Message
instanceKlass com/google/protobuf/MessageLite
instanceKlass com/google/protobuf/AnyOrBuilder
instanceKlass com/google/protobuf/MessageOrBuilder
instanceKlass com/google/protobuf/MessageLiteOrBuilder
instanceKlass com/google/api/gax/core/GaxProperties
instanceKlass com/google/api/gax/rpc/ApiClientHeaderProvider$Builder
instanceKlass com/google/api/gax/rpc/ApiClientHeaderProvider
instanceKlass com/google/api/gax/grpc/ChannelPoolSettings$Builder
instanceKlass com/google/api/gax/grpc/ChannelPoolSettings
instanceKlass com/google/auth/oauth2/SecureSessionAgent$Builder
instanceKlass com/google/auth/oauth2/SecureSessionAgent
instanceKlass com/google/api/gax/grpc/InstantiatingGrpcChannelProvider$Builder
instanceKlass com/google/api/gax/rpc/TransportChannel
instanceKlass com/google/api/gax/grpc/InstantiatingGrpcChannelProvider
instanceKlass com/google/common/collect/Sets
instanceKlass com/google/api/gax/rpc/UnaryCallSettings$Builder
instanceKlass com/google/api/gax/rpc/UnaryCallSettings
instanceKlass com/google/auth/mtls/SecureConnectProvider$DefaultProcessProvider
instanceKlass com/google/auth/mtls/SecureConnectProvider$ProcessProvider
instanceKlass com/google/auth/mtls/SecureConnectProvider
instanceKlass com/google/common/base/CommonPattern
instanceKlass com/google/common/base/Platform$JdkPatternCompiler
instanceKlass com/google/common/base/PatternCompiler
instanceKlass com/google/common/base/Platform
instanceKlass com/google/common/base/Strings
instanceKlass com/google/auth/mtls/X509Provider
instanceKlass com/google/auth/mtls/MtlsProvider
instanceKlass com/google/auth/mtls/DefaultMtlsProviderFactory
instanceKlass com/google/api/gax/rpc/mtls/CertificateBasedAccess
instanceKlass com/google/api/gax/rpc/internal/EnvironmentProvider
instanceKlass com/google/api/gax/rpc/EndpointContext$Builder
instanceKlass com/google/api/gax/rpc/EndpointContext
instanceKlass com/google/api/gax/tracing/BaseApiTracerFactory
instanceKlass com/google/api/gax/rpc/InstantiatingWatchdogProvider
instanceKlass com/google/api/gax/rpc/WatchdogProvider
instanceKlass com/google/api/core/NanoClock
instanceKlass com/google/api/core/ApiClock
instanceKlass com/google/api/gax/rpc/NoHeaderProvider
instanceKlass com/google/api/gax/core/NoCredentialsProvider
instanceKlass com/google/api/gax/core/InstantiatingExecutorProvider$Builder
instanceKlass com/google/api/gax/core/InstantiatingExecutorProvider$1
instanceKlass com/google/api/gax/core/InstantiatingExecutorProvider
instanceKlass com/google/common/primitives/IntsMethodsForWeb
instanceKlass com/google/common/collect/CollectPreconditions
instanceKlass com/google/common/collect/Lists
instanceKlass com/google/common/collect/ImmutableMap$Builder
instanceKlass com/google/api/gax/tracing/ApiTracerFactory
instanceKlass com/google/api/gax/core/ExecutorProvider
instanceKlass com/google/cloud/parametermanager/v1/stub/ParameterManagerStubSettings$6
instanceKlass com/google/cloud/parametermanager/v1/stub/ParameterManagerStubSettings$5
instanceKlass com/google/cloud/parametermanager/v1/stub/ParameterManagerStubSettings$4
instanceKlass com/google/cloud/parametermanager/v1/stub/ParameterManagerStubSettings$3
instanceKlass com/google/cloud/parametermanager/v1/stub/ParameterManagerStubSettings$2
instanceKlass com/google/cloud/parametermanager/v1/stub/ParameterManagerStubSettings$1
instanceKlass com/google/api/gax/rpc/PagedListResponseFactory
instanceKlass com/google/api/gax/rpc/PagedListDescriptor
instanceKlass com/google/cloud/parametermanager/v1/stub/ParameterManagerStub
instanceKlass com/google/api/gax/rpc/TransportChannelProvider
instanceKlass com/google/api/gax/rpc/StubSettings
instanceKlass com/google/api/gax/rpc/StubSettings$Builder
instanceKlass com/google/api/gax/rpc/ClientSettings$Builder
instanceKlass com/google/api/gax/rpc/ClientSettings
instanceKlass com/google/cloud/spring/core/DefaultGcpEnvironmentProvider
instanceKlass io/opencensus/trace/Status
instanceKlass io/opencensus/trace/EndSpanOptions$Builder
instanceKlass io/opencensus/trace/EndSpanOptions
instanceKlass sun/net/www/http/HttpCapture$1
instanceKlass sun/net/www/http/HttpCapture
instanceKlass sun/net/www/http/KeepAliveKey
instanceKlass sun/net/NetworkClient$1
instanceKlass sun/net/NetworkClient
instanceKlass sun/net/www/protocol/http/HttpURLConnection$7
instanceKlass io/opencensus/trace/MessageEvent$Builder
instanceKlass io/grpc/PersistentHashArrayMappedTrie$Leaf
instanceKlass io/opencensus/trace/CurrentSpanUtils$ScopeInSpan
instanceKlass com/google/api/client/util/ArrayMap$Entry
instanceKlass com/google/api/client/util/DataMap$Entry
instanceKlass com/google/api/client/http/javanet/NetHttpRequest$DefaultOutputWriter
instanceKlass com/google/api/client/http/javanet/NetHttpRequest$OutputWriter
instanceKlass java/net/ResponseCache
instanceKlass sun/net/www/protocol/http/HttpURLConnection$3
instanceKlass java/net/CookieHandler
instanceKlass sun/net/www/protocol/http/HttpURLConnection$2
instanceKlass sun/net/util/ProxyUtil
instanceKlass io/opencensus/trace/AttributeValue
instanceKlass com/google/api/client/util/ArrayMap$EntryIterator
instanceKlass com/google/api/client/util/DataMap$EntryIterator
instanceKlass com/google/api/client/util/GenericData$EntryIterator
instanceKlass io/opencensus/trace/SpanId
instanceKlass io/opencensus/trace/TraceId
instanceKlass io/opencensus/trace/SpanContext
instanceKlass io/opencensus/trace/BaseMessageEvent
instanceKlass io/grpc/PersistentHashArrayMappedTrie$Node
instanceKlass io/grpc/PersistentHashArrayMappedTrie
instanceKlass io/grpc/Context$Key
instanceKlass io/opencensus/trace/unsafe/ContextUtils
instanceKlass io/opencensus/trace/unsafe/ContextHandleImpl
instanceKlass io/grpc/Context$Storage
instanceKlass io/grpc/Context$LazyStorage
instanceKlass io/grpc/Context
instanceKlass io/opencensus/trace/ContextHandle
instanceKlass io/opencensus/trace/unsafe/ContextManagerImpl
instanceKlass io/opencensus/trace/ContextManager
instanceKlass io/opencensus/trace/unsafe/ContextHandleUtils
instanceKlass io/opencensus/common/Scope
instanceKlass io/opencensus/common/NonThrowingCloseable
instanceKlass io/opencensus/trace/CurrentSpanUtils
instanceKlass com/google/api/client/http/HttpMediaType
instanceKlass io/opencensus/trace/Tracestate$Builder
instanceKlass io/opencensus/trace/Tracestate
instanceKlass io/opencensus/trace/TraceOptions$Builder
instanceKlass io/opencensus/trace/TraceOptions
instanceKlass io/opencensus/trace/propagation/TextFormat
instanceKlass io/opencensus/contrib/http/util/HttpPropagationUtil
instanceKlass io/opencensus/trace/SpanBuilder
instanceKlass io/opencensus/trace/Span
instanceKlass io/opencensus/trace/Tracer
instanceKlass io/opencensus/internal/Utils
instanceKlass io/opencensus/trace/export/SampledSpanStore$PerSpanNameSummary
instanceKlass io/opencensus/trace/export/SampledSpanStore
instanceKlass io/opencensus/trace/export/ExportComponent
instanceKlass io/opencensus/common/Clock
instanceKlass io/opencensus/trace/TraceComponent
instanceKlass io/opencensus/trace/Tracing
instanceKlass io/opencensus/trace/propagation/TextFormat$Setter
instanceKlass com/google/api/client/http/OpenCensusUtils
instanceKlass com/google/api/client/util/Sleeper$1
instanceKlass com/google/api/client/util/Sleeper
instanceKlass com/google/common/base/ExtraObjectsMethodsForWeb
instanceKlass com/google/api/client/util/Objects
instanceKlass com/google/api/client/http/HttpHeaders$ParseHeaderState
instanceKlass com/google/api/client/http/LowLevelHttpResponse
instanceKlass com/google/common/base/Ascii
instanceKlass com/google/api/client/http/HttpRequest
instanceKlass com/google/api/client/http/HttpRequestFactory
instanceKlass com/google/api/client/util/escape/CharEscapers
instanceKlass java/net/spi/URLStreamHandlerProvider
instanceKlass java/net/URL$1
instanceKlass java/net/URL$2
instanceKlass com/google/api/client/util/escape/Escaper
instanceKlass com/google/cloud/PlatformInformation
instanceKlass com/google/api/gax/retrying/RetrySettings$Builder
instanceKlass com/google/api/gax/retrying/RetrySettings
instanceKlass com/google/cloud/ServiceOptions
instanceKlass com/google/cloud/spring/core/DefaultGcpProjectIdProvider
instanceKlass com/google/common/collect/ImmutableCollection$Builder
instanceKlass com/google/common/collect/Hashing
instanceKlass com/google/common/collect/Platform
instanceKlass com/google/common/base/MoreObjects
instanceKlass com/google/common/collect/PeekingIterator
instanceKlass com/google/common/collect/Iterators
instanceKlass com/google/common/collect/Iterables
instanceKlass com/google/common/collect/ImmutableSet$SetBuilderImpl
instanceKlass com/google/api/client/util/Clock$1
instanceKlass com/google/api/client/util/Clock
instanceKlass com/google/api/client/util/SecurityUtils
instanceKlass com/google/common/math/IntMath$1
instanceKlass com/google/common/math/MathPreconditions
instanceKlass com/google/common/math/IntMath
instanceKlass com/google/common/io/BaseEncoding$Alphabet
instanceKlass com/google/common/io/ByteSource
instanceKlass com/google/common/io/ByteSink
instanceKlass com/google/common/io/BaseEncoding
instanceKlass com/google/api/client/util/Base64
instanceKlass com/google/api/client/util/PemReader$Section
instanceKlass com/google/api/client/util/PemReader
instanceKlass com/google/auth/oauth2/LoggerProvider
instanceKlass com/google/auth/Retryable
instanceKlass com/google/api/client/http/HttpIOExceptionHandler
instanceKlass com/google/api/client/http/HttpUnsuccessfulResponseHandler
instanceKlass com/google/api/client/util/BackOff
instanceKlass com/google/api/client/http/HttpContent
instanceKlass com/google/api/client/util/StreamingContent
instanceKlass com/google/api/client/util/Key
instanceKlass com/google/api/client/util/FieldInfo
instanceKlass com/google/api/client/util/ClassInfo$1
instanceKlass com/google/api/client/util/ClassInfo
instanceKlass com/google/api/client/util/Types
instanceKlass com/google/api/client/json/JsonParser$1
instanceKlass com/google/api/client/util/DateTime
instanceKlass java/math/MathContext
instanceKlass com/google/api/client/util/Data
instanceKlass com/google/api/client/json/gson/GsonParser$1
instanceKlass com/google/gson/internal/JsonReaderInternalAccess
instanceKlass com/google/gson/stream/JsonReader
instanceKlass com/google/api/client/util/Sets
instanceKlass com/google/api/client/json/JsonObjectParser$Builder
instanceKlass com/google/api/client/json/JsonObjectParser
instanceKlass com/google/api/client/util/ObjectParser
instanceKlass com/google/common/base/Preconditions
instanceKlass com/google/api/client/util/Preconditions
instanceKlass com/google/api/client/json/gson/GsonFactory$InstanceHolder
instanceKlass com/google/api/client/json/JsonParser
instanceKlass com/google/api/client/json/JsonGenerator
instanceKlass com/google/auth/oauth2/OAuth2Utils$DefaultHttpTransportFactory
instanceKlass com/google/api/client/http/javanet/DefaultConnectionFactory
instanceKlass com/google/api/client/http/javanet/ConnectionFactory
instanceKlass com/google/api/client/http/LowLevelHttpRequest
instanceKlass com/google/api/client/json/JsonFactory
instanceKlass com/google/auth/http/HttpTransportFactory
instanceKlass com/google/api/client/http/HttpTransport
instanceKlass com/google/auth/oauth2/OAuth2Utils
instanceKlass com/google/auth/oauth2/DefaultCredentialsProvider
instanceKlass com/google/common/collect/AbstractMapEntry
instanceKlass com/google/common/collect/BiMap
instanceKlass com/google/common/collect/ImmutableMap
instanceKlass com/google/auth/oauth2/OAuth2Credentials$Builder
instanceKlass com/google/common/util/concurrent/ListenableFuture
instanceKlass com/google/common/util/concurrent/FutureCallback
instanceKlass com/google/common/collect/ObjectArrays
instanceKlass com/google/common/collect/UnmodifiableIterator
instanceKlass com/google/api/gax/core/GoogleCredentialsProvider$Builder
instanceKlass com/google/auth/oauth2/IdTokenProvider
instanceKlass com/google/auth/ServiceAccountSigner
instanceKlass com/google/auth/oauth2/JwtProvider
instanceKlass com/google/api/gax/core/GoogleCredentialsProvider
instanceKlass com/google/auth/oauth2/QuotaProjectIdProvider
instanceKlass com/google/auth/Credentials
instanceKlass com/google/cloud/spring/core/DefaultCredentialsProvider
instanceKlass org/springframework/web/servlet/handler/HandlerExceptionResolverComposite
instanceKlass org/springframework/web/util/DisconnectedClientHelper
instanceKlass org/springframework/web/util/UriComponentsBuilder
instanceKlass org/springframework/web/util/UriBuilder
instanceKlass org/springframework/web/servlet/function/ServerResponse
instanceKlass org/springframework/web/servlet/function/ServerResponse$Context
instanceKlass org/springframework/web/servlet/mvc/method/annotation/ViewNameMethodReturnValueHandler
instanceKlass org/springframework/web/servlet/mvc/method/annotation/AsyncTaskMethodReturnValueHandler
instanceKlass org/springframework/util/concurrent/ListenableFutureCallback
instanceKlass org/springframework/web/servlet/mvc/method/annotation/DeferredResultMethodReturnValueHandler
instanceKlass org/springframework/web/servlet/mvc/method/annotation/CallableMethodReturnValueHandler
instanceKlass org/springframework/web/servlet/mvc/method/annotation/HttpHeadersReturnValueHandler
instanceKlass org/springframework/web/servlet/mvc/method/annotation/ResponseEntityReturnValueHandler
instanceKlass org/springframework/web/servlet/mvc/method/annotation/StreamingResponseBodyReturnValueHandler
instanceKlass org/springframework/web/servlet/mvc/method/annotation/ViewMethodReturnValueHandler
instanceKlass org/springframework/web/servlet/mvc/method/annotation/ModelAndViewMethodReturnValueHandler
instanceKlass org/springframework/web/servlet/mvc/method/annotation/ResponseBodyEmitter
instanceKlass org/springframework/web/servlet/mvc/method/annotation/ReactiveTypeHandler
instanceKlass org/thymeleaf/TemplateSpec
instanceKlass org/springframework/boot/autoconfigure/thymeleaf/TemplateEngineConfigurations
instanceKlass org/thymeleaf/templateresolver/TemplateResolution
instanceKlass org/thymeleaf/util/PatternSpec
instanceKlass org/thymeleaf/templateresource/ITemplateResource
instanceKlass org/thymeleaf/cache/ICacheEntryValidity
instanceKlass org/springframework/boot/autoconfigure/template/TemplateLocation
instanceKlass org/thymeleaf/DialectConfiguration
instanceKlass org/thymeleaf/templateparser/markup/decoupled/StandardDecoupledTemplateLogicResolver
instanceKlass org/thymeleaf/linkbuilder/AbstractLinkBuilder
instanceKlass org/thymeleaf/messageresolver/AbstractMessageResolver
instanceKlass org/thymeleaf/context/IEngineContext
instanceKlass org/thymeleaf/context/ITemplateContext
instanceKlass org/thymeleaf/context/IExpressionContext
instanceKlass org/thymeleaf/context/IContext
instanceKlass org/thymeleaf/context/StandardEngineContextFactory
instanceKlass org/thymeleaf/cache/StandardParsedTemplateEntryValidator
instanceKlass org/thymeleaf/cache/ICacheEntryValidityChecker
instanceKlass org/thymeleaf/cache/ICache
instanceKlass org/thymeleaf/cache/AbstractCacheManager
instanceKlass org/thymeleaf/util/ClassLoaderUtils
instanceKlass org/thymeleaf/util/Validate
instanceKlass org/thymeleaf/util/VersionUtils$VersionSpec
instanceKlass org/thymeleaf/util/VersionUtils
instanceKlass org/springframework/core/SpringVersion
instanceKlass org/thymeleaf/spring6/util/SpringVersionUtils
instanceKlass org/thymeleaf/spring6/util/SpringReactiveModelAdditionsUtils
instanceKlass org/thymeleaf/standard/expression/IStandardExpressionParser
instanceKlass org/thymeleaf/standard/expression/IStandardConversionService
instanceKlass org/thymeleaf/expression/IExpressionObjectFactory
instanceKlass org/thymeleaf/standard/serializer/IStandardCSSSerializer
instanceKlass org/thymeleaf/standard/serializer/IStandardJavaScriptSerializer
instanceKlass org/thymeleaf/standard/expression/IStandardVariableExpressionEvaluator
instanceKlass org/thymeleaf/dialect/AbstractDialect
instanceKlass org/thymeleaf/dialect/IProcessorDialect
instanceKlass org/thymeleaf/dialect/IExpressionObjectDialect
instanceKlass org/thymeleaf/dialect/IExecutionAttributeDialect
instanceKlass org/thymeleaf/IThrottledTemplateProcessor
instanceKlass org/thymeleaf/IEngineConfiguration
instanceKlass org/thymeleaf/templateparser/markup/decoupled/IDecoupledTemplateLogicResolver
instanceKlass org/thymeleaf/linkbuilder/ILinkBuilder
instanceKlass org/thymeleaf/messageresolver/IMessageResolver
instanceKlass org/thymeleaf/context/IEngineContextFactory
instanceKlass org/thymeleaf/cache/ICacheManager
instanceKlass org/thymeleaf/dialect/IDialect
instanceKlass org/springframework/core/NestedExceptionUtils
instanceKlass org/springframework/web/servlet/view/ContentNegotiatingViewResolver$1
instanceKlass org/springframework/web/servlet/view/AbstractCachingViewResolver$CacheFilter
instanceKlass org/springframework/web/servlet/view/AbstractCachingViewResolver$1
instanceKlass org/springframework/web/servlet/SmartView
instanceKlass org/springframework/web/servlet/view/ViewResolverComposite
instanceKlass org/springframework/web/servlet/config/annotation/UrlBasedViewResolverRegistration
instanceKlass org/springframework/web/servlet/mvc/method/annotation/ResponseBodyEmitter$Handler
instanceKlass org/springframework/web/servlet/mvc/method/annotation/ResponseBodyEmitterReturnValueHandler
instanceKlass org/springframework/web/servlet/mvc/method/annotation/PrincipalMethodArgumentResolver
instanceKlass org/springframework/web/servlet/mvc/method/annotation/UriComponentsBuilderMethodArgumentResolver
instanceKlass org/springframework/web/method/annotation/SessionStatusMethodArgumentResolver
instanceKlass org/springframework/web/method/annotation/ErrorsMethodArgumentResolver
instanceKlass org/springframework/web/method/annotation/MapMethodProcessor
instanceKlass org/springframework/web/method/annotation/ModelMethodProcessor
instanceKlass org/springframework/web/servlet/mvc/support/RedirectAttributes
instanceKlass org/springframework/web/servlet/mvc/method/annotation/RedirectAttributesMethodArgumentResolver
instanceKlass org/springframework/web/servlet/mvc/method/annotation/ServletResponseMethodArgumentResolver
instanceKlass org/springframework/web/servlet/mvc/method/annotation/ServletRequestMethodArgumentResolver
instanceKlass org/springframework/web/method/annotation/RequestHeaderMapMethodArgumentResolver
instanceKlass org/springframework/web/servlet/mvc/method/annotation/RequestResponseBodyAdviceChain
instanceKlass org/springframework/core/io/support/ResourceRegion
instanceKlass org/springframework/core/ParameterizedTypeReference
instanceKlass org/springframework/web/servlet/mvc/method/annotation/AbstractMessageConverterMethodArgumentResolver
instanceKlass org/springframework/validation/DataBinder
instanceKlass org/springframework/web/servlet/mvc/method/annotation/MatrixVariableMapMethodArgumentResolver
instanceKlass org/springframework/web/servlet/mvc/method/annotation/PathVariableMapMethodArgumentResolver
instanceKlass org/springframework/web/method/annotation/RequestParamMapMethodArgumentResolver
instanceKlass org/springframework/web/method/annotation/AbstractNamedValueMethodArgumentResolver$NamedValueInfo
instanceKlass org/springframework/web/method/annotation/AbstractNamedValueMethodArgumentResolver
instanceKlass org/springframework/web/bind/annotation/ControllerAdvice
instanceKlass org/springframework/validation/method/MethodValidator
instanceKlass org/springframework/web/method/support/HandlerMethodReturnValueHandlerComposite
instanceKlass org/springframework/web/method/support/HandlerMethodArgumentResolverComposite
instanceKlass org/springframework/web/method/ControllerAdviceBean
instanceKlass org/springframework/web/method/annotation/SessionAttributesHandler
instanceKlass org/springframework/web/method/annotation/ModelFactory
instanceKlass org/springframework/web/servlet/mvc/method/annotation/AbstractMappingJacksonResponseBodyAdvice
instanceKlass org/springframework/web/servlet/mvc/method/annotation/ResponseBodyAdvice
instanceKlass org/springframework/web/servlet/mvc/method/annotation/RequestBodyAdviceAdapter
instanceKlass org/springframework/web/servlet/mvc/method/annotation/RequestBodyAdvice
instanceKlass org/springframework/data/domain/AbstractPageRequest
instanceKlass org/springframework/web/method/support/ModelAndViewContainer
instanceKlass org/springframework/data/web/SortDefault
instanceKlass org/springframework/data/web/SortDefault$SortDefaults
instanceKlass org/springframework/security/web/method/annotation/CsrfTokenArgumentResolver
instanceKlass org/springframework/security/core/annotation/CurrentSecurityContext
instanceKlass org/springframework/security/web/method/annotation/CurrentSecurityContextArgumentResolver
instanceKlass org/springframework/security/web/bind/support/AuthenticationPrincipalArgumentResolver
instanceKlass org/springframework/security/core/annotation/AbstractSecurityAnnotationScanner
instanceKlass org/springframework/security/core/annotation/SecurityAnnotationScanner
instanceKlass org/springframework/security/core/annotation/SecurityAnnotationScanners
instanceKlass org/springframework/security/core/annotation/AuthenticationPrincipal
instanceKlass org/springframework/security/web/method/annotation/AuthenticationPrincipalArgumentResolver
instanceKlass org/springframework/web/bind/support/DefaultSessionAttributeStore
instanceKlass org/springframework/core/ReactiveAdapter
instanceKlass org/springframework/core/ReactiveAdapterRegistry
instanceKlass org/springframework/web/context/request/async/DeferredResultProcessingInterceptor
instanceKlass org/springframework/util/ConcurrencyThrottleSupport
instanceKlass org/springframework/web/bind/support/DefaultDataBinderFactory
instanceKlass org/springframework/web/bind/support/WebDataBinderFactory
instanceKlass org/springframework/web/bind/support/SessionAttributeStore
instanceKlass org/springframework/web/servlet/config/annotation/WebMvcConfigurationSupport$NoOpValidator
instanceKlass org/springframework/web/servlet/view/DefaultRequestToViewNameTranslator
instanceKlass org/springframework/web/servlet/support/AbstractFlashMapManager
instanceKlass org/springframework/web/servlet/theme/AbstractThemeResolver
instanceKlass org/springframework/web/servlet/i18n/AbstractLocaleResolver
instanceKlass org/springframework/validation/method/MethodValidationResult
instanceKlass org/springframework/boot/autoconfigure/web/servlet/error/ErrorMvcAutoConfiguration$StaticView
instanceKlass org/springframework/aop/interceptor/AsyncUncaughtExceptionHandler
instanceKlass org/springframework/boot/autoconfigure/task/TaskExecutorConfigurations$AsyncConfigurerConfiguration$1
instanceKlass org/springframework/boot/task/SimpleAsyncTaskExecutorCustomizer
instanceKlass org/springframework/data/auditing/DefaultAuditableBeanWrapperFactory
instanceKlass org/springframework/data/mapping/context/PersistentEntities
instanceKlass org/springframework/security/web/servlet/support/csrf/CsrfRequestDataValueProcessor
instanceKlass org/springframework/security/web/debug/DebugFilter
instanceKlass org/springframework/web/filter/CompositeFilter
instanceKlass org/springframework/security/web/ObservationFilterChainDecorator
instanceKlass org/springframework/security/config/annotation/web/builders/WebSecurityFilterChainValidator
instanceKlass org/springframework/security/web/firewall/ObservationMarkingRequestRejectedHandler
instanceKlass org/springframework/security/web/firewall/CompositeRequestRejectedHandler
instanceKlass org/springframework/security/web/FilterChainProxy$VirtualFilterChainDecorator
instanceKlass org/springframework/security/web/firewall/HttpStatusRequestRejectedHandler
instanceKlass org/springframework/security/web/firewall/StrictHttpFirewall
instanceKlass org/springframework/security/web/FilterChainProxy$NullFilterChainValidator
instanceKlass org/springframework/security/web/access/RequestMatcherDelegatingWebInvocationPrivilegeEvaluator
instanceKlass org/springframework/security/web/access/AuthorizationManagerWebInvocationPrivilegeEvaluator
instanceKlass org/springframework/beans/factory/support/BeanDefinitionValueResolver$KeyedArgName
instanceKlass org/springframework/security/config/annotation/web/configuration/WebSecurityCustomizer
instanceKlass org/springframework/security/web/access/intercept/AuthorizationFilter$NoopAuthorizationEventPublisher
instanceKlass org/springframework/security/authorization/method/ThrowingMethodAuthorizationDeniedHandler
instanceKlass org/springframework/security/authorization/AuthorizationObservationConvention
instanceKlass org/springframework/security/authorization/ObservationAuthorizationManager
instanceKlass org/springframework/security/authorization/method/MethodAuthorizationDeniedHandler
instanceKlass org/springframework/security/web/authentication/logout/CompositeLogoutHandler
instanceKlass org/springframework/security/web/authentication/logout/LogoutSuccessEventPublishingLogoutHandler
instanceKlass org/springframework/security/web/servletapi/HttpServlet3RequestFactory
instanceKlass org/springframework/security/web/util/ThrowableCauseExtractor
instanceKlass org/springframework/security/web/util/ThrowableAnalyzer
instanceKlass org/springframework/security/web/csrf/CsrfAuthenticationStrategy
instanceKlass org/springframework/security/web/csrf/CsrfLogoutHandler
instanceKlass org/springframework/security/web/access/CompositeAccessDeniedHandler
instanceKlass org/springframework/security/web/access/ObservationMarkingAccessDeniedHandler
instanceKlass org/springframework/security/web/csrf/CsrfTokenRequestAttributeHandler
instanceKlass org/springframework/security/web/access/AccessDeniedHandlerImpl
instanceKlass org/springframework/security/authentication/AuthenticationObservationConvention
instanceKlass org/springframework/security/authentication/ObservationAuthenticationManager
instanceKlass org/springframework/security/config/annotation/web/configuration/ObservationConfiguration$2
instanceKlass org/springframework/security/web/util/RedirectUrlBuilder
instanceKlass org/springframework/security/config/annotation/web/configurers/PermitAllSupport$ExactUrlRequestMatcher
instanceKlass org/springframework/security/config/annotation/web/configurers/PermitAllSupport
instanceKlass org/springframework/security/authentication/AnonymousAuthenticationProvider
instanceKlass org/springframework/security/web/util/matcher/AndRequestMatcher
instanceKlass org/springframework/security/web/util/matcher/MediaTypeRequestMatcher
instanceKlass org/springframework/security/web/util/matcher/RequestHeaderRequestMatcher
instanceKlass org/springframework/security/web/util/matcher/NegatedRequestMatcher
instanceKlass org/springframework/security/web/authentication/session/CompositeSessionAuthenticationStrategy
instanceKlass org/springframework/security/web/context/DelegatingSecurityContextRepository
instanceKlass org/springframework/security/web/util/UrlUtils
instanceKlass org/springframework/security/web/authentication/LoginUrlAuthenticationEntryPoint
instanceKlass org/springframework/security/web/context/RequestAttributeSecurityContextRepository
instanceKlass org/springframework/security/web/authentication/SimpleUrlAuthenticationFailureHandler
instanceKlass org/springframework/security/web/PortMapperImpl
instanceKlass org/springframework/security/web/PortMapper
instanceKlass org/springframework/security/web/PortResolverImpl
instanceKlass org/springframework/security/web/PortResolver
instanceKlass org/springframework/security/web/savedrequest/HttpSessionRequestCache
instanceKlass org/springframework/security/web/DefaultRedirectStrategy
instanceKlass org/springframework/security/web/RedirectStrategy
instanceKlass org/springframework/security/web/authentication/AbstractAuthenticationTargetUrlRequestHandler
instanceKlass org/springframework/security/web/authentication/session/NullAuthenticatedSessionStrategy
instanceKlass org/springframework/security/web/authentication/NullRememberMeServices
instanceKlass org/springframework/security/web/authentication/AuthenticationConverter
instanceKlass org/springframework/security/web/authentication/WebAuthenticationDetailsSource
instanceKlass org/springframework/security/web/authentication/RememberMeServices
instanceKlass org/springframework/security/authentication/AuthenticationDetailsSource
instanceKlass org/springframework/security/web/authentication/AuthenticationSuccessHandler
instanceKlass org/springframework/security/authorization/AuthenticatedAuthorizationManager$AbstractAuthorizationStrategy
instanceKlass org/springframework/security/authorization/AuthenticatedAuthorizationManager
instanceKlass org/springframework/security/web/util/matcher/AntPathRequestMatcher$SpringAntMatcher
instanceKlass org/springframework/security/web/util/matcher/RequestMatcherEntry
instanceKlass org/springframework/security/authorization/SingleResultAuthorizationManager
instanceKlass org/springframework/security/config/annotation/web/configurers/AuthorizeHttpRequestsConfigurer$AuthorizedUrl
instanceKlass org/springframework/security/web/util/matcher/AntPathRequestMatcher$SubpathMatcher
instanceKlass org/springframework/security/web/util/matcher/AntPathRequestMatcher$Matcher
instanceKlass org/springframework/security/web/util/matcher/AntPathRequestMatcher
instanceKlass org/springframework/security/web/util/matcher/RequestVariablesExtractor
instanceKlass org/springframework/security/config/annotation/web/configuration/ObservationConfiguration$1
instanceKlass org/springframework/security/config/core/GrantedAuthorityDefaults
instanceKlass org/springframework/security/authorization/SpringAuthorizationEventPublisher
instanceKlass org/springframework/security/web/access/intercept/RequestMatcherDelegatingAuthorizationManager
instanceKlass org/springframework/security/authorization/AuthorizationEventPublisher
instanceKlass sun/invoke/util/VerifyAccess$1
instanceKlass org/springframework/security/web/DefaultSecurityFilterChain
instanceKlass org/springframework/web/cors/UrlBasedCorsConfigurationSource
instanceKlass org/springframework/security/web/authentication/logout/SecurityContextLogoutHandler
instanceKlass org/springframework/security/web/authentication/logout/LogoutSuccessHandler
instanceKlass org/springframework/security/web/servlet/util/matcher/PathPatternRequestMatcher$HttpMethodRequestMatcher
instanceKlass org/springframework/security/web/servlet/util/matcher/PathPatternRequestMatcher
instanceKlass org/springframework/security/web/servletapi/HttpServletRequestFactory
instanceKlass org/springframework/security/core/authority/SimpleGrantedAuthority
instanceKlass org/springframework/security/core/GrantedAuthority
instanceKlass org/springframework/security/core/authority/AuthorityUtils
instanceKlass org/springframework/security/core/context/SecurityContextImpl
instanceKlass jakarta/servlet/ServletResponseWrapper
instanceKlass org/springframework/security/core/context/DeferredSecurityContext
instanceKlass org/springframework/security/web/context/HttpSessionSecurityContextRepository
instanceKlass org/springframework/security/web/authentication/session/AbstractSessionFixationProtectionStrategy$NullEventPublisher
instanceKlass org/springframework/security/web/authentication/session/AbstractSessionFixationProtectionStrategy
instanceKlass org/springframework/security/web/context/SecurityContextRepository
instanceKlass org/springframework/security/web/session/SessionInformationExpiredStrategy
instanceKlass org/springframework/security/web/session/InvalidSessionStrategy
instanceKlass org/springframework/security/web/authentication/AuthenticationFailureHandler
instanceKlass org/springframework/security/core/session/SessionRegistry
instanceKlass org/springframework/security/config/annotation/web/configurers/HeadersConfigurer$CrossOriginResourcePolicyConfig
instanceKlass org/springframework/security/config/annotation/web/configurers/HeadersConfigurer$CrossOriginEmbedderPolicyConfig
instanceKlass org/springframework/security/config/annotation/web/configurers/HeadersConfigurer$CrossOriginOpenerPolicyConfig
instanceKlass org/springframework/security/config/annotation/web/configurers/HeadersConfigurer$PermissionsPolicyConfig
instanceKlass org/springframework/security/config/annotation/web/configurers/HeadersConfigurer$FeaturePolicyConfig
instanceKlass org/springframework/security/config/annotation/web/configurers/HeadersConfigurer$ReferrerPolicyConfig
instanceKlass org/springframework/security/config/annotation/web/configurers/HeadersConfigurer$ContentSecurityPolicyConfig
instanceKlass org/springframework/security/config/annotation/web/configurers/HeadersConfigurer$HpkpConfig
instanceKlass org/springframework/security/web/header/writers/frameoptions/XFrameOptionsHeaderWriter
instanceKlass org/springframework/security/config/annotation/web/configurers/HeadersConfigurer$FrameOptionsConfig
instanceKlass org/springframework/security/web/header/writers/HstsHeaderWriter$SecureRequestMatcher
instanceKlass org/springframework/security/web/header/writers/HstsHeaderWriter
instanceKlass org/springframework/security/config/annotation/web/configurers/HeadersConfigurer$HstsConfig
instanceKlass org/springframework/security/web/header/writers/CacheControlHeadersWriter
instanceKlass org/springframework/security/config/annotation/web/configurers/HeadersConfigurer$CacheControlConfig
instanceKlass org/springframework/security/web/header/writers/XXssProtectionHeaderWriter
instanceKlass org/springframework/security/config/annotation/web/configurers/HeadersConfigurer$XXssConfig
instanceKlass org/springframework/security/web/header/Header
instanceKlass org/springframework/security/web/header/writers/StaticHeadersWriter
instanceKlass org/springframework/security/web/header/HeaderWriter
instanceKlass org/springframework/security/config/annotation/web/configurers/HeadersConfigurer$ContentTypeOptionsConfig
instanceKlass org/springframework/security/web/AuthenticationEntryPoint
instanceKlass org/springframework/security/web/savedrequest/RequestCache
instanceKlass org/springframework/security/config/annotation/web/builders/HttpSecurity$OrderedFilter
instanceKlass org/springframework/security/web/csrf/CsrfFilter$DefaultRequiresCsrfMatcher
instanceKlass org/springframework/security/web/csrf/CsrfTokenRequestHandler
instanceKlass org/springframework/security/web/csrf/CsrfTokenRequestResolver
instanceKlass org/springframework/security/web/csrf/CsrfToken
instanceKlass org/springframework/security/web/csrf/DeferredCsrfToken
instanceKlass org/springframework/security/web/csrf/HttpSessionCsrfTokenRepository
instanceKlass org/springframework/security/config/annotation/SecurityConfigurerAdapter$CompositeObjectPostProcessor
instanceKlass org/springframework/security/web/csrf/CsrfTokenRepository
instanceKlass org/springframework/security/web/authentication/logout/LogoutHandler
instanceKlass org/springframework/security/web/access/AccessDeniedHandler
instanceKlass org/springframework/security/web/authentication/session/SessionAuthenticationStrategy
instanceKlass org/springframework/security/config/annotation/web/builders/FilterOrderRegistration$Step
instanceKlass org/springframework/security/config/annotation/web/builders/FilterOrderRegistration
instanceKlass org/springframework/security/authentication/ProviderManager$NullEventPublisher
instanceKlass org/springframework/security/crypto/factory/PasswordEncoderFactories
instanceKlass org/springframework/security/core/authority/mapping/NullAuthoritiesMapper
instanceKlass org/springframework/security/authentication/dao/AbstractUserDetailsAuthenticationProvider$DefaultPostAuthenticationChecks
instanceKlass org/springframework/security/authentication/dao/AbstractUserDetailsAuthenticationProvider$DefaultPreAuthenticationChecks
instanceKlass org/springframework/security/core/userdetails/cache/NullUserCache
instanceKlass org/springframework/security/core/authority/mapping/GrantedAuthoritiesMapper
instanceKlass org/springframework/security/core/userdetails/UserDetailsChecker
instanceKlass org/springframework/security/core/userdetails/UserCache
instanceKlass org/springframework/security/authentication/dao/AbstractUserDetailsAuthenticationProvider
instanceKlass org/springframework/security/authentication/password/CompromisedPasswordChecker
instanceKlass org/springframework/security/core/userdetails/UserDetailsPasswordService
instanceKlass org/springframework/security/config/annotation/web/configuration/HttpSecurityConfiguration$LazyPasswordEncoder
instanceKlass org/springframework/security/web/servlet/util/matcher/PathPatternRequestMatcher$Builder
instanceKlass org/springframework/security/config/annotation/web/RequestMatcherFactory
instanceKlass org/springframework/security/config/annotation/web/WebSecurityConfigurer
instanceKlass org/springframework/security/config/annotation/web/configuration/AutowiredWebSecurityConfigurersIgnoreParents
instanceKlass org/springframework/security/authorization/AuthorizationDecision
instanceKlass org/springframework/security/authorization/AuthorizationResult
instanceKlass org/springframework/security/web/access/intercept/RequestAuthorizationContext
instanceKlass org/springframework/security/web/access/DefaultWebInvocationPrivilegeEvaluator
instanceKlass org/springframework/security/web/access/intercept/RequestMatcherDelegatingAuthorizationManager$Builder
instanceKlass org/springframework/boot/actuate/endpoint/web/servlet/WebMvcEndpointHandlerMapping$WebMvcLinksHandler
instanceKlass org/springframework/boot/actuate/endpoint/web/servlet/AbstractWebMvcEndpointHandlerMapping$ServletWebOperationAdapter
instanceKlass org/springframework/boot/actuate/endpoint/web/EndpointLinksResolver
instanceKlass org/springframework/boot/actuate/endpoint/web/annotation/RestControllerEndpoint
instanceKlass org/springframework/boot/actuate/endpoint/web/annotation/ControllerEndpoint
instanceKlass org/springframework/boot/actuate/endpoint/web/servlet/SkipPathExtensionContentNegotiation
instanceKlass org/springframework/boot/actuate/endpoint/web/servlet/AbstractWebMvcEndpointHandlerMapping$LinksHandler
instanceKlass org/springframework/boot/actuate/endpoint/web/servlet/AbstractWebMvcEndpointHandlerMapping$OperationHandler
instanceKlass org/springframework/boot/actuate/endpoint/web/EndpointMapping
instanceKlass org/springframework/boot/actuate/endpoint/web/servlet/AbstractWebMvcEndpointHandlerMapping$ServletWebOperation
instanceKlass org/springframework/boot/actuate/web/mappings/MappingsEndpoint$ContextMappingsDescriptor
instanceKlass org/springframework/boot/actuate/web/mappings/MappingsEndpoint$ApplicationMappingsDescriptor
instanceKlass org/springframework/boot/actuate/web/mappings/servlet/DispatcherServletHandlerMappings
instanceKlass org/springframework/web/servlet/function/RouterFunctions$Visitor
instanceKlass org/springframework/boot/actuate/web/mappings/servlet/DispatcherServletsMappingDescriptionProvider$RouterFunctionMappingDescriptionProvider
instanceKlass org/springframework/boot/actuate/web/mappings/servlet/DispatcherServletsMappingDescriptionProvider$IterableDelegatesHandlerMappingDescriptionProvider
instanceKlass org/springframework/boot/actuate/web/mappings/servlet/DispatcherServletsMappingDescriptionProvider$UrlHandlerMappingDescriptionProvider
instanceKlass org/springframework/boot/actuate/web/mappings/servlet/DispatcherServletsMappingDescriptionProvider$RequestMappingInfoHandlerMappingDescriptionProvider
instanceKlass org/springframework/boot/actuate/web/mappings/servlet/DispatcherServletsMappingDescriptionProvider$HandlerMappingDescriptionProvider
instanceKlass org/springframework/boot/actuate/scheduling/ScheduledTasksEndpoint$ScheduledTasksDescriptor
instanceKlass org/springframework/scheduling/config/ScheduledTaskHolder
instanceKlass org/springframework/boot/actuate/metrics/MetricsEndpoint$MetricNamesDescriptor
instanceKlass org/springframework/boot/actuate/metrics/MetricsEndpoint$MetricDescriptor
instanceKlass org/springframework/boot/actuate/management/ThreadDumpEndpoint$ThreadDumpDescriptor
instanceKlass org/springframework/boot/actuate/management/PlainTextThreadDumpFormatter
instanceKlass org/springframework/boot/actuate/logging/LoggersEndpoint$LoggersDescriptor
instanceKlass org/springframework/boot/actuate/env/EnvironmentEndpoint$PropertyValueDescriptor
instanceKlass org/springframework/boot/actuate/env/EnvironmentEndpoint$PropertySourceDescriptor
instanceKlass org/springframework/boot/actuate/env/EnvironmentEndpoint$EnvironmentEntryDescriptor
instanceKlass org/springframework/boot/actuate/env/EnvironmentEndpoint$PropertySummaryDescriptor
instanceKlass org/springframework/boot/actuate/env/EnvironmentEndpoint$EnvironmentDescriptor
instanceKlass com/fasterxml/jackson/databind/cfg/MapperBuilder
instanceKlass org/springframework/boot/actuate/context/properties/ConfigurationPropertiesReportEndpoint$ContextConfigurationPropertiesDescriptor
instanceKlass org/springframework/boot/actuate/context/properties/ConfigurationPropertiesReportEndpoint$ConfigurationPropertiesBeanDescriptor
instanceKlass org/springframework/boot/actuate/context/properties/ConfigurationPropertiesReportEndpoint$ConfigurationPropertiesDescriptor
instanceKlass org/springframework/boot/actuate/endpoint/Sanitizer
instanceKlass com/fasterxml/jackson/databind/ser/impl/SimpleBeanPropertyFilter
instanceKlass com/fasterxml/jackson/databind/ser/PropertyFilter
instanceKlass com/fasterxml/jackson/databind/ser/BeanPropertyFilter
instanceKlass org/springframework/boot/actuate/endpoint/SanitizingFunction
instanceKlass org/springframework/boot/actuate/autoconfigure/condition/ConditionsReportEndpoint$ConditionsDescriptor
instanceKlass org/springframework/boot/actuate/endpoint/OperationFilter$1
instanceKlass org/springframework/boot/actuate/endpoint/annotation/AbstractDiscoveredOperation
instanceKlass org/springframework/boot/actuate/endpoint/web/WebOperationRequestPredicate
instanceKlass org/springframework/boot/actuate/endpoint/web/WebEndpointResponse
instanceKlass org/springframework/boot/actuate/endpoint/invoker/cache/CachingOperationInvoker$CacheKey
instanceKlass org/springframework/boot/actuate/endpoint/invoke/reflect/OperationMethodParameter$Jsr305
instanceKlass sun/reflect/annotation/AnnotationSupport
instanceKlass org/springframework/boot/actuate/endpoint/annotation/Selector
instanceKlass org/springframework/boot/actuate/endpoint/invoker/cache/CachingOperationInvoker$CachedResponse
instanceKlass org/springframework/boot/actuate/endpoint/invoker/cache/CachingOperationInvoker
instanceKlass org/springframework/boot/actuate/endpoint/invoke/reflect/ReflectiveOperationInvoker
instanceKlass org/springframework/boot/actuate/endpoint/invoke/reflect/OperationMethodParameter
instanceKlass org/springframework/boot/actuate/endpoint/invoke/reflect/OperationMethodParameters
instanceKlass java/util/EnumMap$EntryIterator$Entry
instanceKlass org/springframework/boot/actuate/cache/CachesEndpoint$CachesDescriptor
instanceKlass org/springframework/boot/actuate/cache/CachesEndpoint$CacheDescriptor
instanceKlass org/springframework/boot/actuate/beans/BeansEndpoint$BeansDescriptor
instanceKlass org/springframework/boot/actuate/endpoint/AbstractExposableEndpoint
instanceKlass org/springframework/boot/actuate/endpoint/annotation/DiscoveredEndpoint
instanceKlass org/springframework/boot/actuate/health/HealthEndpointSupport$HealthResult
instanceKlass org/springframework/boot/actuate/endpoint/SecurityContext
instanceKlass org/springframework/boot/actuate/health/NamedContributor
instanceKlass org/springframework/boot/actuate/health/HealthContributorNameFactory
instanceKlass org/springframework/boot/actuate/health/DefaultContributorRegistry
instanceKlass org/springframework/core/convert/support/MapToMapConverter$MapEntry
instanceKlass org/springframework/jmx/export/annotation/ManagedAttribute
instanceKlass org/springframework/jmx/export/annotation/ManagedOperation
instanceKlass org/springframework/boot/info/SslInfo$CertificateChainInfo
instanceKlass org/springframework/boot/info/SslInfo$CertificateInfo
instanceKlass org/springframework/boot/info/SslInfo$BundleInfo
instanceKlass org/springframework/boot/actuate/health/Health$Builder
instanceKlass org/springframework/boot/actuate/health/ReactiveHealthContributor
instanceKlass org/springframework/boot/actuate/endpoint/web/annotation/RequestPredicateFactory
instanceKlass org/springframework/boot/actuate/endpoint/invoke/OperationParameters
instanceKlass org/springframework/boot/actuate/autoconfigure/endpoint/EndpointIdTimeToLivePropertyFunction
instanceKlass org/springframework/boot/actuate/health/AdditionalHealthEndpointPath
instanceKlass org/springframework/boot/actuate/endpoint/web/WebServerNamespace
instanceKlass org/springframework/boot/actuate/autoconfigure/health/AutoConfiguredHealthEndpointGroup
instanceKlass org/springframework/boot/actuate/health/SimpleHttpCodeStatusMapper
instanceKlass org/springframework/boot/actuate/health/SimpleStatusAggregator$StatusComparator
instanceKlass org/springframework/boot/actuate/health/Status
instanceKlass org/springframework/boot/actuate/health/SimpleStatusAggregator
instanceKlass org/springframework/boot/actuate/health/HealthEndpointGroup
instanceKlass org/springframework/boot/actuate/autoconfigure/health/HealthProperties$Status
instanceKlass org/springframework/boot/actuate/endpoint/Producible
instanceKlass org/springframework/boot/actuate/endpoint/invoke/convert/ConversionServiceParameterValueMapper
instanceKlass org/springframework/boot/actuate/endpoint/annotation/EndpointConverter
instanceKlass org/apache/catalina/TrackedWebResource
instanceKlass org/apache/catalina/webresources/AbstractResource
instanceKlass org/springframework/web/servlet/resource/DefaultResourceTransformerChain
instanceKlass org/springframework/web/servlet/resource/DefaultResourceResolverChain
instanceKlass org/springframework/web/servlet/resource/AbstractResourceResolver
instanceKlass org/springframework/web/servlet/resource/ResourceResolver
instanceKlass org/springframework/web/servlet/resource/ResourceHandlerUtils
instanceKlass org/springframework/web/servlet/resource/ResourceTransformerChain
instanceKlass org/springframework/web/HttpRequestHandler
instanceKlass org/springframework/http/CacheControl
instanceKlass org/springframework/web/servlet/function/RouterFunction
instanceKlass org/springframework/web/servlet/function/HandlerFunction
instanceKlass org/springframework/web/servlet/function/ServerRequest
instanceKlass com/fasterxml/jackson/databind/cfg/ConstructorDetector
instanceKlass com/fasterxml/jackson/databind/jsonFormatVisitors/JsonFormatVisitorWrapper
instanceKlass com/fasterxml/jackson/databind/jsonFormatVisitors/JsonFormatVisitorWithSerializerProvider
instanceKlass com/fasterxml/jackson/databind/EnumNamingStrategy
instanceKlass com/fasterxml/jackson/annotation/JsonAutoDetect$Value
instanceKlass com/fasterxml/jackson/databind/jsonschema/JsonSchema
instanceKlass com/fasterxml/jackson/databind/MappingIterator
instanceKlass com/fasterxml/jackson/databind/deser/DeserializationProblemHandler
instanceKlass com/fasterxml/jackson/core/io/CharacterEscapes
instanceKlass com/fasterxml/jackson/databind/ObjectWriter
instanceKlass com/fasterxml/jackson/core/type/TypeReference
instanceKlass com/fasterxml/jackson/databind/InjectableValues
instanceKlass com/fasterxml/jackson/core/FormatSchema
instanceKlass java/lang/SafeVarargs
instanceKlass com/fasterxml/jackson/databind/ser/FilterProvider
instanceKlass java/util/EnumMap$EnumMapIterator
instanceKlass org/springframework/data/domain/Unpaged
instanceKlass org/springframework/data/geo/GeoModule$PolygonMixin
instanceKlass org/springframework/data/geo/GeoModule$CircleMixin
instanceKlass org/springframework/data/geo/GeoModule$BoxMixin
instanceKlass org/springframework/data/geo/GeoModule$PointMixin
instanceKlass org/springframework/data/geo/GeoModule$DistanceMixin
instanceKlass org/springframework/boot/jackson/JsonComponent
instanceKlass org/springframework/boot/jackson/JsonMixin
instanceKlass org/springframework/boot/jackson/JsonMixinModuleEntries$Builder
instanceKlass com/fasterxml/jackson/databind/PropertyNamingStrategy
instanceKlass com/fasterxml/jackson/databind/deser/ValueInstantiator
instanceKlass com/fasterxml/jackson/databind/jsontype/NamedType
instanceKlass org/springframework/web/bind/annotation/ExceptionHandler
instanceKlass org/springframework/boot/web/error/ErrorAttributeOptions
instanceKlass org/springframework/http/HttpEntity
instanceKlass org/springframework/web/servlet/handler/AbstractHandlerMethodMapping$MappingRegistration
instanceKlass org/springframework/web/method/HandlerMethod$MethodValidationInitializer
instanceKlass org/springframework/web/util/pattern/PathPattern$MatchingContext
instanceKlass org/springframework/util/UnmodifiableMultiValueMap
instanceKlass org/springframework/http/server/DefaultPathContainer$DefaultPathSegment
instanceKlass org/springframework/web/servlet/mvc/method/RequestMappingInfo$DefaultBuilder
instanceKlass org/springframework/util/MimeTypeUtils
instanceKlass org/springframework/web/servlet/mvc/condition/AbstractMediaTypeExpression
instanceKlass org/springframework/web/servlet/mvc/condition/MediaTypeExpression
instanceKlass java/util/Comparators$NullComparator
instanceKlass org/springframework/http/server/DefaultPathContainer$DefaultSeparator
instanceKlass org/springframework/http/server/PathContainer$Separator
instanceKlass org/springframework/http/server/PathContainer$PathSegment
instanceKlass org/springframework/http/server/PathContainer$Element
instanceKlass org/springframework/http/server/DefaultPathContainer
instanceKlass org/springframework/web/util/pattern/PathElement
instanceKlass org/springframework/web/util/pattern/InternalPathPatternParser
instanceKlass org/springframework/web/servlet/mvc/method/RequestMappingInfo$Builder
instanceKlass org/springframework/core/annotation/MergedAnnotationPredicates$FirstRunOfPredicate
instanceKlass org/springframework/core/MethodIntrospector
instanceKlass org/springframework/core/MethodIntrospector$MetadataLookup
instanceKlass org/springframework/web/util/pattern/PathPattern
instanceKlass org/springframework/web/servlet/mvc/condition/AbstractRequestCondition
instanceKlass org/springframework/web/servlet/mvc/method/annotation/RequestMappingHandlerMapping$AnnotationDescriptor
instanceKlass org/springframework/web/service/annotation/HttpExchange
instanceKlass org/springframework/web/servlet/mvc/method/RequestMappingInfo
instanceKlass org/springframework/web/servlet/mvc/condition/RequestCondition
instanceKlass org/springframework/web/bind/annotation/CrossOrigin
instanceKlass org/springframework/web/servlet/mvc/method/RequestMappingInfo$BuilderConfiguration
instanceKlass org/springframework/web/servlet/mvc/method/RequestMappingInfoHandlerMethodMappingNamingStrategy
instanceKlass org/springframework/web/servlet/handler/AbstractHandlerMethodMapping$MappingRegistry
instanceKlass org/springframework/http/HttpHeaders
instanceKlass org/springframework/web/servlet/mvc/method/RequestMappingInfoHandlerMapping$HttpOptionsHandler
instanceKlass org/springframework/web/cors/CorsConfiguration$OriginPattern
instanceKlass org/springframework/web/bind/annotation/ResponseStatus
instanceKlass org/springframework/web/servlet/handler/AbstractHandlerMethodMapping$EmptyHandler
instanceKlass org/springframework/core/annotation/AnnotatedMethod
instanceKlass org/springframework/web/servlet/handler/HandlerMethodMappingNamingStrategy
instanceKlass org/springframework/web/context/request/NativeWebRequest
instanceKlass org/springframework/web/accept/HeaderContentNegotiationStrategy
instanceKlass org/springframework/web/accept/MappingMediaTypeFileExtensionResolver
instanceKlass org/springframework/web/accept/ContentNegotiationManagerFactoryBean
instanceKlass org/springframework/context/support/MessageSourceAccessor
instanceKlass org/springframework/web/servlet/handler/MappedInterceptor
instanceKlass org/springframework/http/server/RequestPath
instanceKlass org/springframework/web/servlet/handler/RequestMatchResult
instanceKlass org/springframework/web/servlet/resource/ResourceUrlProviderExposingInterceptor
instanceKlass org/springframework/web/servlet/config/annotation/InterceptorRegistration
instanceKlass org/springframework/web/servlet/handler/ConversionServiceExposingInterceptor
instanceKlass org/springframework/boot/autoconfigure/web/servlet/WelcomePage
instanceKlass org/springframework/http/server/ServerHttpResponse
instanceKlass org/springframework/http/HttpStatusCode
instanceKlass org/springframework/web/cors/DefaultCorsProcessor
instanceKlass org/springframework/http/server/PathContainer$Options
instanceKlass org/springframework/http/server/PathContainer
instanceKlass org/springframework/web/cors/CorsProcessor
instanceKlass org/springframework/web/servlet/resource/ResourceResolverChain
instanceKlass org/springframework/data/repository/support/Repositories
instanceKlass org/springframework/data/repository/support/DomainClassConverter
instanceKlass org/springframework/boot/autoconfigure/web/format/DateTimeFormatters
instanceKlass org/springframework/web/servlet/handler/PathPatternMatchableHandlerMapping
instanceKlass jakarta/servlet/ServletRequestWrapper
instanceKlass org/springframework/web/servlet/handler/HandlerMappingIntrospector$CachedResult
instanceKlass org/springframework/web/servlet/handler/HandlerMappingIntrospector$CacheResultLogHelper
instanceKlass org/springframework/security/core/annotation/AnnotationTemplateExpressionDefaults
instanceKlass org/springframework/security/core/context/SecurityContext
instanceKlass org/springframework/security/core/context/ThreadLocalSecurityContextHolderStrategy
instanceKlass org/springframework/security/core/context/SecurityContextHolder
instanceKlass org/springframework/web/servlet/config/annotation/WebMvcConfigurerComposite
instanceKlass org/springframework/boot/convert/DurationFormat
instanceKlass org/springframework/boot/autoconfigure/web/WebProperties$Resources$Cache$Cachecontrol
instanceKlass org/springframework/boot/autoconfigure/web/WebProperties$Resources$Cache
instanceKlass org/springframework/boot/autoconfigure/web/WebProperties$Resources$Chain$Strategy$Content
instanceKlass org/springframework/boot/autoconfigure/web/WebProperties$Resources$Chain$Strategy$Fixed
instanceKlass org/springframework/boot/autoconfigure/web/WebProperties$Resources$Chain$Strategy
instanceKlass org/springframework/boot/autoconfigure/web/servlet/WebMvcAutoConfiguration$ResourceHandlerRegistrationCustomizer
instanceKlass org/springframework/boot/autoconfigure/web/servlet/WebMvcRegistrations
instanceKlass org/springframework/security/config/annotation/web/configuration/ObservationConfiguration$3
instanceKlass org/springframework/security/config/observation/SecurityObservationSettings$Builder
instanceKlass org/springframework/security/config/observation/SecurityObservationSettings
instanceKlass org/springframework/security/web/firewall/HttpFirewall
instanceKlass org/springframework/security/web/util/matcher/AnyRequestMatcher
instanceKlass org/springframework/security/access/hierarchicalroles/RoleHierarchy
instanceKlass org/springframework/security/authentication/AbstractAuthenticationToken
instanceKlass org/springframework/security/core/CredentialsContainer
instanceKlass org/springframework/security/authentication/AuthenticationTrustResolverImpl
instanceKlass org/springframework/security/access/expression/DenyAllPermissionEvaluator
instanceKlass org/springframework/security/authentication/AuthenticationTrustResolver
instanceKlass org/springframework/security/access/expression/SecurityExpressionOperations
instanceKlass org/springframework/security/access/PermissionEvaluator
instanceKlass org/springframework/security/access/expression/AbstractSecurityExpressionHandler
instanceKlass org/springframework/security/config/ObjectPostProcessor$1
instanceKlass org/springframework/security/web/FilterChainProxy$FilterChainValidator
instanceKlass org/springframework/security/web/firewall/RequestRejectedHandler
instanceKlass org/springframework/security/access/intercept/AbstractSecurityInterceptor
instanceKlass org/springframework/security/config/Customizer
instanceKlass org/springframework/security/authentication/ProviderManager
instanceKlass org/springframework/security/config/annotation/authentication/configuration/AuthenticationConfiguration$LazyPasswordEncoder
instanceKlass org/springframework/security/config/annotation/configuration/AutowireBeanFactoryObjectPostProcessor
instanceKlass org/springframework/security/core/userdetails/UserDetails
instanceKlass org/springframework/security/crypto/bcrypt/BCryptPasswordEncoder
instanceKlass com/example/UserRegistration/Dto/UserDto
instanceKlass org/springframework/data/repository/core/support/RepositoryFactorySupport$ImplementationMethodExecutionInterceptor
instanceKlass org/springframework/data/repository/query/parser/OrderBySource
instanceKlass java/util/regex/Pattern$1
instanceKlass org/springframework/data/mapping/PropertyPath$Property
instanceKlass org/springframework/data/repository/query/parser/Part
instanceKlass org/springframework/data/repository/query/parser/PartTree$OrPart
instanceKlass java/lang/Character$Subset
instanceKlass org/springframework/data/repository/query/parser/PartTree$Predicate
instanceKlass org/springframework/data/repository/query/parser/PartTree$Subject
instanceKlass org/springframework/data/repository/query/parser/PartTree
instanceKlass org/springframework/data/util/Pair
instanceKlass org/springframework/data/mongodb/repository/query/BooleanUtil
instanceKlass org/springframework/data/repository/query/QueryMethodValueEvaluationContextAccessor$DefaultQueryMethodValueEvaluationContextProvider
instanceKlass org/springframework/data/mongodb/core/ExecutableUpdateOperationSupport$ExecutableUpdateSupport
instanceKlass org/springframework/data/mongodb/core/ExecutableUpdateOperation$FindAndReplaceWithProjection
instanceKlass org/springframework/data/mongodb/core/ExecutableUpdateOperation$FindAndReplaceWithOptions
instanceKlass org/springframework/data/mongodb/core/ExecutableUpdateOperation$ReplaceWithOptions
instanceKlass org/springframework/data/mongodb/core/ExecutableUpdateOperation$TerminatingFindAndReplace
instanceKlass org/springframework/data/mongodb/core/ExecutableUpdateOperation$TerminatingReplace
instanceKlass org/springframework/data/mongodb/core/ExecutableUpdateOperation$TerminatingUpdate
instanceKlass org/springframework/data/mongodb/core/ExecutableUpdateOperation$FindAndModifyWithOptions
instanceKlass org/springframework/data/mongodb/core/ExecutableUpdateOperation$TerminatingFindAndModify
instanceKlass org/springframework/data/mongodb/core/ExecutableUpdateOperationSupport
instanceKlass org/springframework/data/mongodb/core/ExecutableFindOperation$TerminatingDistinct
instanceKlass org/springframework/data/mongodb/core/ExecutableFindOperation$DistinctWithQuery
instanceKlass org/springframework/data/mongodb/core/ExecutableFindOperation$DistinctWithProjection
instanceKlass org/springframework/data/mongodb/core/ExecutableFindOperationSupport$ExecutableFindSupport
instanceKlass org/springframework/data/mongodb/core/query/Meta
instanceKlass org/springframework/data/domain/Limit$Unlimited
instanceKlass org/springframework/data/domain/Sort$Order
instanceKlass org/springframework/data/mongodb/core/ExecutableFindOperationSupport
instanceKlass org/springframework/data/mongodb/repository/query/SimpleMongoEntityMetadata
instanceKlass org/springframework/data/mongodb/repository/query/MongoQueryExecution
instanceKlass org/springframework/data/mapping/model/SpELExpressionEvaluator
instanceKlass org/springframework/data/mongodb/repository/query/MongoParameterAccessor
instanceKlass org/springframework/data/repository/query/ParameterAccessor
instanceKlass org/springframework/data/mongodb/repository/query/AbstractMongoQuery
instanceKlass org/springframework/data/mongodb/repository/Aggregation
instanceKlass org/springframework/data/mongodb/repository/Update
instanceKlass org/springframework/data/repository/query/QueryMethod$QueryMethodValidator
instanceKlass org/springframework/data/repository/query/ResultProcessor$ProjectingConverter
instanceKlass org/springframework/data/repository/query/ReturnedType$CacheKey
instanceKlass org/springframework/data/repository/query/ReturnedType
instanceKlass org/springframework/data/repository/query/ResultProcessor
instanceKlass org/springframework/data/mongodb/repository/query/QueryUtils
instanceKlass org/springframework/data/domain/Range
instanceKlass org/springframework/data/mongodb/core/query/TextCriteria
instanceKlass org/springframework/data/geo/Distance
instanceKlass org/springframework/data/mongodb/repository/Near
instanceKlass org/springframework/data/repository/query/Parameter
instanceKlass org/springframework/data/mongodb/repository/query/MongoParameters$NearIndex
instanceKlass org/springframework/data/domain/Chunk
instanceKlass org/springframework/data/geo/GeoResult
instanceKlass org/springframework/data/repository/query/ParametersSource$2
instanceKlass org/springframework/data/repository/util/ReactiveWrapperConverters$RegistryHolder
instanceKlass org/springframework/data/repository/util/ReactiveWrapperConverters
instanceKlass org/springframework/data/repository/query/Param
instanceKlass org/springframework/data/domain/Limit
instanceKlass org/springframework/data/domain/ScrollPosition
instanceKlass org/springframework/data/repository/query/ParametersSource
instanceKlass org/springframework/data/mongodb/repository/query/MongoEntityMetadata
instanceKlass org/springframework/data/repository/query/Parameters
instanceKlass org/springframework/data/repository/core/support/QueryExecutionResultHandler
instanceKlass org/springframework/data/repository/core/support/RepositoryInvocationMulticaster$DefaultRepositoryInvocationMulticaster
instanceKlass org/springframework/data/repository/core/support/RepositoryMethodInvoker
instanceKlass org/springframework/data/repository/core/support/QueryExecutorMethodInterceptor
instanceKlass org/springframework/data/repository/query/RepositoryQuery
instanceKlass org/springframework/data/repository/query/QueryLookupStrategy
instanceKlass org/springframework/data/repository/query/ValueExpressionDelegate
instanceKlass org/springframework/data/util/AnnotationDetectionMethodCallback
instanceKlass org/springframework/data/domain/DomainEvents
instanceKlass org/springframework/data/repository/core/support/EventPublishingRepositoryProxyPostProcessor$EventPublishingMethod
instanceKlass org/springframework/aop/TruePointcut
instanceKlass org/springframework/aop/DynamicIntroductionAdvice
instanceKlass org/springframework/data/mongodb/repository/support/CrudMethodMetadataPostProcessor$CrudMethodMetadataPopulatingMethodInterceptor
instanceKlass java/lang/Package$1PackageInfoProxy
instanceKlass org/springframework/lang/NonNullApi
instanceKlass org/springframework/data/util/NullableUtils
instanceKlass org/springframework/transaction/interceptor/TransactionalProxy
instanceKlass org/springframework/aop/target/SingletonTargetSource
instanceKlass org/springframework/data/repository/query/ReactiveQueryByExampleExecutor
instanceKlass org/springframework/data/querydsl/ReactiveQuerydslPredicateExecutor
instanceKlass org/springframework/data/querydsl/QuerydslPredicateExecutor
instanceKlass org/springframework/data/repository/core/support/RepositoryFactorySupport$RepositoryValidator
instanceKlass org/springframework/data/repository/core/support/RepositoryFragment$ImplementedRepositoryFragment
instanceKlass org/springframework/aop/framework/JdkDynamicAopProxy$ProxiedInterfacesCache
instanceKlass org/aopalliance/intercept/MethodInvocation
instanceKlass org/aopalliance/intercept/Invocation
instanceKlass org/aopalliance/intercept/Joinpoint
instanceKlass org/springframework/aop/framework/JdkDynamicAopProxy
instanceKlass org/springframework/data/mongodb/repository/support/CrudMethodMetadataPostProcessor$ThreadBoundTargetSource
instanceKlass org/springframework/data/mongodb/repository/support/CrudMethodMetadata
instanceKlass org/springframework/aop/framework/AopProxy
instanceKlass org/springframework/aop/framework/DefaultAopProxyFactory
instanceKlass org/springframework/aop/framework/DefaultAdvisorChainFactory
instanceKlass org/springframework/aop/target/EmptyTargetSource
instanceKlass org/springframework/aop/framework/AopProxyFactory
instanceKlass org/springframework/aop/framework/AdvisorChainFactory
instanceKlass org/springframework/data/repository/core/support/PersistentEntityInformation
instanceKlass org/springframework/data/mongodb/repository/query/MongoEntityInformation
instanceKlass org/springframework/data/mongodb/repository/support/MongoEntityInformationSupport
instanceKlass org/springframework/data/repository/core/support/RepositoryFragment$StructuralRepositoryFragment
instanceKlass org/springframework/data/repository/core/RepositoryInformationSupport$DefaultQueryMethods
instanceKlass org/springframework/data/repository/core/RepositoryInformationSupport
instanceKlass org/springframework/data/mongodb/repository/support/SimpleMongoRepository
instanceKlass org/springframework/data/repository/core/support/MethodLookups$RepositoryAwareMethodLookup
instanceKlass org/springframework/data/repository/core/support/MethodLookups
instanceKlass org/springframework/data/repository/core/support/RepositoryFactorySupport$RepositoryInformationCacheKey
instanceKlass org/springframework/beans/factory/config/NamedBeanHolder
instanceKlass org/springframework/beans/factory/NamedBean
instanceKlass org/springframework/boot/actuate/metrics/AutoTimer$1
instanceKlass io/micrometer/core/instrument/AbstractTimerBuilder
instanceKlass org/springframework/boot/actuate/autoconfigure/metrics/PropertiesAutoTimer
instanceKlass org/springframework/data/repository/core/support/RepositoryMethodInvocationListener$RepositoryMethodInvocation
instanceKlass org/springframework/data/repository/core/support/EventPublishingRepositoryProxyPostProcessor
instanceKlass org/springframework/data/mongodb/repository/support/CrudMethodMetadataPostProcessor
instanceKlass org/springframework/data/repository/core/support/RepositoryFactorySupport$QueryCollectingQueryCreationListener
instanceKlass org/springframework/data/repository/util/QueryExecutionConverters$IterableToStreamableConverter
instanceKlass org/springframework/util/concurrent/SuccessCallback
instanceKlass org/springframework/util/concurrent/FailureCallback
instanceKlass org/springframework/scheduling/annotation/AsyncResult
instanceKlass java/util/concurrent/ForkJoinTask
instanceKlass java/util/concurrent/CompletableFuture$AsynchronousCompletionTask
instanceKlass java/util/concurrent/CompletableFuture$AltResult
instanceKlass java/util/AbstractList$RandomAccessSpliterator
instanceKlass org/springframework/data/repository/util/QueryExecutionConverters$AbstractWrapperTypeConverter
instanceKlass org/springframework/data/repository/util/QueryExecutionConverters$WrapperType
instanceKlass org/springframework/data/repository/util/QueryExecutionConverters
instanceKlass org/springframework/data/repository/query/QueryMethodValueEvaluationContextAccessor
instanceKlass org/springframework/data/repository/query/ExtensionAwareQueryMethodEvaluationContextProvider
instanceKlass org/springframework/data/mongodb/core/index/MongoPersistentEntityIndexCreator
instanceKlass org/springframework/data/mongodb/core/aggregation/AggregationOperation
instanceKlass org/springframework/data/mongodb/core/ExecutableAggregationOperation$ExecutableAggregation
instanceKlass org/springframework/data/mongodb/core/ExecutableAggregationOperation$AggregationWithAggregation
instanceKlass org/springframework/data/mongodb/core/ExecutableAggregationOperation$AggregationWithCollection
instanceKlass com/mongodb/client/model/ReplaceOptions
instanceKlass org/springframework/data/mongodb/core/MongoAction
instanceKlass com/mongodb/client/DistinctIterable
instanceKlass org/springframework/data/mongodb/core/validation/Validator
instanceKlass org/springframework/data/mongodb/core/MongoTemplate$ReadDocumentCallback
instanceKlass org/springframework/data/mongodb/core/aggregation/AggregationOptions
instanceKlass org/springframework/data/mongodb/core/CollectionOptions$CollectionChangeStreamOptions
instanceKlass com/mongodb/client/model/CreateViewOptions
instanceKlass org/springframework/data/mongodb/core/MappedDocument
instanceKlass org/springframework/data/mongodb/core/CollectionOptions$TimeSeriesOptions
instanceKlass org/springframework/data/mongodb/core/CollectionOptions$ValidationOptions
instanceKlass com/mongodb/client/model/Collation
instanceKlass com/mongodb/client/model/EstimatedDocumentCountOptions
instanceKlass org/springframework/data/mongodb/core/query/Collation
instanceKlass org/springframework/data/mongodb/core/FindAndModifyOptions
instanceKlass org/springframework/data/geo/GeoResults
instanceKlass org/springframework/data/mongodb/core/query/NearQuery
instanceKlass org/springframework/data/domain/Window
instanceKlass org/springframework/data/mongodb/core/aggregation/AggregationPipeline
instanceKlass org/springframework/data/mongodb/core/QueryOperations$AggregationDefinition
instanceKlass com/mongodb/client/model/CreateCollectionOptions
instanceKlass org/springframework/data/mongodb/core/ViewOptions
instanceKlass org/springframework/data/mongodb/core/mapreduce/MapReduceResults
instanceKlass org/springframework/data/mongodb/core/mapreduce/MapReduceOptions
instanceKlass com/mongodb/client/FindIterable
instanceKlass org/springframework/data/mongodb/core/CollectionPreparerSupport
instanceKlass com/mongodb/client/model/UpdateOptions
instanceKlass com/mongodb/client/MongoCollection
instanceKlass com/mongodb/client/model/DeleteOptions
instanceKlass org/springframework/data/mongodb/core/CollectionOptions
instanceKlass org/springframework/data/mongodb/core/query/UpdateDefinition
instanceKlass org/springframework/data/mongodb/core/aggregation/AggregationResults
instanceKlass org/springframework/data/mongodb/core/DocumentCallbackHandler
instanceKlass org/springframework/data/mongodb/core/ExecutableFindOperation$ExecutableFind
instanceKlass org/springframework/data/mongodb/core/ExecutableFindOperation$FindWithProjection
instanceKlass org/springframework/data/mongodb/core/ExecutableFindOperation$FindDistinct
instanceKlass org/springframework/data/mongodb/core/ExecutableFindOperation$FindWithCollection
instanceKlass org/springframework/data/mongodb/core/ExecutableFindOperation$FindWithQuery
instanceKlass org/springframework/data/mongodb/core/ExecutableFindOperation$TerminatingFind
instanceKlass org/springframework/data/mongodb/core/DbCallback
instanceKlass org/springframework/data/mongodb/core/QueryOperations$QueryContext
instanceKlass com/mongodb/client/result/UpdateResult
instanceKlass org/springframework/data/mongodb/core/ReplaceOptions
instanceKlass org/springframework/data/mongodb/core/ExecutableInsertOperation$ExecutableInsert
instanceKlass org/springframework/data/mongodb/core/ExecutableInsertOperation$InsertWithBulkMode
instanceKlass org/springframework/data/mongodb/core/ExecutableInsertOperation$InsertWithCollection
instanceKlass org/springframework/data/mongodb/core/ExecutableInsertOperation$TerminatingInsert
instanceKlass org/springframework/data/mongodb/core/ExecutableInsertOperation$TerminatingBulkInsert
instanceKlass org/springframework/data/mongodb/core/ExecutableUpdateOperation$ExecutableUpdate
instanceKlass org/springframework/data/mongodb/core/ExecutableUpdateOperation$UpdateWithQuery
instanceKlass org/springframework/data/mongodb/core/ExecutableUpdateOperation$UpdateWithUpdate
instanceKlass org/springframework/data/mongodb/core/ExecutableUpdateOperation$UpdateWithCollection
instanceKlass org/springframework/data/mongodb/core/ExecutableRemoveOperation$ExecutableRemove
instanceKlass org/springframework/data/mongodb/core/ExecutableRemoveOperation$RemoveWithCollection
instanceKlass org/springframework/data/mongodb/core/ExecutableRemoveOperation$RemoveWithQuery
instanceKlass org/springframework/data/mongodb/core/ExecutableRemoveOperation$TerminatingRemove
instanceKlass com/mongodb/client/result/DeleteResult
instanceKlass org/springframework/data/mongodb/core/EntityLifecycleEventDelegate
instanceKlass org/springframework/data/mongodb/core/AggregationUtil
instanceKlass org/springframework/data/mongodb/core/QueryOperations
instanceKlass org/springframework/data/mongodb/core/PropertyOperations
instanceKlass org/springframework/data/projection/EntityProjectionIntrospector
instanceKlass org/springframework/data/projection/EntityProjectionIntrospector$ProjectionPredicate
instanceKlass org/springframework/data/mongodb/core/query/CriteriaDefinition
instanceKlass org/springframework/data/mongodb/core/EntityOperations$AdaptibleEntity
instanceKlass org/springframework/data/mongodb/core/EntityOperations$Entity
instanceKlass org/springframework/data/mongodb/core/EntityOperations$TypedOperations
instanceKlass org/springframework/data/mongodb/core/EntityOperations
instanceKlass com/mongodb/client/model/CountOptions
instanceKlass org/springframework/data/mongodb/core/MongoTemplate$CountExecution
instanceKlass org/springframework/data/mongodb/core/ScriptOperations
instanceKlass org/springframework/data/mongodb/core/query/Query
instanceKlass org/springframework/data/mongodb/core/ReadConcernAware
instanceKlass org/springframework/data/mongodb/core/BulkOperations
instanceKlass org/springframework/data/mongodb/core/index/SearchIndexOperations
instanceKlass org/springframework/data/mongodb/core/ExecutableMapReduceOperation$ExecutableMapReduce
instanceKlass org/springframework/data/mongodb/core/ExecutableMapReduceOperation$MapReduceWithOptions
instanceKlass org/springframework/data/mongodb/core/ExecutableMapReduceOperation$MapReduceWithProjection
instanceKlass org/springframework/data/mongodb/core/ExecutableMapReduceOperation$MapReduceWithCollection
instanceKlass org/springframework/data/mongodb/core/ExecutableMapReduceOperation$MapReduceWithQuery
instanceKlass org/springframework/data/mongodb/core/ExecutableMapReduceOperation$TerminatingMapReduce
instanceKlass org/springframework/data/mongodb/core/ExecutableMapReduceOperation$MapReduceWithReduceFunction
instanceKlass org/springframework/data/mongodb/core/ExecutableMapReduceOperation$MapReduceWithMapFunction
instanceKlass org/springframework/data/mongodb/core/aggregation/Aggregation
instanceKlass org/springframework/data/mongodb/core/MongoTemplate$DocumentCallback
instanceKlass org/springframework/data/mongodb/core/CursorPreparer
instanceKlass org/springframework/data/mongodb/core/CollectionCallback
instanceKlass org/springframework/data/mongodb/core/CollectionPreparer
instanceKlass org/springframework/data/mongodb/core/WriteConcernResolver
instanceKlass org/springframework/data/mongodb/core/SessionScoped
instanceKlass org/springframework/beans/factory/config/ObjectFactoryCreatingFactoryBean$TargetBeanObjectFactory
instanceKlass org/springframework/data/mapping/callback/EntityCallbackDiscoverer$CallbackRetriever
instanceKlass org/springframework/data/mapping/callback/EntityCallbackDiscoverer
instanceKlass org/springframework/data/mapping/callback/DefaultEntityCallbacks$SimpleEntityCallbackInvoker
instanceKlass org/springframework/data/mapping/callback/EntityCallbackInvoker
instanceKlass org/springframework/data/mapping/callback/DefaultEntityCallbacks
instanceKlass org/springframework/data/mongodb/core/mapping/DocumentPointer
instanceKlass org/springframework/data/mongodb/core/convert/MappingMongoConverter$MongoDbPropertyValueProvider
instanceKlass org/springframework/data/projection/EntityProjection
instanceKlass org/springframework/data/mapping/callback/EntityCallbacks
instanceKlass org/springframework/data/mongodb/core/convert/DocumentPointerFactory
instanceKlass org/springframework/data/mongodb/util/json/ParameterBindingDocumentCodec$1
instanceKlass org/springframework/data/mongodb/util/json/ParameterBindingDocumentCodec
instanceKlass org/springframework/data/mongodb/core/convert/ReferenceLookupDelegate
instanceKlass org/springframework/data/mongodb/core/convert/ObjectPath
instanceKlass org/springframework/data/mongodb/core/convert/ValueResolver
instanceKlass org/springframework/data/mongodb/core/convert/DefaultDbRefProxyHandler
instanceKlass org/springframework/data/mapping/model/SpELContext
instanceKlass org/springframework/data/mongodb/core/convert/MongoJsonSchemaMapper
instanceKlass org/springframework/data/mongodb/core/convert/JsonSchemaMapper
instanceKlass org/springframework/data/mongodb/core/convert/MongoExampleMapper
instanceKlass org/springframework/data/mongodb/core/convert/MappingMongoConverter$NestedDocument
instanceKlass org/springframework/data/mongodb/core/aggregation/AggregationOperationContext
instanceKlass org/springframework/data/mongodb/core/convert/QueryMapper$Field
instanceKlass org/springframework/data/mongodb/core/convert/MongoConversionContext$OperatorContext
instanceKlass org/springframework/data/mongodb/core/convert/QueryMapper
instanceKlass org/springframework/data/annotation/TypeAlias
instanceKlass org/springframework/data/convert/MappingContextTypeInformationMapper
instanceKlass org/springframework/data/convert/SimpleTypeInformationMapper
instanceKlass org/springframework/data/convert/TypeInformationMapper
instanceKlass org/springframework/data/mongodb/core/convert/DefaultMongoTypeMapper$DocumentTypeAliasAccessor
instanceKlass org/springframework/data/convert/TypeAliasAccessor
instanceKlass org/springframework/data/convert/DefaultTypeMapper
instanceKlass org/springframework/data/mapping/model/CachingValueExpressionEvaluatorFactory
instanceKlass org/springframework/data/expression/ValueEvaluationContextProvider
instanceKlass org/springframework/data/convert/ValueConversionContext
instanceKlass org/springframework/data/mapping/model/PropertyValueProvider
instanceKlass org/springframework/data/mongodb/core/convert/DbRefResolverCallback
instanceKlass org/springframework/data/mongodb/core/convert/MappingMongoConverter$ConversionContext
instanceKlass org/springframework/data/mongodb/core/convert/DbRefProxyHandler
instanceKlass org/springframework/data/mapping/model/ParameterValueProvider
instanceKlass org/springframework/data/mongodb/core/convert/DocumentAccessor
instanceKlass org/springframework/data/mapping/model/ValueExpressionEvaluator
instanceKlass org/springframework/data/mongodb/core/convert/MongoTypeMapper
instanceKlass org/springframework/data/convert/TypeMapper
instanceKlass org/springframework/data/mongodb/core/convert/LazyLoadingProxyFactory
instanceKlass org/springframework/data/mongodb/core/convert/ReferenceResolver$ReferenceCollection
instanceKlass org/springframework/data/mongodb/core/convert/ReferenceLoader$DocumentReferenceQuery
instanceKlass org/springframework/data/mongodb/core/convert/ReferenceLookupDelegate$LookupFunction
instanceKlass org/springframework/data/mongodb/core/convert/MongoDatabaseFactoryReferenceLoader
instanceKlass org/springframework/data/mongodb/core/convert/ReferenceLoader
instanceKlass org/springframework/data/mongodb/core/convert/DefaultReferenceResolver
instanceKlass org/springframework/data/annotation/LastModifiedDate
instanceKlass org/springframework/boot/devtools/livereload/Connection
instanceKlass org/springframework/boot/devtools/livereload/LiveReloadServer$WorkerThreadFactory
instanceKlass org/springframework/boot/devtools/restart/Restarter$LeakSafeThreadFactory
instanceKlass org/springframework/boot/devtools/autoconfigure/RemoteDevToolsProperties$Proxy
instanceKlass org/springframework/boot/devtools/autoconfigure/RemoteDevToolsProperties$Restart
instanceKlass org/springframework/boot/admin/SpringApplicationAdminMXBeanRegistrar$SpringApplicationAdmin
instanceKlass org/springframework/boot/admin/SpringApplicationAdminMXBean
instanceKlass org/springframework/jmx/export/MBeanExporter$AutodetectCallback
instanceKlass org/springframework/jmx/support/NotificationListenerHolder
instanceKlass org/springframework/jmx/export/MBeanExporterListener
instanceKlass javax/management/Attribute
instanceKlass org/springframework/jmx/support/JmxUtils
instanceKlass org/springframework/jmx/support/MBeanServerFactoryBean
instanceKlass org/springframework/jmx/export/assembler/AutodetectCapableMBeanInfoAssembler
instanceKlass org/springframework/jmx/export/naming/KeyNamingStrategy
instanceKlass javax/management/modelmbean/ModelMBeanInfo
instanceKlass org/springframework/jmx/export/assembler/AbstractMBeanInfoAssembler
instanceKlass org/springframework/jmx/export/notification/NotificationPublisher
instanceKlass javax/management/modelmbean/ModelMBean
instanceKlass javax/management/PersistentMBean
instanceKlass org/springframework/jmx/export/assembler/MBeanInfoAssembler
instanceKlass org/springframework/jmx/export/annotation/AnnotationJmxAttributeSource
instanceKlass org/springframework/boot/util/Instantiator$AvailableParameters
instanceKlass org/springframework/data/mapping/SimpleAssociationHandler
instanceKlass org/springframework/data/mapping/SimplePropertyHandler
instanceKlass org/springframework/boot/devtools/restart/classloader/ClassLoaderFile
instanceKlass org/springframework/data/mongodb/core/mapping/Language
instanceKlass org/springframework/data/mongodb/core/mapping/TextScore
instanceKlass org/springframework/data/mongodb/core/mapping/BasicMongoPersistentEntity$PropertyTypeAssertionHandler
instanceKlass org/springframework/data/mongodb/core/mapping/BasicMongoPersistentEntity$AssertFieldNameUniquenessHandler
instanceKlass org/springframework/data/mongodb/core/mapping/MongoField$MongoFieldBuilder
instanceKlass org/springframework/data/annotation/CreatedDate
instanceKlass org/springframework/data/mongodb/core/index/Indexed
instanceKlass org/springframework/data/annotation/Version
instanceKlass org/springframework/data/annotation/Reference
instanceKlass org/springframework/data/annotation/Transient
instanceKlass org/springframework/data/mongodb/core/mapping/Field
instanceKlass org/springframework/data/mongodb/core/mapping/DocumentReference
instanceKlass org/springframework/data/mongodb/core/mapping/MongoField
instanceKlass org/springframework/data/mongodb/core/mapping/DBRef
instanceKlass org/springframework/data/annotation/Id
instanceKlass org/springframework/data/mapping/Association
instanceKlass org/springframework/data/mapping/model/AbstractPersistentProperty
instanceKlass org/springframework/data/util/KotlinReflectionUtils
instanceKlass org/springframework/data/mapping/context/AbstractMappingContext$PersistentPropertyFilter$PropertyMatch
instanceKlass org/springframework/data/mapping/context/AbstractMappingContext$PersistentPropertyCreator
instanceKlass org/springframework/data/util/CustomCollections$SearchableTypes
instanceKlass org/springframework/data/util/CustomCollections$EclipseCollections
instanceKlass org/springframework/data/util/CustomCollections$VavrCollections
instanceKlass org/springframework/data/util/CustomCollectionRegistrar
instanceKlass org/springframework/data/util/CustomCollections
instanceKlass org/springframework/data/mongodb/core/mapping/ShardKey
instanceKlass org/springframework/data/mongodb/core/mapping/Sharded
instanceKlass org/springframework/data/mongodb/MongoCollectionUtils
instanceKlass org/springframework/data/mapping/Alias
instanceKlass org/springframework/data/mapping/model/BasicPersistentEntity$AssociationComparator
instanceKlass org/springframework/data/mapping/Parameter
instanceKlass org/springframework/data/mapping/InstanceCreatorMetadataSupport
instanceKlass org/springframework/data/mapping/model/PreferredConstructorDiscoverer
instanceKlass org/springframework/data/annotation/PersistenceCreator
instanceKlass org/springframework/data/mapping/model/InstanceCreatorMetadataDiscoverer
instanceKlass org/springframework/expression/ParserContext$1
instanceKlass org/springframework/data/expression/ValueExpression
instanceKlass org/springframework/data/expression/DefaultValueExpressionParser
instanceKlass org/springframework/data/expression/ValueExpressionParser
instanceKlass org/springframework/data/expression/ValueParserConfiguration
instanceKlass org/springframework/data/mapping/AssociationHandler
instanceKlass org/springframework/data/mapping/PropertyHandler
instanceKlass org/springframework/data/mapping/IdentifierAccessor
instanceKlass org/springframework/data/mapping/PersistentPropertyPathAccessor
instanceKlass org/springframework/data/support/IsNewStrategy
instanceKlass org/springframework/data/util/ProxyUtils$ProxyDetector
instanceKlass org/springframework/data/util/ProxyUtils
instanceKlass org/springframework/expression/MethodResolver
instanceKlass org/springframework/data/spel/ExtensionAwareEvaluationContextProvider
instanceKlass org/springframework/data/mapping/PersistentPropertyPaths
instanceKlass org/springframework/data/mapping/PropertyPath
instanceKlass org/springframework/data/mapping/model/Property
instanceKlass org/springframework/data/mapping/model/BasicPersistentEntity
instanceKlass org/springframework/data/mapping/model/InstantiationAwarePropertyAccessorFactory
instanceKlass org/springframework/data/mapping/PersistentPropertyAccessor
instanceKlass org/springframework/data/mapping/model/ClassGeneratingPropertyAccessorFactory
instanceKlass org/springframework/data/mapping/model/ClassGeneratingEntityInstantiator$ObjectInstantiator
instanceKlass org/springframework/data/mapping/model/ClassGeneratingEntityInstantiator$ObjectInstantiatorClassGenerator
instanceKlass org/springframework/data/mapping/InstanceCreatorMetadata
instanceKlass org/springframework/data/mapping/model/ClassGeneratingEntityInstantiator
instanceKlass org/springframework/data/mapping/model/EntityInstantiator
instanceKlass org/springframework/data/mapping/model/EntityInstantiators
instanceKlass org/springframework/data/mapping/PersistentPropertyPath
instanceKlass org/springframework/data/mapping/context/PersistentPropertyPathFactory
instanceKlass org/springframework/data/mongodb/core/mapping/MongoPersistentProperty
instanceKlass org/springframework/data/mongodb/core/mapping/MongoPersistentEntity
instanceKlass org/springframework/data/mapping/model/MutablePersistentEntity
instanceKlass org/springframework/data/mapping/model/FieldNamingStrategy
instanceKlass org/springframework/data/mapping/model/PersistentPropertyAccessorFactory
instanceKlass org/springframework/boot/autoconfigure/domain/EntityScanPackages
instanceKlass org/springframework/boot/autoconfigure/domain/EntityScanner
instanceKlass org/springframework/data/mapping/PersistentProperty
instanceKlass java/util/WeakHashMap$HashIterator
instanceKlass org/springframework/data/mongodb/core/query/GeoCommand
instanceKlass org/springframework/data/mongodb/core/geo/Sphere
instanceKlass org/springframework/data/geo/Circle
instanceKlass org/springframework/data/geo/Box
instanceKlass org/springframework/data/util/Optionals
instanceKlass org/springframework/data/convert/DefaultConverterBuilder$ConfigurableGenericConverter
instanceKlass org/springframework/data/mongodb/core/script/NamedMongoScript
instanceKlass org/springframework/data/mongodb/core/query/Term
instanceKlass org/springframework/data/convert/ReadingConverter
instanceKlass org/springframework/data/convert/WritingConverter
instanceKlass org/springframework/data/convert/CustomConversions$ConverterRegistration
instanceKlass org/springframework/data/convert/CustomConversions$ConverterRegistrationIntent
instanceKlass org/springframework/data/convert/CustomConversions$ConversionTargetsCache
instanceKlass org/springframework/data/convert/CustomConversions$ConverterConfiguration
instanceKlass org/springframework/data/convert/PropertyValueConverterFactories$CachingPropertyValueConverterFactory$Cache
instanceKlass org/springframework/data/convert/PropertyValueConverterFactories$CachingPropertyValueConverterFactory
instanceKlass org/springframework/data/convert/PropertyValueConverterFactories$SimplePropertyConverterFactory
instanceKlass org/springframework/data/convert/PropertyValueConverterFactory
instanceKlass org/springframework/data/convert/SimplePropertyValueConverterRegistry
instanceKlass org/springframework/data/convert/ValueConverterRegistry
instanceKlass org/springframework/data/convert/PropertyValueConverter
instanceKlass org/springframework/data/convert/SimplePropertyValueConversions
instanceKlass org/springframework/data/convert/PropertyValueConversions
instanceKlass org/springframework/data/convert/PropertyValueConverterRegistrar
instanceKlass org/springframework/data/mongodb/core/convert/MongoCustomConversions$MongoConverterConfigurationAdapter
instanceKlass org/springframework/data/convert/CustomConversions$StoreConversions
instanceKlass com/mongodb/client/model/geojson/Geometry
instanceKlass org/springframework/data/mapping/model/SimpleTypeHolder
instanceKlass org/springframework/data/mongodb/core/mapping/MongoSimpleTypes
instanceKlass org/springframework/data/geo/Metric
instanceKlass org/springframework/data/mongodb/core/geo/GeoJsonGeometryCollection
instanceKlass org/springframework/data/mongodb/core/geo/GeoJsonMultiPolygon
instanceKlass org/springframework/data/geo/Polygon
instanceKlass org/springframework/data/geo/Shape
instanceKlass org/springframework/data/mongodb/core/geo/GeoJsonMultiLineString
instanceKlass org/springframework/data/mongodb/core/geo/GeoJsonMultiPoint
instanceKlass jdk/internal/icu/text/ReplaceableString
instanceKlass jdk/internal/icu/text/Replaceable
instanceKlass jdk/internal/icu/text/UCharacterIterator
instanceKlass sun/text/CollatorUtilities
instanceKlass java/text/CollationElementIterator
instanceKlass org/springframework/data/geo/Point
instanceKlass org/springframework/data/mongodb/core/geo/GeoJson
instanceKlass com/mongodb/Function
instanceKlass sun/text/ComposedCharIter
instanceKlass java/text/EntryPair
instanceKlass java/text/PatternEntry
instanceKlass java/text/PatternEntry$Parser
instanceKlass java/text/MergeCollation
instanceKlass jdk/internal/icu/lang/UCharacter
instanceKlass jdk/internal/icu/text/UTF16
instanceKlass jdk/internal/icu/impl/NormalizerImpl$UTF16Plus
instanceKlass jdk/internal/icu/impl/Norm2AllModes$NFCSingleton
instanceKlass sun/text/UCompactIntArray
instanceKlass sun/text/IntHashtable
instanceKlass java/text/RBCollationTables$BuildAPI
instanceKlass java/text/RBTableBuilder
instanceKlass java/text/RBCollationTables
instanceKlass java/text/Collator
instanceKlass org/springframework/data/mongodb/core/convert/GeoConverters
instanceKlass org/springframework/data/convert/ConverterBuilder$ConverterAware
instanceKlass org/springframework/data/convert/ConverterBuilder$WritingConverterBuilder
instanceKlass org/springframework/data/convert/ConverterBuilder$WritingConverterAware
instanceKlass org/springframework/data/convert/ConverterBuilder$ReadingConverterBuilder
instanceKlass org/springframework/data/convert/ConverterBuilder$ReadingConverterAware
instanceKlass org/springframework/data/convert/ConverterBuilder
instanceKlass org/springframework/data/domain/Vector
instanceKlass org/bson/codecs/ObjectIdGenerator
instanceKlass org/bson/codecs/CodeWithScopeCodec
instanceKlass org/bson/codecs/AbstractCollectionCodec
instanceKlass org/bson/codecs/DocumentCodec
instanceKlass com/mongodb/DBObject
instanceKlass com/mongodb/DBRef
instanceKlass org/bson/codecs/configuration/MapOfCodecsProvider
instanceKlass org/springframework/data/mongodb/core/convert/MongoConverters$DocumentToStringConverter$1
instanceKlass org/springframework/data/mongodb/core/convert/MongoConverters
instanceKlass org/springframework/data/convert/JMoleculesConverters
instanceKlass org/springframework/data/mongodb/core/MongoExceptionTranslator
instanceKlass com/mongodb/client/model/bulk/ClientBulkWriteResult
instanceKlass com/mongodb/client/model/bulk/ClientBulkWriteOptions
instanceKlass com/mongodb/ClientSessionOptions
instanceKlass org/bson/json/StrictCharacterStreamJsonWriter$StrictJsonContext
instanceKlass org/bson/json/StrictCharacterStreamJsonWriterSettings$Builder
instanceKlass org/bson/json/StrictCharacterStreamJsonWriterSettings
instanceKlass org/bson/json/StrictCharacterStreamJsonWriter
instanceKlass org/bson/json/StrictJsonWriter
instanceKlass org/bson/json/JsonJavaScriptConverter
instanceKlass org/bson/json/JsonWriterSettings$Builder
instanceKlass org/bson/json/ShellRegularExpressionConverter
instanceKlass org/bson/json/LegacyExtendedJsonRegularExpressionConverter
instanceKlass org/bson/json/ExtendedJsonRegularExpressionConverter
instanceKlass org/bson/json/ShellTimestampConverter
instanceKlass org/bson/json/ExtendedJsonTimestampConverter
instanceKlass org/bson/json/ShellObjectIdConverter
instanceKlass org/bson/json/ExtendedJsonObjectIdConverter
instanceKlass org/bson/json/ShellDecimal128Converter
instanceKlass org/bson/json/ExtendedJsonDecimal128Converter
instanceKlass org/bson/json/ShellInt64Converter
instanceKlass org/bson/json/RelaxedExtendedJsonInt64Converter
instanceKlass org/bson/json/ExtendedJsonInt64Converter
instanceKlass com/mongodb/event/ServerDescriptionChangedEvent
instanceKlass org/bson/json/ShellBinaryConverter
instanceKlass com/mongodb/internal/connection/ServerTypeHelper$1
instanceKlass org/bson/json/LegacyExtendedJsonBinaryConverter
instanceKlass com/mongodb/internal/connection/ServerTypeHelper
instanceKlass org/bson/json/ExtendedJsonBinaryConverter
instanceKlass org/bson/json/ShellDateTimeConverter
instanceKlass org/bson/json/RelaxedExtendedJsonDateTimeConverter
instanceKlass org/bson/json/ExtendedJsonDateTimeConverter
instanceKlass org/bson/json/LegacyExtendedJsonDateTimeConverter
instanceKlass jdk/internal/loader/BootLoader$PackageHelper
instanceKlass ch/qos/logback/classic/spi/ClassPackagingData
instanceKlass org/bson/json/ShellUndefinedConverter
instanceKlass org/bson/json/ExtendedJsonUndefinedConverter
instanceKlass ch/qos/logback/classic/spi/STEUtil
instanceKlass org/bson/json/ShellMaxKeyConverter
instanceKlass org/bson/json/ExtendedJsonMaxKeyConverter
instanceKlass ch/qos/logback/classic/spi/PackagingDataCalculator
instanceKlass org/bson/json/ShellMinKeyConverter
instanceKlass org/bson/json/ExtendedJsonMinKeyConverter
instanceKlass org/bson/json/JsonSymbolConverter
instanceKlass ch/qos/logback/classic/spi/ThrowableProxyUtil
instanceKlass org/bson/json/ExtendedJsonInt32Converter
instanceKlass org/bson/json/JsonInt32Converter
instanceKlass ch/qos/logback/classic/spi/StackTraceElementProxy
instanceKlass org/bson/json/RelaxedExtendedJsonDoubleConverter
instanceKlass org/bson/json/ExtendedJsonDoubleConverter
instanceKlass ch/qos/logback/classic/spi/ThrowableProxy
instanceKlass org/bson/json/JsonDoubleConverter
instanceKlass org/bson/json/JsonBooleanConverter
instanceKlass com/mongodb/internal/connection/DefaultServerMonitor$1
instanceKlass org/bson/json/JsonStringConverter
instanceKlass org/bson/json/JsonNullConverter
instanceKlass org/bson/json/Converter
instanceKlass com/mongodb/internal/thread/InterruptionUtil
instanceKlass sun/net/util/SocketExceptions
instanceKlass sun/net/spi/DefaultProxySelector$3
instanceKlass sun/net/spi/DefaultProxySelector$NonProxyInfo
instanceKlass sun/net/spi/DefaultProxySelector$1
instanceKlass java/net/Proxy
instanceKlass com/mongodb/internal/bulk/WriteRequest
instanceKlass java/net/ProxySelector
instanceKlass java/net/SocksSocketImpl$3
instanceKlass com/mongodb/internal/operation/Operations
instanceKlass com/mongodb/internal/function/CheckedFunction
instanceKlass java/util/function/LongFunction
instanceKlass com/mongodb/internal/time/TimePoint
instanceKlass com/mongodb/internal/time/StartTime
instanceKlass com/mongodb/internal/operation/ExplainableReadOperation
instanceKlass com/mongodb/internal/time/Timeout
instanceKlass com/mongodb/internal/operation/ReadOperation
instanceKlass com/mongodb/internal/operation/WriteOperation
instanceKlass com/mongodb/internal/operation/SyncOperations
instanceKlass com/mongodb/internal/connection/SslHelper
instanceKlass java/net/SocketImplFactory
instanceKlass com/mongodb/internal/connection/SocketStreamHelper
instanceKlass java/net/SocksConsts
instanceKlass com/mongodb/internal/binding/ClusterAwareReadWriteBinding
instanceKlass com/mongodb/internal/binding/ReadWriteBinding
instanceKlass com/mongodb/internal/binding/WriteBinding
instanceKlass com/mongodb/internal/binding/ReadBinding
instanceKlass com/mongodb/internal/binding/BindingContext
instanceKlass com/mongodb/client/internal/MongoClusterImpl$OperationExecutorImpl
instanceKlass com/mongodb/internal/connection/SocketStream
instanceKlass com/mongodb/internal/session/ServerSessionPool$Clock
instanceKlass com/mongodb/internal/connection/OperationContext$ServerDeprioritization$DeprioritizingSelector
instanceKlass com/mongodb/internal/connection/OperationContext$ServerDeprioritization
instanceKlass com/mongodb/internal/TimeoutContext
instanceKlass com/mongodb/internal/connection/NoOpSessionContext
instanceKlass com/mongodb/session/ServerSession
instanceKlass com/mongodb/internal/session/ServerSessionPool
instanceKlass com/mongodb/internal/IgnorableRequestContext
instanceKlass org/bson/codecs/configuration/OverridableUuidRepresentationCodecProvider
instanceKlass com/mongodb/RequestContext
instanceKlass com/mongodb/internal/session/SessionContext
instanceKlass com/mongodb/internal/connection/OperationContext
instanceKlass com/mongodb/client/ClientSession
instanceKlass com/mongodb/session/ClientSession
instanceKlass com/mongodb/client/MongoDatabase
instanceKlass com/mongodb/client/internal/OperationExecutor
instanceKlass com/mongodb/client/ChangeStreamIterable
instanceKlass com/mongodb/connection/ConnectionId
instanceKlass com/mongodb/client/ListDatabasesIterable
instanceKlass com/mongodb/client/MongoIterable
instanceKlass com/mongodb/client/internal/MongoClusterImpl
instanceKlass com/mongodb/connection/ConnectionDescription
instanceKlass com/mongodb/internal/connection/CommandHelper
instanceKlass com/mongodb/client/internal/MongoClientImpl
instanceKlass com/mongodb/internal/connection/Compressor
instanceKlass org/bson/io/BsonInput
instanceKlass com/mongodb/internal/async/SingleResultCallback
instanceKlass com/mongodb/connection/AsyncCompletionHandler
instanceKlass com/mongodb/internal/connection/CommandEventSender
instanceKlass com/mongodb/internal/connection/InternalStreamConnection
instanceKlass com/mongodb/event/ClusterDescriptionChangedEvent
instanceKlass com/mongodb/internal/connection/EventHelper
instanceKlass com/mongodb/event/ServerOpeningEvent
instanceKlass com/mongodb/internal/connection/Connection
instanceKlass com/mongodb/internal/connection/AsyncConnection
instanceKlass com/mongodb/internal/binding/ReferenceCounted
instanceKlass com/mongodb/internal/connection/DefaultConnectionFactory
instanceKlass com/mongodb/internal/connection/InternalStreamConnectionInitializer
instanceKlass com/mongodb/internal/connection/ProtocolExecutor
instanceKlass com/mongodb/internal/connection/DefaultServer
instanceKlass com/mongodb/internal/connection/InternalConnectionFactory$1
instanceKlass com/mongodb/connection/TopologyVersion
instanceKlass com/mongodb/internal/connection/TopologyVersionHelper
instanceKlass com/mongodb/internal/connection/Time
instanceKlass com/mongodb/TagSet
instanceKlass com/mongodb/connection/ServerDescription$Builder
instanceKlass com/mongodb/internal/connection/ServerDescriptionHelper
instanceKlass com/mongodb/internal/connection/DefaultSdamServerDescriptionManager
instanceKlass com/mongodb/internal/connection/DefaultConnectionPool$1
instanceKlass java/util/concurrent/locks/StampedLock$ReadWriteLockView
instanceKlass com/mongodb/internal/connection/DefaultConnectionPool$StateAndGeneration
instanceKlass java/util/concurrent/locks/StampedLock$WriteLockView
instanceKlass java/util/concurrent/locks/StampedLock
instanceKlass com/mongodb/internal/connection/DefaultConnectionPool$AsyncWorkManager
instanceKlass com/mongodb/internal/connection/DefaultConnectionPool$OpenConcurrencyLimiter
instanceKlass io/micrometer/core/instrument/simple/SimpleMeterRegistry$1
instanceKlass io/micrometer/core/instrument/Counter$Builder
instanceKlass io/micrometer/core/instrument/util/MeterEquivalence
instanceKlass io/micrometer/core/instrument/AbstractMeter
instanceKlass io/micrometer/core/instrument/Tags$ArrayIterator
instanceKlass io/micrometer/core/instrument/ImmutableTag
instanceKlass io/micrometer/core/instrument/Tags
instanceKlass io/micrometer/core/instrument/Gauge$Builder
instanceKlass com/mongodb/internal/logging/StructuredLogger$1
instanceKlass com/mongodb/internal/connection/DefaultConnectionPool$BackgroundMaintenanceManager
instanceKlass com/mongodb/internal/connection/ConcurrentPool$StateAndPermits
instanceKlass com/mongodb/internal/connection/ConcurrentPool
instanceKlass com/mongodb/internal/connection/Pool
instanceKlass com/mongodb/internal/connection/DefaultConnectionPool$UsageTrackingInternalConnectionItemFactory
instanceKlass com/mongodb/internal/connection/DefaultConnectionPool$ServiceStateManager
instanceKlass com/mongodb/internal/connection/DefaultConnectionPool$PinnedStatsManager
instanceKlass com/mongodb/internal/connection/ConcurrentPool$ItemFactory
instanceKlass com/mongodb/internal/connection/DefaultConnectionPool
instanceKlass com/mongodb/internal/connection/RoundTripTimeSampler$RecentSamples
instanceKlass com/mongodb/internal/connection/ExponentiallyWeightedMovingAverage
instanceKlass com/mongodb/internal/connection/RoundTripTimeSampler
instanceKlass com/mongodb/internal/connection/FaasEnvironment$1
instanceKlass org/bson/BsonDocument$1
instanceKlass org/bson/codecs/EncoderContext$Builder
instanceKlass org/bson/codecs/EncoderContext
instanceKlass org/bson/NoOpFieldNameValidator
instanceKlass org/bson/BsonBinaryWriterSettings
instanceKlass org/bson/BsonWriterSettings
instanceKlass org/bson/AbstractBsonWriter$Context
instanceKlass org/bson/FieldNameValidator
instanceKlass org/bson/AbstractBsonWriter
instanceKlass org/bson/codecs/BsonJavaScriptWithScopeCodec
instanceKlass org/bson/codecs/BsonArrayCodec
instanceKlass org/bson/internal/LazyCodec
instanceKlass org/bson/internal/CodecCache$CodecCacheKey
instanceKlass org/bson/internal/ChildCodecRegistry
instanceKlass org/bson/codecs/BsonTypeCodecMap
instanceKlass org/bson/codecs/BsonDocumentCodec
instanceKlass org/bson/BsonReader
instanceKlass org/bson/io/BsonOutput
instanceKlass com/mongodb/internal/connection/ClientMetadataHelper
instanceKlass com/mongodb/internal/connection/SpeculativeAuthenticator
instanceKlass com/mongodb/internal/connection/Authenticator
instanceKlass com/mongodb/internal/connection/InternalConnection
instanceKlass com/mongodb/internal/connection/InternalConnectionInitializer
instanceKlass com/mongodb/internal/connection/ConnectionGenerationSupplier
instanceKlass com/mongodb/internal/connection/InternalStreamConnectionFactory
instanceKlass com/mongodb/internal/connection/DefaultServerMonitor
instanceKlass com/mongodb/internal/inject/SameObjectProvider
instanceKlass com/mongodb/connection/ServerId
instanceKlass com/mongodb/internal/function/CheckedSupplier
instanceKlass com/mongodb/internal/Locks
instanceKlass com/mongodb/internal/connection/ClusterDescriptionHelper
instanceKlass com/mongodb/connection/ServerDescription
instanceKlass com/mongodb/internal/connection/ClusterDescriptionHelper$Predicate
instanceKlass com/mongodb/connection/ClusterDescription
instanceKlass com/mongodb/event/ClusterOpeningEvent
instanceKlass com/mongodb/internal/connection/ClusterClock
instanceKlass com/mongodb/internal/logging/StructuredLogger
instanceKlass com/mongodb/selector/ServerSelector
instanceKlass com/mongodb/internal/connection/BaseCluster
instanceKlass com/mongodb/internal/connection/ClusterableServer
instanceKlass com/mongodb/internal/connection/Server
instanceKlass com/mongodb/internal/connection/ConnectionFactory
instanceKlass com/mongodb/internal/connection/SdamServerDescriptionManager
instanceKlass com/mongodb/internal/connection/ServerMonitor
instanceKlass com/mongodb/internal/connection/ConnectionPool
instanceKlass com/mongodb/internal/connection/InternalConnectionFactory
instanceKlass com/mongodb/internal/inject/Provider
instanceKlass com/mongodb/internal/inject/OptionalProvider
instanceKlass com/mongodb/internal/connection/DefaultClusterableServerFactory
instanceKlass com/mongodb/internal/connection/InternalOperationContextFactory
instanceKlass com/mongodb/internal/connection/DnsSrvRecordMonitor
instanceKlass com/mongodb/internal/dns/DnsResolver
instanceKlass com/mongodb/internal/connection/DefaultDnsSrvRecordMonitorFactory
instanceKlass com/mongodb/connection/ClusterSettings$1
instanceKlass com/mongodb/connection/ClusterId
instanceKlass com/mongodb/internal/event/EventListenerHelper$4
instanceKlass com/mongodb/internal/event/EventListenerHelper$3
instanceKlass com/mongodb/internal/event/EventListenerHelper$2
instanceKlass com/mongodb/internal/event/EventListenerHelper$1
instanceKlass com/mongodb/event/ClusterListener
instanceKlass com/mongodb/event/ServerMonitorListener
instanceKlass com/mongodb/event/ServerListener
instanceKlass com/mongodb/internal/event/EventListenerHelper
instanceKlass com/mongodb/internal/TimeoutSettings
instanceKlass com/mongodb/internal/connection/InternalConnectionPoolSettings$Builder
instanceKlass com/mongodb/internal/connection/InternalConnectionPoolSettings
instanceKlass com/mongodb/internal/connection/Cluster
instanceKlass com/mongodb/internal/connection/ClusterableServerFactory
instanceKlass com/mongodb/internal/connection/DnsSrvRecordMonitorFactory
instanceKlass com/mongodb/internal/connection/DefaultClusterFactory
instanceKlass java/util/concurrent/Executors$DelegatedExecutorService
instanceKlass com/mongodb/internal/thread/DaemonThreadFactory
instanceKlass com/mongodb/internal/connection/PowerOfTwoBufferPool$BufferPool
instanceKlass org/bson/ByteBuf
instanceKlass com/mongodb/internal/connection/PowerOfTwoBufferPool
instanceKlass javax/net/SocketFactory
instanceKlass com/mongodb/internal/connection/Stream
instanceKlass com/mongodb/internal/connection/BufferProvider
instanceKlass com/mongodb/internal/connection/SocketStreamFactory
instanceKlass com/mongodb/client/internal/Clusters
instanceKlass com/mongodb/internal/connection/StreamFactory
instanceKlass com/mongodb/internal/connection/StreamFactoryHelper$1
instanceKlass com/mongodb/internal/connection/StreamFactoryFactory
instanceKlass com/mongodb/internal/connection/StreamFactoryHelper
instanceKlass com/mongodb/internal/connection/DefaultInetAddressResolver
instanceKlass com/mongodb/MongoDriverInformation$Builder
instanceKlass com/mongodb/spi/dns/InetAddressResolverProvider
instanceKlass com/mongodb/internal/connection/ServerAddressHelper
instanceKlass com/mongodb/MongoNamespace
instanceKlass com/mongodb/internal/diagnostics/logging/SLF4JLogger
instanceKlass com/mongodb/internal/diagnostics/logging/Logger
instanceKlass com/mongodb/internal/diagnostics/logging/Loggers
instanceKlass com/mongodb/MongoDriverInformation
instanceKlass com/mongodb/client/MongoClients
instanceKlass com/mongodb/ConnectionString
instanceKlass org/springframework/boot/autoconfigure/mongo/MongoConnectionDetails$GridFs
instanceKlass com/mongodb/event/CommandEvent
instanceKlass io/micrometer/core/instrument/binder/mongodb/DefaultMongoCommandTagsProvider
instanceKlass com/mongodb/event/ConnectionReadyEvent
instanceKlass com/mongodb/event/ConnectionPoolClearedEvent
instanceKlass com/mongodb/event/ConnectionPoolReadyEvent
instanceKlass com/mongodb/event/ConnectionCreatedEvent
instanceKlass com/mongodb/event/ConnectionCheckOutFailedEvent
instanceKlass com/mongodb/event/ConnectionCheckedOutEvent
instanceKlass com/mongodb/event/ConnectionCheckOutStartedEvent
instanceKlass com/mongodb/event/ConnectionCheckedInEvent
instanceKlass com/mongodb/event/ConnectionPoolClosedEvent
instanceKlass com/mongodb/event/ConnectionClosedEvent
instanceKlass com/mongodb/event/ConnectionPoolCreatedEvent
instanceKlass io/micrometer/core/instrument/binder/mongodb/DefaultMongoConnectionPoolTagsProvider
instanceKlass org/springframework/boot/autoconfigure/mongo/MongoClientFactorySupport
instanceKlass com/mongodb/lang/Nullable
instanceKlass com/mongodb/AutoEncryptionSettings
instanceKlass com/mongodb/spi/dns/InetAddressResolver
instanceKlass com/mongodb/connection/TransportSettings
instanceKlass com/mongodb/ContextProvider
instanceKlass com/mongodb/ServerApi
instanceKlass com/mongodb/MongoCredential
instanceKlass com/mongodb/spi/dns/DnsClient
instanceKlass com/mongodb/Block
instanceKlass com/mongodb/connection/SslSettings$Builder
instanceKlass com/mongodb/connection/SslSettings
instanceKlass com/mongodb/connection/ServerSettings$Builder
instanceKlass com/mongodb/connection/ServerSettings
instanceKlass com/mongodb/connection/ConnectionPoolSettings
instanceKlass com/mongodb/connection/ProxySettings$Builder
instanceKlass com/mongodb/connection/ProxySettings
instanceKlass com/mongodb/connection/SocketSettings$Builder
instanceKlass com/mongodb/connection/SocketSettings
instanceKlass com/mongodb/ServerAddress
instanceKlass com/mongodb/connection/ClusterSettings$Builder
instanceKlass com/mongodb/connection/ClusterSettings
instanceKlass com/mongodb/LoggerSettings$Builder
instanceKlass com/mongodb/LoggerSettings
instanceKlass com/mongodb/ReadConcern
instanceKlass com/mongodb/WriteConcern
instanceKlass com/mongodb/ReadPreference
instanceKlass com/mongodb/KotlinCodecProvider
instanceKlass org/bson/codecs/record/RecordCodecProvider
instanceKlass com/mongodb/Jep395RecordCodecProvider
instanceKlass com/mongodb/client/model/mql/ExpressionCodecProvider
instanceKlass org/bson/codecs/EnumCodecProvider
instanceKlass org/bson/codecs/BsonCodecProvider
instanceKlass org/bson/codecs/JsonObjectCodecProvider
instanceKlass org/bson/codecs/jsr310/DateTimeBasedCodec
instanceKlass org/bson/codecs/jsr310/Jsr310CodecProvider
instanceKlass com/mongodb/client/gridfs/codecs/GridFSFileCodecProvider
instanceKlass com/mongodb/client/model/geojson/codecs/GeoJsonCodecProvider
instanceKlass org/bson/codecs/MapCodecProvider
instanceKlass org/bson/codecs/IterableCodecProvider
instanceKlass org/bson/codecs/CollectionCodecProvider
instanceKlass com/mongodb/DocumentToDBRefTransformer
instanceKlass org/bson/codecs/DocumentCodecProvider
instanceKlass org/bson/assertions/Assertions
instanceKlass org/bson/internal/CodecCache
instanceKlass org/bson/internal/ProvidersCodecRegistry
instanceKlass org/bson/internal/CycleDetectingCodecRegistry
instanceKlass org/bson/codecs/configuration/CodecRegistry
instanceKlass org/bson/codecs/configuration/CodecRegistries
instanceKlass com/mongodb/assertions/Assertions
instanceKlass org/bson/types/BSONTimestamp
instanceKlass org/bson/BsonWriter
instanceKlass org/bson/BSONObject
instanceKlass com/mongodb/DBObjectFactory
instanceKlass org/bson/codecs/IdGenerator
instanceKlass com/mongodb/DBObjectCodec
instanceKlass org/bson/codecs/CollectibleCodec
instanceKlass com/mongodb/DBObjectCodecProvider
instanceKlass com/mongodb/DBRefCodecProvider
instanceKlass org/bson/codecs/BsonUndefinedCodec
instanceKlass org/bson/codecs/BsonTimestampCodec
instanceKlass org/bson/codecs/BsonSymbolCodec
instanceKlass org/bson/codecs/BsonStringCodec
instanceKlass org/bson/codecs/BsonRegularExpressionCodec
instanceKlass org/bson/codecs/BsonObjectIdCodec
instanceKlass org/bson/codecs/BsonJavaScriptCodec
instanceKlass org/bson/codecs/BsonMaxKeyCodec
instanceKlass org/bson/codecs/BsonMinKeyCodec
instanceKlass org/bson/codecs/BsonDecimal128Codec
instanceKlass org/bson/codecs/BsonInt64Codec
instanceKlass org/bson/codecs/BsonInt32Codec
instanceKlass org/bson/codecs/BsonDoubleCodec
instanceKlass org/bson/codecs/BsonDBPointerCodec
instanceKlass org/bson/codecs/BsonDateTimeCodec
instanceKlass org/bson/codecs/BsonBooleanCodec
instanceKlass org/bson/codecs/BsonBinaryCodec
instanceKlass org/bson/codecs/BsonNullCodec
instanceKlass org/bson/Document
instanceKlass org/bson/codecs/BsonTypeClassMap
instanceKlass org/bson/conversions/Bson
instanceKlass org/bson/BsonValue
instanceKlass org/bson/codecs/BsonValueCodecProvider
instanceKlass org/bson/codecs/AtomicLongCodec
instanceKlass org/bson/codecs/AtomicIntegerCodec
instanceKlass org/bson/codecs/AtomicBooleanCodec
instanceKlass org/bson/codecs/FloatCodec
instanceKlass org/bson/codecs/ByteArrayCodec
instanceKlass org/bson/codecs/ShortCodec
instanceKlass org/bson/codecs/PatternCodec
instanceKlass org/bson/codecs/ByteCodec
instanceKlass org/bson/codecs/PackedBitBinaryVectorCodec
instanceKlass org/bson/codecs/Int8VectorCodec
instanceKlass org/bson/codecs/Float32BinaryVectorCodec
instanceKlass org/bson/BinaryVector
instanceKlass org/bson/codecs/BinaryVectorCodec
instanceKlass org/bson/codecs/UuidCodec
instanceKlass org/bson/codecs/OverridableUuidRepresentationCodec
instanceKlass org/bson/types/Symbol
instanceKlass org/bson/codecs/SymbolCodec
instanceKlass org/bson/codecs/StringCodec
instanceKlass org/bson/codecs/RepresentationConfigurable
instanceKlass org/bson/codecs/CharacterCodec
instanceKlass org/bson/types/ObjectId
instanceKlass org/bson/codecs/ObjectIdCodec
instanceKlass org/bson/codecs/BigDecimalCodec
instanceKlass org/bson/codecs/Decimal128Codec
instanceKlass org/bson/types/Code
instanceKlass org/bson/codecs/CodeCodec
instanceKlass org/bson/types/MaxKey
instanceKlass org/bson/codecs/MaxKeyCodec
instanceKlass org/bson/types/MinKey
instanceKlass org/bson/codecs/MinKeyCodec
instanceKlass org/bson/codecs/LongCodec
instanceKlass org/bson/codecs/IntegerCodec
instanceKlass org/bson/codecs/DoubleCodec
instanceKlass org/bson/codecs/DateCodec
instanceKlass org/bson/codecs/BooleanCodec
instanceKlass org/bson/types/Binary
instanceKlass org/bson/codecs/BinaryCodec
instanceKlass org/bson/codecs/Codec
instanceKlass org/bson/codecs/Decoder
instanceKlass org/bson/codecs/Encoder
instanceKlass org/bson/codecs/ValueCodecProvider
instanceKlass org/bson/codecs/configuration/CodecProvider
instanceKlass org/bson/Transformer
instanceKlass org/springframework/data/repository/core/support/MethodLookup$MethodPredicate
instanceKlass org/springframework/data/repository/core/support/MethodLookup
instanceKlass org/springframework/data/repository/core/support/MethodLookup$InvokedMethod
instanceKlass org/springframework/data/repository/query/QueryMethod
instanceKlass org/springframework/core/SerializableTypeWrapper$FieldTypeProvider
instanceKlass org/springframework/beans/factory/annotation/InjectionMetadata$InjectedElement
instanceKlass org/springframework/ui/Model
instanceKlass org/springframework/security/core/Authentication
instanceKlass org/springframework/web/multipart/MultipartFile
instanceKlass org/springframework/beans/factory/SmartFactoryBean
instanceKlass org/springframework/beans/factory/support/DefaultListableBeanFactory$3
instanceKlass org/springframework/context/weaving/LoadTimeWeaverAware
instanceKlass org/springframework/beans/factory/BeanFactoryInitializer
instanceKlass org/springframework/scheduling/concurrent/ExecutorLifecycleDelegate
instanceKlass java/util/concurrent/CompletableFuture
instanceKlass java/util/concurrent/CompletionStage
instanceKlass org/springframework/util/concurrent/ListenableFuture
instanceKlass org/springframework/boot/autoconfigure/task/TaskExecutionProperties$Pool$Shutdown
instanceKlass org/springframework/core/task/TaskDecorator
instanceKlass org/springframework/boot/task/ThreadPoolTaskExecutorCustomizer
instanceKlass org/springframework/boot/web/servlet/context/WebServerStartStopLifecycle
instanceKlass org/springframework/boot/web/context/WebServerGracefulShutdownLifecycle
instanceKlass org/apache/naming/ContextAccessController
instanceKlass org/apache/naming/StringManager
instanceKlass org/apache/naming/ContextBindings
instanceKlass org/apache/catalina/mapper/WrapperMappingInfo
instanceKlass java/util/concurrent/ForkJoinPool$WorkQueue
instanceKlass java/util/concurrent/ForkJoinPool$DefaultCommonPoolForkJoinWorkerThreadFactory
instanceKlass java/util/concurrent/ForkJoinPool$1
instanceKlass java/util/concurrent/ForkJoinPool$DefaultForkJoinWorkerThreadFactory
instanceKlass java/util/concurrent/ForkJoinPool$ForkJoinWorkerThreadFactory
instanceKlass org/apache/catalina/mapper/Mapper$ContextList
instanceKlass org/apache/catalina/core/ContainerBase$ContainerBackgroundProcessor
instanceKlass org/apache/tomcat/util/threads/Constants
instanceKlass org/apache/tomcat/util/threads/TaskThread$WrappingRunnable
instanceKlass org/apache/catalina/core/ContainerBase$ContainerBackgroundProcessorMonitor
instanceKlass io/micrometer/observation/transport/ResponseContext
instanceKlass jdk/internal/vm/annotation/IntrinsicCandidate
instanceKlass org/apache/catalina/util/Introspection
instanceKlass org/apache/catalina/core/ApplicationFilterConfig
instanceKlass jakarta/servlet/HttpConstraintElement
instanceKlass org/apache/catalina/core/StandardContext$NoPluggabilityServletContext
instanceKlass org/apache/tomcat/websocket/server/WsContextListener
instanceKlass org/apache/tomcat/websocket/server/WsSessionListener
instanceKlass jakarta/servlet/GenericFilter
instanceKlass java/nio/channels/CompletionHandler
instanceKlass jakarta/websocket/SendHandler
instanceKlass org/apache/tomcat/websocket/server/WsWriteTimeout
instanceKlass org/apache/tomcat/websocket/WsExtension
instanceKlass jakarta/websocket/Extension
instanceKlass org/apache/tomcat/websocket/Constants
instanceKlass jakarta/websocket/CloseReason
instanceKlass org/apache/tomcat/websocket/ClientEndpointHolder
instanceKlass jakarta/websocket/CloseReason$CloseCode
instanceKlass jakarta/websocket/Session
instanceKlass jakarta/websocket/EndpointConfig
instanceKlass org/apache/tomcat/websocket/WsRemoteEndpointImplBase
instanceKlass jakarta/websocket/RemoteEndpoint
instanceKlass org/apache/tomcat/websocket/AsyncChannelWrapper
instanceKlass jakarta/websocket/HandshakeResponse
instanceKlass org/apache/tomcat/websocket/WsWebSocketContainer
instanceKlass org/apache/tomcat/websocket/BackgroundProcess
instanceKlass org/apache/catalina/core/ApplicationServletRegistration
instanceKlass org/apache/tomcat/util/modeler/Util
instanceKlass org/apache/catalina/core/StandardWrapperFacade
instanceKlass org/apache/catalina/core/ApplicationFilterRegistration
instanceKlass org/apache/tomcat/util/descriptor/web/Constants
instanceKlass org/springframework/boot/web/servlet/ServletContextInitializerBeans$ServletListenerRegistrationBeanAdapter
instanceKlass jakarta/servlet/ServletContextListener
instanceKlass jakarta/servlet/http/HttpSessionListener
instanceKlass jakarta/servlet/http/HttpSessionIdListener
instanceKlass jakarta/servlet/http/HttpSessionAttributeListener
instanceKlass jakarta/servlet/ServletRequestAttributeListener
instanceKlass jakarta/servlet/ServletContextAttributeListener
instanceKlass org/springframework/boot/web/servlet/FilterRegistration
instanceKlass jakarta/servlet/FilterChain
instanceKlass jakarta/servlet/FilterConfig
instanceKlass org/springframework/boot/web/servlet/ServletContextInitializerBeans$FilterRegistrationBeanAdapter
instanceKlass org/springframework/boot/web/servlet/ServletContextInitializerBeans$ServletRegistrationBeanAdapter
instanceKlass org/springframework/boot/actuate/endpoint/web/annotation/ServletEndpoint
instanceKlass org/springframework/aot/hint/annotation/RegisterReflectionReflectiveProcessor
instanceKlass org/springframework/boot/actuate/endpoint/web/servlet/WebMvcEndpointHandlerMapping$WebMvcEndpointHandlerMappingRuntimeHints
instanceKlass org/springframework/boot/actuate/web/mappings/servlet/FiltersMappingDescriptionProvider$FiltersMappingDescriptionProviderRuntimeHints
instanceKlass org/springframework/boot/actuate/web/mappings/servlet/ServletsMappingDescriptionProvider$ServletsMappingDescriptionProviderRuntimeHints
instanceKlass org/springframework/boot/actuate/web/mappings/servlet/DispatcherServletsMappingDescriptionProvider$DispatcherServletsMappingDescriptionProviderRuntimeHints
instanceKlass org/springframework/boot/actuate/endpoint/web/annotation/ControllerEndpointDiscoverer$ControllerEndpointDiscovererRuntimeHints
instanceKlass org/springframework/boot/actuate/endpoint/web/annotation/WebEndpointDiscoverer$WebEndpointDiscovererRuntimeHints
instanceKlass org/springframework/boot/actuate/endpoint/jmx/annotation/JmxEndpointDiscoverer$JmxEndpointDiscovererRuntimeHints
instanceKlass com/mongodb/annotations/Immutable
instanceKlass io/micrometer/common/lang/NonNullFields
instanceKlass javax/annotation/meta/TypeQualifierDefault
instanceKlass io/micrometer/common/lang/NonNullApi
instanceKlass org/springframework/boot/actuate/health/HealthEndpointWebExtensionRuntimeHints
instanceKlass org/springframework/boot/actuate/endpoint/web/servlet/AbstractWebMvcEndpointHandlerMapping$AbstractWebMvcEndpointHandlerMappingRuntimeHints
instanceKlass org/springframework/jmx/export/annotation/ManagedResource
instanceKlass org/springframework/boot/actuate/endpoint/web/annotation/ServletEndpointDiscoverer$ServletEndpointDiscovererRuntimeHints
instanceKlass sun/reflect/generics/tree/BooleanSignature
instanceKlass org/springframework/boot/actuate/endpoint/annotation/EndpointDiscoverer$ExtensionBean
instanceKlass org/springframework/boot/actuate/endpoint/annotation/EndpointDiscoverer$EndpointBean
instanceKlass org/springframework/boot/actuate/endpoint/annotation/EndpointDiscoverer$OperationKey
instanceKlass org/springframework/boot/actuate/endpoint/annotation/DeleteOperation
instanceKlass org/springframework/boot/actuate/endpoint/annotation/WriteOperation
instanceKlass org/springframework/boot/actuate/endpoint/annotation/ReadOperation
instanceKlass org/springframework/boot/actuate/endpoint/invoke/OperationInvoker
instanceKlass org/springframework/boot/actuate/endpoint/invoke/reflect/OperationMethod
instanceKlass org/springframework/boot/actuate/endpoint/invoke/OperationParameter
instanceKlass org/springframework/boot/actuate/autoconfigure/endpoint/web/MappingWebEndpointPathMapper
instanceKlass org/springframework/boot/actuate/endpoint/annotation/DiscoveredOperationsFactory
instanceKlass java/util/UUID$Holder
instanceKlass io/micrometer/common/ImmutableKeyValue
instanceKlass io/micrometer/common/KeyValue
instanceKlass io/micrometer/observation/docs/ObservationDocumentation
instanceKlass io/micrometer/common/docs/KeyName
instanceKlass org/springframework/http/server/observation/DefaultServerRequestObservationConvention
instanceKlass io/micrometer/observation/ObservationHandler$FirstMatchingCompositeObservationHandler
instanceKlass io/micrometer/observation/ObservationHandler$CompositeObservationHandler
instanceKlass io/micrometer/observation/Observation$Event
instanceKlass io/micrometer/core/instrument/Metrics$More
instanceKlass io/micrometer/core/instrument/Metrics
instanceKlass io/micrometer/core/instrument/config/MeterFilter$9
instanceKlass org/springframework/boot/actuate/autoconfigure/metrics/OnlyOnceLoggingDenyMeterFilter
instanceKlass org/springframework/boot/actuate/autoconfigure/metrics/ServiceLevelObjectiveBoundary
instanceKlass org/springframework/boot/actuate/autoconfigure/metrics/PropertiesMeterFilter$1
instanceKlass org/springframework/boot/actuate/autoconfigure/metrics/MetricsProperties$System$Diskspace
instanceKlass org/springframework/boot/actuate/autoconfigure/metrics/AutoTimeProperties
instanceKlass org/springframework/boot/actuate/autoconfigure/metrics/MetricsProperties$Data$Repository
instanceKlass org/springframework/boot/actuate/autoconfigure/metrics/MetricsProperties$Web$Server
instanceKlass org/springframework/boot/actuate/autoconfigure/metrics/MetricsProperties$Web$Client
instanceKlass io/micrometer/core/instrument/HighCardinalityTagsDetector
instanceKlass io/micrometer/core/instrument/search/Search
instanceKlass io/micrometer/core/instrument/search/RequiredSearch
instanceKlass java/util/function/ToDoubleFunction
instanceKlass io/micrometer/core/instrument/distribution/DistributionStatisticConfig
instanceKlass io/micrometer/core/instrument/internal/Mergeable
instanceKlass io/micrometer/core/instrument/Meter$Id
instanceKlass io/micrometer/core/instrument/Measurement
instanceKlass io/micrometer/core/instrument/Tag
instanceKlass io/micrometer/core/instrument/config/validate/Validated$Invalid
instanceKlass io/micrometer/core/instrument/config/validate/Validated$Either
instanceKlass io/micrometer/core/instrument/config/validate/Validated$Valid
instanceKlass io/micrometer/core/instrument/config/validate/Validated$None
instanceKlass io/micrometer/core/instrument/config/MeterRegistryConfigValidator
instanceKlass io/micrometer/core/instrument/config/NamingConvention$4
instanceKlass io/micrometer/core/instrument/config/NamingConvention$3
instanceKlass io/micrometer/core/instrument/config/NamingConvention$2
instanceKlass io/micrometer/core/instrument/config/NamingConvention$1
instanceKlass io/micrometer/core/instrument/config/NamingConvention
instanceKlass io/micrometer/core/instrument/distribution/pause/NoPauseDetector
instanceKlass io/micrometer/core/instrument/MeterRegistry$More
instanceKlass io/micrometer/core/instrument/MeterRegistry$Config
instanceKlass io/micrometer/common/util/internal/logging/AbstractInternalLogger
instanceKlass io/micrometer/common/util/internal/logging/InternalLogger
instanceKlass io/micrometer/common/util/internal/logging/InternalLoggerFactory
instanceKlass io/micrometer/common/util/internal/logging/WarnThenDebugLogger
instanceKlass io/micrometer/core/instrument/Counter
instanceKlass io/micrometer/core/instrument/Timer
instanceKlass io/micrometer/core/instrument/FunctionTimer
instanceKlass io/micrometer/core/instrument/FunctionCounter
instanceKlass io/micrometer/core/instrument/LongTaskTimer
instanceKlass io/micrometer/core/instrument/DistributionSummary
instanceKlass io/micrometer/core/instrument/distribution/HistogramSupport
instanceKlass io/micrometer/core/instrument/TimeGauge
instanceKlass io/micrometer/core/instrument/Gauge
instanceKlass io/micrometer/core/instrument/Meter
instanceKlass io/micrometer/core/instrument/distribution/pause/PauseDetector
instanceKlass io/micrometer/core/instrument/Clock$1
instanceKlass io/micrometer/core/instrument/config/validate/Validated
instanceKlass org/springframework/boot/actuate/autoconfigure/metrics/export/properties/PropertiesConfigAdapter
instanceKlass io/micrometer/common/KeyValues
instanceKlass io/micrometer/observation/Observation$Context
instanceKlass io/micrometer/observation/Observation$ContextView
instanceKlass org/springframework/boot/actuate/autoconfigure/observation/ObservationProperties$Http$Server$ServerRequests
instanceKlass org/springframework/boot/actuate/autoconfigure/observation/ObservationProperties$Http$Server
instanceKlass org/springframework/boot/actuate/autoconfigure/observation/ObservationProperties$Http$Client$ClientRequests
instanceKlass org/springframework/boot/actuate/autoconfigure/observation/ObservationProperties$Http$Client
instanceKlass javax/annotation/meta/TypeQualifier
instanceKlass io/micrometer/common/lang/Nullable
instanceKlass io/micrometer/observation/Observation$Scope
instanceKlass io/micrometer/observation/SimpleObservationRegistry
instanceKlass io/micrometer/observation/ObservationRegistry$ObservationConfig
instanceKlass io/micrometer/observation/NoopObservationRegistry
instanceKlass org/springframework/boot/web/servlet/ServletContextInitializerBeans$Seen
instanceKlass org/springframework/boot/web/servlet/ServletContextInitializerBeans$RegistrationBeanAdapter
instanceKlass org/springframework/web/context/support/ServletContextScope
instanceKlass org/apache/tomcat/InstanceManagerBindings
instanceKlass org/apache/catalina/core/DefaultInstanceManager$AnnotationCacheEntry
instanceKlass org/apache/catalina/core/DefaultInstanceManager
instanceKlass org/apache/tomcat/util/descriptor/web/FilterDef
instanceKlass org/apache/catalina/startup/WebAnnotationSet
instanceKlass org/apache/catalina/webresources/EmptyResource
instanceKlass org/apache/tomcat/util/compat/JrePlatform
instanceKlass org/apache/catalina/webresources/CachedResource
instanceKlass org/apache/catalina/security/SecurityUtil
instanceKlass org/apache/tomcat/util/http/RequestUtil
instanceKlass org/apache/catalina/WebResourceLockSet
instanceKlass org/apache/catalina/webresources/TomcatURLStreamHandlerFactory
instanceKlass org/apache/catalina/core/ApplicationSessionCookieConfig
instanceKlass org/apache/catalina/core/ApplicationContextFacade
instanceKlass jakarta/servlet/RequestDispatcher
instanceKlass jakarta/servlet/FilterRegistration$Dynamic
instanceKlass jakarta/servlet/FilterRegistration
instanceKlass jakarta/servlet/SessionCookieConfig
instanceKlass org/apache/catalina/core/ApplicationContext
instanceKlass org/apache/catalina/util/ContextName
instanceKlass org/apache/catalina/core/ContainerBase$StartChild
instanceKlass org/apache/catalina/realm/X509SubjectDnRetriever
instanceKlass java/util/logging/LogRecord
instanceKlass org/apache/tomcat/util/threads/ScheduledThreadPoolExecutor
instanceKlass org/apache/tomcat/util/threads/TaskThreadFactory
instanceKlass org/apache/catalina/core/AprStatus
instanceKlass org/apache/tomcat/util/buf/StringUtils
instanceKlass org/apache/catalina/util/ServerInfo
instanceKlass org/apache/catalina/connector/CoyoteAdapter
instanceKlass org/apache/catalina/Executor
instanceKlass org/apache/catalina/mbeans/MBeanUtils
instanceKlass org/apache/catalina/mbeans/MBeanFactory
instanceKlass org/apache/tomcat/util/buf/StringCache
instanceKlass org/apache/tomcat/util/net/SocketWrapperBase
instanceKlass org/apache/tomcat/util/net/SSLImplementation
instanceKlass org/springframework/boot/web/embedded/tomcat/GracefulShutdown
instanceKlass org/springframework/boot/web/embedded/tomcat/DisableReferenceClearingContextCustomizer
instanceKlass java/util/Base64$Encoder
instanceKlass java/util/Base64$Decoder
instanceKlass java/util/Base64
instanceKlass javax/crypto/SecretKey
instanceKlass sun/security/util/Length
instanceKlass sun/security/util/KeyUtil
instanceKlass java/security/interfaces/XECKey
instanceKlass java/security/interfaces/ECKey
instanceKlass sun/security/util/JarConstraintsParameters
instanceKlass sun/security/util/ConstraintsParameters
instanceKlass java/security/cert/CertPath
instanceKlass java/math/MutableBigInteger
instanceKlass sun/security/rsa/RSAPadding
instanceKlass sun/security/rsa/RSACore
instanceKlass java/security/interfaces/RSAPrivateCrtKey
instanceKlass sun/security/pkcs/PKCS8Key
instanceKlass sun/security/jca/ServiceId
instanceKlass java/security/Signature$1
instanceKlass jdk/internal/access/JavaSecuritySignatureAccess
instanceKlass java/security/SignatureSpi
instanceKlass jdk/internal/icu/util/CodePointTrie$Data
instanceKlass jdk/internal/icu/util/CodePointTrie$1
instanceKlass jdk/internal/icu/util/CodePointMap
instanceKlass jdk/internal/icu/util/VersionInfo
instanceKlass jdk/internal/icu/impl/ICUBinary$1
instanceKlass jdk/internal/icu/impl/ICUBinary
instanceKlass jdk/internal/icu/impl/NormalizerImpl$IsAcceptable
instanceKlass jdk/internal/icu/impl/ICUBinary$Authenticate
instanceKlass jdk/internal/icu/impl/NormalizerImpl
instanceKlass jdk/internal/icu/impl/Norm2AllModes$Norm2AllModesSingleton
instanceKlass jdk/internal/icu/impl/Norm2AllModes$NFKCSingleton
instanceKlass jdk/internal/icu/impl/Norm2AllModes
instanceKlass jdk/internal/icu/text/Normalizer2
instanceKlass jdk/internal/icu/text/NormalizerBase$ModeImpl
instanceKlass jdk/internal/icu/text/NormalizerBase$NFKDModeImpl
instanceKlass jdk/internal/icu/text/NormalizerBase$1
instanceKlass jdk/internal/icu/text/NormalizerBase$Mode
instanceKlass jdk/internal/icu/text/NormalizerBase
instanceKlass java/text/Normalizer
instanceKlass sun/security/pkcs/PKCS9Attribute
instanceKlass sun/security/x509/AVAKeyword
instanceKlass sun/security/util/SignatureUtil
instanceKlass sun/security/util/DisabledAlgorithmConstraints$Constraints$Holder
instanceKlass sun/security/util/DisabledAlgorithmConstraints$1
instanceKlass sun/security/util/DisabledAlgorithmConstraints$Constraint
instanceKlass sun/security/util/DisabledAlgorithmConstraints$Constraints
instanceKlass sun/security/util/AbstractAlgorithmConstraints$1
instanceKlass sun/security/util/AlgorithmDecomposer
instanceKlass sun/security/util/DisabledAlgorithmConstraints$JarHolder
instanceKlass sun/security/util/AbstractAlgorithmConstraints
instanceKlass java/security/AlgorithmConstraints
instanceKlass sun/security/pkcs/SignerInfo
instanceKlass jdk/internal/misc/ThreadTracker
instanceKlass jdk/internal/event/EventHelper$ThreadTrackHolder
instanceKlass jdk/internal/event/EventHelper
instanceKlass sun/security/jca/JCAUtil
instanceKlass sun/security/util/MemoryCache$CacheEntry
instanceKlass sun/security/x509/X509AttributeName
instanceKlass sun/security/x509/GeneralNames
instanceKlass sun/security/x509/KeyIdentifier
instanceKlass sun/security/x509/OIDMap$OIDInfo
instanceKlass sun/security/x509/PKIXExtensions
instanceKlass sun/security/x509/OIDMap
instanceKlass sun/security/x509/Extension
instanceKlass java/security/cert/Extension
instanceKlass sun/security/x509/CertificateExtensions
instanceKlass sun/security/rsa/RSAUtil
instanceKlass sun/security/util/IOUtils
instanceKlass java/security/spec/EncodedKeySpec$1
instanceKlass jdk/internal/access/JavaSecuritySpecAccess
instanceKlass sun/security/util/BitArray
instanceKlass sun/security/x509/X509Key
instanceKlass sun/security/x509/CertificateX509Key
instanceKlass sun/security/x509/CertificateValidity
instanceKlass sun/security/x509/AVA
instanceKlass sun/security/x509/RDN
instanceKlass javax/security/auth/x500/X500Principal
instanceKlass sun/security/x509/X500Name$1
instanceKlass sun/security/x509/X500Name
instanceKlass sun/security/x509/GeneralNameInterface
instanceKlass sun/security/x509/CertificateAlgorithmId
instanceKlass sun/security/x509/SerialNumber
instanceKlass sun/security/x509/CertificateSerialNumber
instanceKlass sun/security/x509/CertificateVersion
instanceKlass sun/security/x509/X509CertInfo
instanceKlass sun/security/x509/CertAttrSet
instanceKlass sun/security/util/Cache$EqualByteArray
instanceKlass java/security/cert/X509Extension
instanceKlass sun/security/util/DerValue
instanceKlass sun/security/pkcs/ContentInfo
instanceKlass sun/security/util/DerInputStream
instanceKlass sun/security/pkcs/PKCS7
instanceKlass sun/security/util/ManifestDigester$Section
instanceKlass sun/security/util/ManifestDigester$Entry
instanceKlass sun/security/util/ManifestDigester$Position
instanceKlass sun/security/util/ManifestDigester
instanceKlass sun/security/util/ManifestEntryVerifier
instanceKlass org/springframework/boot/system/ApplicationTemp
instanceKlass org/apache/catalina/Session
instanceKlass org/apache/tomcat/util/buf/UDecoder
instanceKlass org/springframework/boot/web/embedded/tomcat/TomcatStarter
instanceKlass org/apache/catalina/core/StandardHost$MemoryLeakTrackingListener
instanceKlass org/springframework/boot/web/servlet/server/AbstractServletWebServerFactory$SessionConfiguringInitializer
instanceKlass org/springframework/boot/web/embedded/tomcat/TomcatServletWebServerFactory$StaticResourceConfigurer
instanceKlass org/apache/tomcat/util/collections/ConcurrentLruCache
instanceKlass org/apache/tomcat/util/scan/StandardJarScanner
instanceKlass org/apache/tomcat/util/scan/StandardJarScanFilter
instanceKlass org/apache/catalina/util/CharsetMapper
instanceKlass org/apache/catalina/startup/Tomcat$FixContextListener
instanceKlass org/apache/catalina/util/URLEncoder
instanceKlass org/apache/catalina/WebResource
instanceKlass org/apache/catalina/webresources/Cache
instanceKlass org/apache/catalina/WebResourceSet
instanceKlass org/apache/catalina/core/StandardContext$ContextFilterMaps
instanceKlass org/apache/catalina/util/ErrorPageSupport
instanceKlass org/apache/tomcat/util/descriptor/web/XmlEncodingBase
instanceKlass org/apache/tomcat/util/descriptor/web/ApplicationParameter
instanceKlass org/apache/catalina/core/StandardContext$1
instanceKlass org/apache/tomcat/InstanceManager
instanceKlass org/apache/tomcat/JarScanner
instanceKlass org/apache/catalina/ThreadBindingListener
instanceKlass org/apache/catalina/Globals
instanceKlass org/apache/catalina/realm/RealmBase$AllRolesMode
instanceKlass org/apache/catalina/realm/DigestCredentialHandlerBase
instanceKlass org/apache/catalina/CredentialHandler
instanceKlass org/apache/catalina/realm/X509UsernameRetriever
instanceKlass org/apache/catalina/AccessLog
instanceKlass org/apache/catalina/Pipeline
instanceKlass org/apache/tomcat/util/threads/LimitLatch
instanceKlass org/springframework/boot/web/embedded/tomcat/CompressionConnectorCustomizer
instanceKlass org/apache/tomcat/util/buf/CharsetUtil
instanceKlass org/apache/tomcat/util/buf/CharsetCache
instanceKlass org/apache/tomcat/util/buf/B2CConverter
instanceKlass org/apache/tomcat/util/net/SSLHostConfig
instanceKlass org/apache/tomcat/util/http/parser/HttpParser
instanceKlass org/apache/coyote/Response
instanceKlass org/apache/coyote/Request
instanceKlass org/apache/tomcat/util/XReflectionIntrospectionUtils
instanceKlass org/apache/tomcat/util/IntrospectionUtils
instanceKlass org/apache/catalina/ContainerListener
instanceKlass org/apache/catalina/mapper/Mapper$MapElement
instanceKlass org/apache/catalina/mapper/Mapper
instanceKlass org/apache/tomcat/util/file/ConfigFileLoader
instanceKlass org/apache/tomcat/util/file/ConfigurationSource$1
instanceKlass org/apache/catalina/startup/CatalinaBaseConfigurationSource
instanceKlass org/apache/tomcat/util/descriptor/web/ResourceBase
instanceKlass org/apache/tomcat/util/descriptor/web/Injectable
instanceKlass org/apache/tomcat/util/descriptor/web/NamingResources
instanceKlass java/beans/PropertyChangeListener
instanceKlass java/beans/ChangeListenerMap
instanceKlass java/beans/PropertyChangeSupport
instanceKlass org/apache/coyote/CompressionConfig
instanceKlass org/apache/tomcat/util/collections/SynchronizedStack
instanceKlass org/apache/tomcat/util/modeler/BaseModelMBean
instanceKlass javax/management/modelmbean/ModelMBeanNotificationBroadcaster
instanceKlass org/apache/coyote/AbstractProtocol$ConnectionHandler
instanceKlass org/apache/tomcat/util/net/SocketProperties
instanceKlass org/apache/tomcat/util/net/NioChannel
instanceKlass org/apache/tomcat/util/net/SocketProcessorBase
instanceKlass org/apache/tomcat/util/net/AbstractEndpoint
instanceKlass org/apache/coyote/Adapter
instanceKlass java/io/DeleteOnExitHook$1
instanceKlass java/io/DeleteOnExitHook
instanceKlass sun/nio/fs/WindowsPath$1
instanceKlass java/nio/file/TempFileHelper
instanceKlass org/apache/tomcat/util/ExceptionUtils
instanceKlass java/nio/channels/NetworkChannel
instanceKlass org/apache/tomcat/util/compat/JreCompat
instanceKlass org/apache/catalina/Realm
instanceKlass org/apache/catalina/Wrapper
instanceKlass org/apache/catalina/Service
instanceKlass org/apache/tomcat/util/file/ConfigurationSource
instanceKlass org/apache/catalina/Server
instanceKlass org/apache/tomcat/util/modeler/FeatureInfo
instanceKlass org/apache/tomcat/util/modeler/NoDescriptorRegistry$NoJmxMBeanServer
instanceKlass org/apache/tomcat/util/modeler/ManagedBean
instanceKlass org/apache/tomcat/util/modeler/Registry
instanceKlass org/apache/tomcat/util/modeler/RegistryMBean
instanceKlass jakarta/servlet/ServletRegistration$Dynamic
instanceKlass org/springframework/boot/web/servlet/MultipartConfigFactory
instanceKlass org/springframework/boot/context/properties/source/UnboundElementsSourceFilter
instanceKlass jakarta/servlet/Registration$Dynamic
instanceKlass org/springframework/web/context/request/async/WebAsyncManager
instanceKlass org/springframework/web/context/request/AbstractRequestAttributes
instanceKlass org/springframework/web/servlet/ModelAndView
instanceKlass org/springframework/web/servlet/HandlerExecutionChain
instanceKlass org/springframework/web/context/request/async/CallableProcessingInterceptor
instanceKlass org/springframework/context/i18n/LocaleContext
instanceKlass jakarta/servlet/AsyncListener
instanceKlass org/apache/coyote/Processor
instanceKlass org/apache/tomcat/util/net/AbstractEndpoint$Handler
instanceKlass org/springframework/boot/autoconfigure/web/servlet/TomcatServletWebServerFactoryCustomizer$1
instanceKlass org/springframework/boot/context/properties/PropertyMapper$NullPointerExceptionSafeSupplier
instanceKlass org/springframework/boot/context/properties/PropertyMapper$Source
instanceKlass org/springframework/boot/context/properties/PropertyMapper$SourceOperator
instanceKlass org/springframework/boot/context/properties/PropertyMapper
instanceKlass org/springframework/boot/util/LambdaSafe$InvocationResult
instanceKlass org/springframework/boot/util/LambdaSafe$GenericTypeFilter
instanceKlass org/springframework/boot/util/LambdaSafe$Filter
instanceKlass org/springframework/boot/util/LambdaSafe$LambdaSafeCallback
instanceKlass org/springframework/boot/util/LambdaSafe
instanceKlass java/util/function/ObjIntConsumer
instanceKlass org/springframework/boot/ssl/DefaultSslBundleRegistry$RegisteredSslBundle
instanceKlass org/springframework/boot/ssl/SslStoreBundle
instanceKlass org/springframework/boot/ssl/SslManagerBundle
instanceKlass org/springframework/boot/autoconfigure/ssl/PropertiesSslBundle
instanceKlass org/springframework/boot/autoconfigure/ssl/SslBundleProperties
instanceKlass org/springframework/boot/io/ApplicationResourceLoader$ProtocolResolvingResourceLoader
instanceKlass org/springframework/boot/web/servlet/context/ServletContextResourceFilePathResolver
instanceKlass org/springframework/boot/web/reactive/context/FilteredReactiveWebContextResourceFilePathResolver
instanceKlass org/springframework/boot/io/ClassPathResourceFilePathResolver
instanceKlass org/springframework/boot/io/ApplicationResourceLoader$FilePathResolver
instanceKlass org/springframework/boot/autoconfigure/ssl/SslProperties$Bundles$Watch$File
instanceKlass org/springframework/boot/autoconfigure/ssl/SslProperties$Bundles$Watch
instanceKlass org/springframework/boot/convert/DurationUnit
instanceKlass java/util/function/IntUnaryOperator
instanceKlass org/springframework/boot/convert/LenientObjectToEnumConverterFactory$LenientToEnumConverter
instanceKlass org/springframework/beans/factory/annotation/BeanFactoryAnnotationUtils
instanceKlass org/springframework/boot/context/properties/ConfigurationPropertiesCharSequenceToObjectConverter
instanceKlass org/springframework/boot/context/properties/ConversionServiceDeducer
instanceKlass org/springframework/beans/factory/support/DefaultListableBeanFactory$1
instanceKlass org/springframework/boot/context/properties/ConfigurationPropertiesBindHandlerAdvisor
instanceKlass org/springframework/validation/annotation/Validated
instanceKlass org/springframework/core/annotation/SynthesizedMergedAnnotationInvocationHandler
instanceKlass org/springframework/boot/autoconfigure/web/ServerProperties$Undertow$Options
instanceKlass org/springframework/boot/autoconfigure/web/ServerProperties$Undertow$Threads
instanceKlass org/springframework/boot/autoconfigure/web/ServerProperties$Undertow$Accesslog
instanceKlass org/springframework/boot/autoconfigure/web/ServerProperties$Jetty$Threads
instanceKlass org/springframework/boot/autoconfigure/web/ServerProperties$Jetty$Accesslog
instanceKlass org/springframework/boot/autoconfigure/web/ServerProperties$Tomcat$Remoteip
instanceKlass org/springframework/boot/autoconfigure/web/ServerProperties$Tomcat$Mbeanregistry
instanceKlass org/springframework/boot/autoconfigure/web/ServerProperties$Tomcat$Resource
instanceKlass org/springframework/boot/autoconfigure/web/ServerProperties$Tomcat$Threads
instanceKlass org/springframework/boot/autoconfigure/web/ServerProperties$Tomcat$Accesslog
instanceKlass org/springframework/boot/autoconfigure/web/ServerProperties$Reactive$Session
instanceKlass org/springframework/boot/web/servlet/server/Encoding
instanceKlass org/springframework/boot/autoconfigure/web/ErrorProperties$Whitelabel
instanceKlass org/springframework/boot/web/servlet/WebListenerRegistrar
instanceKlass org/springframework/boot/web/servlet/server/CookieSameSiteSupplier
instanceKlass org/springframework/boot/web/server/ErrorPage
instanceKlass org/springframework/boot/ssl/SslBundle
instanceKlass org/apache/coyote/AbstractProtocol
instanceKlass org/apache/coyote/ProtocolHandler
instanceKlass org/apache/catalina/Engine
instanceKlass org/springframework/boot/web/embedded/tomcat/TomcatWebServer
instanceKlass org/springframework/boot/web/embedded/tomcat/SslConnectorCustomizer
instanceKlass org/apache/catalina/Host
instanceKlass org/springframework/beans/factory/support/DefaultListableBeanFactory$FactoryAwareOrderSourceProvider
instanceKlass org/springframework/boot/web/embedded/tomcat/TldPatterns
instanceKlass org/springframework/boot/web/servlet/server/StaticResourceJars
instanceKlass org/springframework/boot/web/servlet/server/DocumentRoot
instanceKlass org/springframework/boot/web/servlet/server/Jsp
instanceKlass org/springframework/boot/web/server/MimeMappings$Mapping
instanceKlass org/springframework/boot/web/servlet/server/SessionStoreDirectory
instanceKlass org/springframework/boot/web/server/Cookie
instanceKlass org/springframework/boot/web/servlet/server/Session
instanceKlass org/apache/tomcat/JarScanFilter
instanceKlass org/apache/catalina/Loader
instanceKlass org/apache/tomcat/util/security/PermissionCheck
instanceKlass org/apache/juli/WebappProperties
instanceKlass org/apache/tomcat/InstrumentableClassLoader
instanceKlass org/apache/catalina/LifecycleListener
instanceKlass org/apache/catalina/Context
instanceKlass org/apache/tomcat/ContextBind
instanceKlass org/apache/catalina/WebResourceRoot
instanceKlass org/springframework/boot/web/embedded/tomcat/TomcatProtocolHandlerCustomizer
instanceKlass org/springframework/boot/web/embedded/tomcat/TomcatContextCustomizer
instanceKlass org/springframework/boot/web/embedded/tomcat/TomcatConnectorCustomizer
instanceKlass org/springframework/ui/context/Theme
instanceKlass org/springframework/ui/context/support/ResourceBundleThemeSource
instanceKlass org/springframework/ui/context/HierarchicalThemeSource
instanceKlass org/springframework/ui/context/support/UiApplicationContextUtils
instanceKlass org/springframework/context/support/MessageSourceSupport
instanceKlass org/springframework/context/HierarchicalMessageSource
instanceKlass org/springframework/data/projection/MethodInterceptorFactory
instanceKlass org/springframework/data/util/NullnessMethodInvocationValidator
instanceKlass org/springframework/data/projection/DefaultMethodInvokingMethodInterceptor
instanceKlass org/springframework/data/util/NullableWrapper
instanceKlass org/springframework/data/util/NullableWrapperConverters$WrapperType
instanceKlass org/springframework/data/util/NullableWrapperConverters$AbstractWrapperTypeConverter
instanceKlass com/google/common/base/Optional
instanceKlass org/springframework/data/util/NullableWrapperConverters
instanceKlass org/springframework/data/convert/Jsr310Converters
instanceKlass org/springframework/data/projection/ProjectionInformation
instanceKlass org/springframework/data/projection/ProxyProjectionFactory
instanceKlass org/springframework/data/projection/ProjectionFactory
instanceKlass org/springframework/validation/BindingResult
instanceKlass org/springframework/web/ErrorResponse
instanceKlass org/springframework/web/method/annotation/ModelAttributeMethodProcessor
instanceKlass org/springframework/web/method/support/HandlerMethodReturnValueHandler
instanceKlass org/springframework/boot/actuate/autoconfigure/observation/ObservationRegistryConfigurer
instanceKlass io/micrometer/observation/GlobalObservationConvention
instanceKlass org/springframework/boot/actuate/autoconfigure/observation/ObservationRegistryCustomizer
instanceKlass org/springframework/boot/actuate/autoconfigure/metrics/data/MetricsRepositoryMethodInvocationListenerBeanPostProcessor$MetricsRepositoryFactoryCustomizer
instanceKlass org/springframework/util/function/SingletonSupplier
instanceKlass org/springframework/boot/actuate/health/HealthEndpointGroupsPostProcessor
instanceKlass org/springframework/aop/IntroductionAdvisor
instanceKlass org/springframework/aop/IntroductionInfo
instanceKlass org/springframework/aop/framework/autoproxy/ProxyCreationContext
instanceKlass org/springframework/boot/actuate/autoconfigure/metrics/MeterRegistryCustomizer
instanceKlass org/springframework/beans/factory/support/DefaultListableBeanFactory$DependencyObjectProvider
instanceKlass org/springframework/beans/factory/support/DefaultListableBeanFactory$BeanObjectProvider
instanceKlass java/lang/reflect/AnnotatedType
instanceKlass java/lang/Class$EnclosingMethodInfo
instanceKlass org/springframework/data/repository/query/QueryMethodEvaluationContextProvider
instanceKlass org/springframework/data/spel/EvaluationContextProvider
instanceKlass org/springframework/data/repository/core/EntityInformation
instanceKlass org/springframework/data/repository/core/EntityMetadata
instanceKlass org/springframework/data/repository/core/RepositoryInformation
instanceKlass org/springframework/data/repository/core/support/RepositoryFactoryCustomizer
instanceKlass org/springframework/data/mapping/PersistentEntity
instanceKlass org/springframework/data/mongodb/core/index/IndexOperations
instanceKlass org/springframework/data/repository/core/support/QueryCreationListener
instanceKlass org/springframework/data/repository/core/support/RepositoryProxyPostProcessor
instanceKlass org/springframework/data/repository/core/support/RepositoryComposition
instanceKlass org/springframework/data/repository/core/support/RepositoryInvocationMulticaster
instanceKlass org/springframework/core/convert/support/NumberToNumberConverterFactory$NumberToNumber
instanceKlass org/springframework/aop/framework/adapter/ThrowsAdviceAdapter
instanceKlass org/springframework/aop/framework/adapter/AfterReturningAdviceAdapter
instanceKlass org/springframework/aop/framework/adapter/MethodBeforeAdviceAdapter
instanceKlass org/springframework/aop/framework/adapter/AdvisorAdapter
instanceKlass org/springframework/aop/framework/adapter/DefaultAdvisorAdapterRegistry
instanceKlass org/springframework/aop/framework/adapter/GlobalAdvisorAdapterRegistry
instanceKlass org/springframework/aop/framework/adapter/AdvisorAdapterRegistry
instanceKlass org/springframework/aop/framework/autoproxy/TargetSourceCreator
instanceKlass org/springframework/aop/framework/autoproxy/BeanFactoryAdvisorRetrievalHelper
instanceKlass org/springframework/beans/factory/annotation/Lookup
instanceKlass org/springframework/aop/TrueMethodMatcher
instanceKlass org/springframework/aop/support/annotation/AnnotationClassFilter
instanceKlass org/springframework/aop/MethodMatcher
instanceKlass org/springframework/aop/ClassFilter
instanceKlass org/springframework/aop/support/annotation/AnnotationMatchingPointcut
instanceKlass org/springframework/dao/support/PersistenceExceptionTranslator
instanceKlass org/springframework/dao/support/PersistenceExceptionTranslationInterceptor
instanceKlass org/aopalliance/intercept/MethodInterceptor
instanceKlass org/aopalliance/intercept/Interceptor
instanceKlass org/springframework/aop/Advisor$1
instanceKlass org/springframework/aop/Pointcut
instanceKlass org/aopalliance/aop/Advice
instanceKlass org/springframework/aop/support/AbstractPointcutAdvisor
instanceKlass org/springframework/aop/PointcutAdvisor
instanceKlass org/springframework/util/ReflectionUtils$FieldCallback
instanceKlass org/springframework/beans/factory/annotation/InjectionMetadata
instanceKlass org/springframework/stereotype/Repository
instanceKlass org/springframework/aop/Advisor
instanceKlass org/springframework/core/annotation/AnnotatedElementUtils$AnnotatedElementForAnnotations
instanceKlass org/springframework/validation/Errors
instanceKlass org/springframework/boot/context/properties/ConfigurationPropertiesJsr303Validator
instanceKlass org/springframework/boot/context/properties/PropertySourcesDeducer
instanceKlass org/springframework/jndi/JndiTemplate
instanceKlass jakarta/annotation/PreDestroy
instanceKlass javax/annotation/Resource
instanceKlass jakarta/annotation/Resource
instanceKlass org/springframework/beans/factory/annotation/InitDestroyAnnotationBeanPostProcessor$LifecycleMetadata
instanceKlass org/springframework/beans/factory/support/MethodOverride
instanceKlass org/springframework/context/support/PostProcessorRegistrationDelegate$BeanPostProcessorChecker
instanceKlass org/springframework/aop/config/AopConfigUtils
instanceKlass org/springframework/boot/autoconfigure/task/TaskExecutorConfigurations
instanceKlass java/security/interfaces/RSAPrivateKey
instanceKlass java/security/PrivateKey
instanceKlass javax/security/auth/Destroyable
instanceKlass java/security/interfaces/RSAPublicKey
instanceKlass java/security/interfaces/RSAKey
instanceKlass java/security/PublicKey
instanceKlass java/security/Key
instanceKlass sun/security/util/Cache
instanceKlass java/security/cert/CertificateFactorySpi
instanceKlass java/security/cert/CertificateFactory
instanceKlass org/springframework/security/converter/RsaKeyConverters$X509CertificateDecoder
instanceKlass java/security/spec/PSSParameterSpec
instanceKlass sun/security/x509/AlgorithmId
instanceKlass java/security/spec/EncodedKeySpec
instanceKlass java/security/spec/RSAPrivateKeySpec
instanceKlass java/security/spec/RSAPublicKeySpec
instanceKlass java/security/KeyFactorySpi
instanceKlass sun/security/jca/ProviderList$ServiceList$1
instanceKlass java/security/KeyFactory
instanceKlass org/springframework/security/converter/RsaKeyConverters$X509PemDecoder
instanceKlass java/security/spec/KeySpec
instanceKlass org/springframework/security/converter/RsaKeyConverters
instanceKlass org/springframework/security/config/crypto/RsaKeyConversionServicePostProcessor$ResourceKeyConverterAdapter
instanceKlass org/springframework/security/config/crypto/RsaKeyConversionServicePostProcessor
instanceKlass org/springframework/context/expression/CachedExpressionEvaluator
instanceKlass org/springframework/boot/autoconfigure/flyway/FlywayMigrationInitializer
instanceKlass org/springframework/boot/sql/init/AbstractScriptDatabaseInitializer
instanceKlass org/springframework/boot/sql/init/dependency/BeansOfTypeDetector
instanceKlass org/springframework/boot/sql/init/dependency/DatabaseInitializationDependencyConfigurer$DependsOnDatabaseInitializationPostProcessor$InitializerBeanNames
instanceKlass org/springframework/boot/sql/init/dependency/AbstractBeansOfTypeDatabaseInitializerDetector
instanceKlass org/springframework/boot/sql/init/dependency/DatabaseInitializerDetector
instanceKlass org/springframework/beans/factory/config/BeanDefinitionVisitor
instanceKlass org/springframework/util/DefaultPropertiesPersister
instanceKlass sun/security/provider/ByteArrayAccess$LE
instanceKlass org/springframework/context/annotation/ConfigurationClassPostProcessor$ImportAwareBeanPostProcessor
instanceKlass org/springframework/cglib/reflect/FastClassEmitter$2
instanceKlass org/springframework/cglib/core/Block
instanceKlass org/springframework/cglib/core/EmitUtils$7
instanceKlass org/springframework/cglib/core/EmitUtils$6
instanceKlass org/springframework/cglib/core/EmitUtils$ParameterTyper
instanceKlass org/springframework/cglib/reflect/FastClassEmitter$GetIndexCallback
instanceKlass org/springframework/cglib/reflect/FastClassEmitter$1
instanceKlass org/springframework/cglib/reflect/FastClass
instanceKlass org/springframework/cglib/proxy/MethodProxy$FastClassInfo
instanceKlass org/springframework/cglib/proxy/MethodProxy$CreateInfo
instanceKlass org/springframework/cglib/proxy/MethodProxy
instanceKlass org/springframework/asm/Handler
instanceKlass org/springframework/cglib/core/Local
instanceKlass org/springframework/cglib/core/EmitUtils$3
instanceKlass java/util/DualPivotQuicksort
instanceKlass org/springframework/cglib/proxy/MethodInterceptorGenerator$1
instanceKlass org/springframework/asm/Edge
instanceKlass org/springframework/cglib/core/EmitUtils$ArrayDelimiters
instanceKlass org/springframework/cglib/core/ProcessArrayCallback
instanceKlass org/springframework/cglib/core/EmitUtils
instanceKlass org/springframework/cglib/proxy/Enhancer$4
instanceKlass org/springframework/cglib/core/LocalVariablesSorter$State
instanceKlass org/springframework/asm/Label
instanceKlass org/springframework/asm/Frame
instanceKlass org/springframework/cglib/proxy/BridgeMethodResolver
instanceKlass org/springframework/cglib/core/ClassEmitter$FieldInfo
instanceKlass org/springframework/cglib/core/MethodInfoTransformer
instanceKlass java/util/AbstractList$SubList$1
instanceKlass org/springframework/cglib/core/DuplicatesPredicate
instanceKlass org/springframework/cglib/core/RejectModifierPredicate
instanceKlass org/springframework/cglib/core/MethodWrapper
instanceKlass org/springframework/cglib/proxy/Factory
instanceKlass org/springframework/cglib/core/VisibilityPredicate
instanceKlass org/springframework/cglib/transform/TransformingClassGenerator
instanceKlass org/springframework/asm/ByteVector
instanceKlass org/springframework/asm/Symbol
instanceKlass org/springframework/asm/SymbolTable
instanceKlass org/springframework/asm/RecordComponentVisitor
instanceKlass org/springframework/asm/ModuleVisitor
instanceKlass org/springframework/asm/FieldVisitor
instanceKlass org/springframework/cglib/core/internal/LoadingCache
instanceKlass org/springframework/cglib/core/internal/Function
instanceKlass org/springframework/cglib/core/AbstractClassGenerator$ClassLoaderData
instanceKlass org/springframework/cglib/core/ClassInfo
instanceKlass org/springframework/cglib/core/MethodInfo
instanceKlass org/springframework/cglib/core/ReflectUtils
instanceKlass org/springframework/cglib/proxy/ProxyRefDispatcher
instanceKlass org/springframework/cglib/proxy/FixedValueGenerator
instanceKlass org/springframework/cglib/proxy/FixedValue
instanceKlass org/springframework/cglib/proxy/DispatcherGenerator
instanceKlass org/springframework/cglib/proxy/Dispatcher
instanceKlass org/springframework/cglib/proxy/LazyLoaderGenerator
instanceKlass org/springframework/cglib/proxy/LazyLoader
instanceKlass org/springframework/cglib/proxy/InvocationHandlerGenerator
instanceKlass org/springframework/cglib/proxy/InvocationHandler
instanceKlass org/springframework/cglib/proxy/MethodInterceptorGenerator
instanceKlass org/springframework/cglib/proxy/NoOpGenerator
instanceKlass org/springframework/cglib/proxy/CallbackGenerator
instanceKlass org/springframework/cglib/proxy/CallbackInfo
instanceKlass org/springframework/cglib/core/SpringNamingPolicy
instanceKlass org/springframework/cglib/core/DefaultNamingPolicy
instanceKlass org/springframework/cglib/core/DefaultGeneratorStrategy
instanceKlass org/springframework/cglib/core/AsmApi
instanceKlass org/springframework/cglib/core/Constants
instanceKlass org/springframework/cglib/core/Signature
instanceKlass org/springframework/cglib/core/CollectionUtils
instanceKlass org/springframework/cglib/core/TypeUtils
instanceKlass org/springframework/cglib/core/AbstractClassGenerator$Source
instanceKlass org/springframework/cglib/core/ObjectSwitchCallback
instanceKlass org/springframework/cglib/proxy/CallbackGenerator$Context
instanceKlass org/springframework/cglib/core/ProcessSwitchCallback
instanceKlass org/springframework/cglib/core/Predicate
instanceKlass org/springframework/cglib/core/Transformer
instanceKlass org/springframework/cglib/core/AbstractClassGenerator
instanceKlass org/springframework/cglib/core/ClassGenerator
instanceKlass org/springframework/context/annotation/ConfigurationClassEnhancer$EnhancedConfiguration
instanceKlass org/springframework/aop/framework/autoproxy/AutoProxyUtils
instanceKlass org/springframework/objenesis/instantiator/ObjectInstantiator
instanceKlass org/springframework/objenesis/strategy/BaseInstantiatorStrategy
instanceKlass org/springframework/objenesis/strategy/InstantiatorStrategy
instanceKlass org/springframework/objenesis/SpringObjenesis
instanceKlass org/springframework/objenesis/Objenesis
instanceKlass org/springframework/context/annotation/ConfigurationClassEnhancer$ConditionalCallbackFilter
instanceKlass org/springframework/cglib/proxy/NoOp$1
instanceKlass org/springframework/cglib/proxy/NoOp
instanceKlass org/springframework/context/annotation/ConfigurationClassEnhancer$BeanFactoryAwareMethodInterceptor
instanceKlass org/springframework/context/annotation/ConfigurationClassEnhancer$BeanMethodInterceptor
instanceKlass org/springframework/context/annotation/ConfigurationClassEnhancer$ConditionalCallback
instanceKlass org/springframework/cglib/proxy/MethodInterceptor
instanceKlass org/springframework/cglib/proxy/Callback
instanceKlass org/springframework/cglib/proxy/CallbackFilter
instanceKlass org/springframework/cglib/core/GeneratorStrategy
instanceKlass org/springframework/cglib/core/NamingPolicy
instanceKlass org/springframework/context/annotation/ConfigurationClassEnhancer
instanceKlass org/springframework/security/config/annotation/web/configuration/WebMvcSecurityConfiguration$HandlerMappingIntrospectorCacheFilterFactoryBean
instanceKlass org/springframework/security/web/access/HandlerMappingIntrospectorRequestTransformer
instanceKlass org/springframework/security/web/access/AuthorizationManagerWebInvocationPrivilegeEvaluator$HttpServletRequestTransformer
instanceKlass org/springframework/web/filter/ServletRequestPathFilter
instanceKlass org/springframework/security/config/annotation/web/configuration/WebMvcSecurityConfiguration$1
instanceKlass org/springframework/security/config/annotation/web/configuration/WebSecurityConfiguration$1
instanceKlass org/springframework/cloud/context/scope/StandardScopeCache
instanceKlass org/springframework/cloud/context/scope/GenericScope$BeanLifecycleWrapperCache
instanceKlass org/springframework/cloud/context/scope/ScopeCache
instanceKlass org/springframework/boot/actuate/autoconfigure/web/server/ManagementContextAutoConfiguration
instanceKlass org/springframework/boot/actuate/autoconfigure/web/server/ManagementContextAutoConfiguration$SameManagementContextConfiguration
instanceKlass org/springframework/boot/actuate/autoconfigure/web/server/ManagementContextAutoConfiguration$SameManagementContextConfiguration$EnableSameManagementContextConfiguration
instanceKlass org/springframework/boot/actuate/autoconfigure/security/servlet/SecurityRequestMatchersManagementContextConfiguration
instanceKlass org/springframework/web/cors/CorsConfiguration
instanceKlass org/springframework/data/repository/config/AotRepositoryContext
instanceKlass org/springframework/data/aot/AotContext
instanceKlass org/springframework/aot/generate/GenerationContext
instanceKlass javax/annotation/Nonnull
instanceKlass org/springframework/lang/NonNull
instanceKlass org/springframework/data/repository/core/support/RepositoryFragment
instanceKlass org/springframework/boot/context/properties/DeprecatedConfigurationProperty
instanceKlass org/springframework/transaction/support/AbstractPlatformTransactionManager
instanceKlass org/springframework/transaction/ConfigurableTransactionManager
instanceKlass org/springframework/boot/actuate/autoconfigure/web/server/ManagementServerProperties$Undertow
instanceKlass org/springframework/boot/actuate/autoconfigure/web/server/ManagementServerProperties$Tomcat
instanceKlass org/springframework/boot/actuate/autoconfigure/web/server/ManagementServerProperties$Jetty
instanceKlass org/springframework/boot/actuate/autoconfigure/web/server/ManagementServerProperties
instanceKlass org/springframework/boot/actuate/autoconfigure/security/servlet/RequestMatcherProvider
instanceKlass org/springframework/boot/actuate/autoconfigure/security/servlet/SecurityRequestMatchersManagementContextConfiguration$MvcRequestMatcherConfiguration
instanceKlass org/springframework/boot/actuate/autoconfigure/endpoint/web/servlet/WebMvcEndpointManagementContextConfiguration$EndpointObjectMapperWebMvcConfigurer
instanceKlass org/springframework/boot/actuate/autoconfigure/endpoint/web/servlet/WebMvcEndpointManagementContextConfiguration
instanceKlass org/springframework/boot/actuate/autoconfigure/endpoint/web/CorsEndpointProperties
instanceKlass org/springframework/boot/actuate/endpoint/web/ExposableServletEndpoint
instanceKlass org/springframework/boot/actuate/autoconfigure/endpoint/web/ServletEndpointManagementContextConfiguration
instanceKlass org/springframework/boot/actuate/endpoint/web/ServletEndpointRegistrar
instanceKlass org/springframework/boot/actuate/autoconfigure/endpoint/web/ServletEndpointManagementContextConfiguration$WebMvcServletEndpointManagementContextConfiguration
instanceKlass org/springframework/cloud/autoconfigure/RefreshEndpointAutoConfiguration
instanceKlass org/springframework/cloud/autoconfigure/RestartEndpointWithIntegrationConfiguration
instanceKlass org/springframework/cloud/autoconfigure/PauseResumeEndpointsConfiguration
instanceKlass org/springframework/cloud/autoconfigure/RestartEndpointWithoutIntegrationConfiguration
instanceKlass org/springframework/cloud/context/restart/RestartEndpoint
instanceKlass org/springframework/cloud/endpoint/RefreshEndpoint
instanceKlass org/springframework/cloud/autoconfigure/RefreshEndpointAutoConfiguration$RefreshEndpointConfiguration
instanceKlass org/springframework/cloud/context/properties/ConfigurationPropertiesRebinder
instanceKlass org/springframework/cloud/context/properties/ConfigurationPropertiesBeans
instanceKlass org/springframework/cloud/autoconfigure/ConfigurationPropertiesRebinderAutoConfiguration
instanceKlass org/springframework/boot/devtools/autoconfigure/LocalDevToolsAutoConfiguration
instanceKlass org/springframework/boot/devtools/autoconfigure/RemoteDevToolsProperties
instanceKlass org/springframework/boot/devtools/autoconfigure/DevToolsProperties$Livereload
instanceKlass org/springframework/boot/devtools/autoconfigure/DevToolsProperties$Restart
instanceKlass org/springframework/boot/devtools/autoconfigure/DevToolsProperties
instanceKlass org/springframework/boot/devtools/livereload/LiveReloadServer
instanceKlass org/springframework/boot/devtools/autoconfigure/LocalDevToolsAutoConfiguration$LiveReloadServerEventListener
instanceKlass org/springframework/boot/devtools/autoconfigure/OptionalLiveReloadServer
instanceKlass org/springframework/boot/devtools/autoconfigure/LocalDevToolsAutoConfiguration$LiveReloadConfiguration
instanceKlass org/springframework/boot/devtools/autoconfigure/ConditionEvaluationDeltaLoggingListener
instanceKlass org/springframework/boot/devtools/autoconfigure/LocalDevToolsAutoConfiguration$RestartingClassPathChangeChangedEventListener
instanceKlass org/springframework/boot/devtools/filewatch/FileSystemWatcher
instanceKlass org/springframework/boot/devtools/classpath/ClassPathFileSystemWatcher
instanceKlass org/springframework/boot/devtools/filewatch/FileSystemWatcherFactory
instanceKlass java/io/FileFilter
instanceKlass org/springframework/boot/devtools/classpath/ClassPathRestartStrategy
instanceKlass org/springframework/boot/devtools/autoconfigure/LocalDevToolsAutoConfiguration$RestartConfiguration
instanceKlass org/springframework/boot/autoconfigure/web/servlet/MultipartAutoConfiguration
instanceKlass org/springframework/boot/autoconfigure/web/servlet/MultipartProperties
instanceKlass org/springframework/boot/autoconfigure/web/embedded/EmbeddedWebServerFactoryCustomizerAutoConfiguration
instanceKlass org/springframework/boot/autoconfigure/web/embedded/TomcatVirtualThreadsWebServerFactoryCustomizer
instanceKlass org/springframework/boot/autoconfigure/web/embedded/TomcatWebServerFactoryCustomizer
instanceKlass org/springframework/boot/autoconfigure/web/embedded/EmbeddedWebServerFactoryCustomizerAutoConfiguration$TomcatWebServerFactoryCustomizerConfiguration
instanceKlass org/springframework/boot/autoconfigure/web/servlet/HttpEncodingAutoConfiguration$LocaleCharsetMappingsCustomizer
instanceKlass org/springframework/boot/autoconfigure/web/servlet/HttpEncodingAutoConfiguration
instanceKlass org/springframework/transaction/ReactiveTransactionManager
instanceKlass org/springframework/boot/autoconfigure/thymeleaf/ThymeleafAutoConfiguration
instanceKlass org/springframework/boot/autoconfigure/thymeleaf/ThymeleafProperties$Reactive
instanceKlass org/springframework/boot/autoconfigure/thymeleaf/ThymeleafProperties$Servlet
instanceKlass org/springframework/boot/autoconfigure/thymeleaf/TemplateEngineConfigurations$ReactiveTemplateEngineConfiguration
instanceKlass org/springframework/boot/autoconfigure/web/reactive/WebFluxAutoConfiguration
instanceKlass org/springframework/boot/autoconfigure/thymeleaf/TemplateEngineConfigurations$DefaultTemplateEngineConfiguration
instanceKlass org/thymeleaf/templateresolver/AbstractTemplateResolver
instanceKlass org/thymeleaf/templateresolver/ITemplateResolver
instanceKlass org/springframework/boot/autoconfigure/thymeleaf/ThymeleafAutoConfiguration$DefaultTemplateResolverConfiguration
instanceKlass org/springframework/boot/autoconfigure/thymeleaf/ThymeleafAutoConfiguration$ThymeleafWebMvcConfiguration
instanceKlass org/springframework/boot/autoconfigure/thymeleaf/ThymeleafProperties
instanceKlass org/springframework/boot/autoconfigure/thymeleaf/ThymeleafAutoConfiguration$ThymeleafWebMvcConfiguration$ThymeleafViewResolverConfiguration
instanceKlass org/springframework/boot/autoconfigure/sql/init/SqlInitializationAutoConfiguration
instanceKlass org/springframework/boot/sql/init/dependency/DatabaseInitializationDependencyConfigurer$DependsOnDatabaseInitializationPostProcessor
instanceKlass org/springframework/boot/autoconfigure/sql/init/DataSourceInitializationConfiguration
instanceKlass org/springframework/boot/autoconfigure/sql/init/R2dbcInitializationConfiguration
instanceKlass org/springframework/boot/autoconfigure/sql/init/SqlInitializationProperties
instanceKlass org/springframework/security/authentication/AuthenticationManagerResolver
instanceKlass org/springframework/security/authentication/AuthenticationProvider
instanceKlass org/springframework/boot/autoconfigure/security/servlet/SecurityFilterAutoConfiguration
instanceKlass org/springframework/boot/autoconfigure/security/SecurityProperties$User
instanceKlass org/springframework/boot/autoconfigure/security/SecurityProperties$Filter
instanceKlass org/springframework/boot/autoconfigure/security/servlet/SecurityAutoConfiguration
instanceKlass org/springframework/boot/autoconfigure/security/SecurityDataConfiguration
instanceKlass org/springframework/boot/autoconfigure/security/servlet/SpringBootWebSecurityConfiguration
instanceKlass org/springframework/boot/autoconfigure/security/SecurityProperties
instanceKlass org/springframework/boot/autoconfigure/security/servlet/UserDetailsServiceAutoConfiguration
instanceKlass org/springframework/boot/autoconfigure/data/web/SpringDataWebProperties$Sort
instanceKlass org/springframework/boot/autoconfigure/data/web/SpringDataWebProperties$Pageable
instanceKlass org/springframework/data/web/config/SpringDataJacksonConfiguration
instanceKlass org/springframework/data/mongodb/config/GeoJsonConfiguration
instanceKlass org/springframework/data/web/OffsetScrollPositionHandlerMethodArgumentResolverSupport
instanceKlass org/springframework/data/web/OffsetScrollPositionArgumentResolver
instanceKlass org/springframework/data/web/config/OffsetScrollPositionHandlerMethodArgumentResolverCustomizer
instanceKlass org/springframework/data/web/config/ProjectingArgumentResolverRegistrar$ProjectingArgumentResolverBeanPostProcessor
instanceKlass org/springframework/data/web/config/PageableHandlerMethodArgumentResolverCustomizer
instanceKlass org/springframework/data/web/config/SortHandlerMethodArgumentResolverCustomizer
instanceKlass org/springframework/data/web/SortHandlerMethodArgumentResolverSupport
instanceKlass org/springframework/data/web/SortArgumentResolver
instanceKlass org/springframework/boot/autoconfigure/data/web/SpringDataWebAutoConfiguration
instanceKlass org/springframework/boot/autoconfigure/data/web/SpringDataWebProperties
instanceKlass org/springframework/boot/autoconfigure/data/rest/RepositoryRestMvcAutoConfiguration
instanceKlass org/springframework/data/repository/core/support/RepositoryComposition$RepositoryFragments
instanceKlass org/springframework/data/repository/core/support/PropertiesBasedNamedQueries
instanceKlass org/springframework/data/repository/core/NamedQueries
instanceKlass org/springframework/boot/autoconfigure/data/mongo/MongoRepositoriesAutoConfiguration
instanceKlass org/springframework/data/repository/config/RepositoryRegistrationAotProcessor
instanceKlass org/springframework/util/StopWatch$TaskInfo
instanceKlass org/springframework/beans/factory/parsing/ComponentDefinition
instanceKlass org/springframework/data/repository/config/RepositoryConfigurationAdapter
instanceKlass org/springframework/data/repository/config/RepositoryFragmentConfigurationProvider
instanceKlass org/springframework/data/util/ClassUtils
instanceKlass org/springframework/data/repository/config/RepositoryFragmentConfiguration
instanceKlass org/springframework/data/repository/core/support/RepositoryFragmentsFactoryBean
instanceKlass org/springframework/data/repository/config/SelectionSet
instanceKlass org/springframework/data/util/StreamUtils
instanceKlass org/springframework/data/repository/config/DefaultImplementationLookupConfiguration
instanceKlass org/springframework/data/repository/config/NamedQueriesBeanDefinitionBuilder
instanceKlass com/example/UserRegistration/Model/User
instanceKlass com/example/UserRegistration/Repository/UserRepository
instanceKlass org/springframework/data/util/ReflectionUtils$DescribedFieldFilter
instanceKlass org/springframework/data/util/ReflectionUtils
instanceKlass org/springframework/data/domain/Page
instanceKlass org/springframework/data/domain/Slice
instanceKlass org/springframework/data/domain/Pageable
instanceKlass org/springframework/data/domain/Sort
instanceKlass org/springframework/data/domain/Example
instanceKlass org/springframework/data/util/ReactiveWrappers$1
instanceKlass org/springframework/data/util/ReactiveWrappers
instanceKlass com/example/NoteKeep/Model/Note
instanceKlass org/springframework/util/ConcurrentLruCache$AddTask
instanceKlass org/springframework/util/ConcurrentLruCache$WriteOperations
instanceKlass org/springframework/util/ConcurrentLruCache$ReadOperations
instanceKlass org/springframework/util/ConcurrentLruCache$EvictionQueue
instanceKlass org/springframework/util/ConcurrentLruCache
instanceKlass org/springframework/data/util/TypeDiscoverer
instanceKlass org/springframework/data/util/TypeInformation
instanceKlass org/springframework/data/repository/core/CrudMethods
instanceKlass org/springframework/data/repository/core/support/AbstractRepositoryMetadata
instanceKlass org/springframework/data/repository/core/RepositoryMetadata
instanceKlass com/example/NoteKeep/Repository/NoteRepository
instanceKlass org/springframework/data/repository/config/DefaultRepositoryConfiguration
instanceKlass org/springframework/util/MethodInvoker
instanceKlass org/springframework/beans/factory/support/ConstructorResolver$ArgumentsHolder
instanceKlass org/springframework/beans/factory/support/AutowireUtils
instanceKlass org/springframework/beans/Mergeable
instanceKlass org/springframework/beans/factory/config/RuntimeBeanNameReference
instanceKlass org/springframework/beans/factory/support/ConstructorResolver
instanceKlass org/springframework/data/repository/NoRepositoryBean
instanceKlass org/springframework/data/repository/RepositoryDefinition
instanceKlass org/springframework/data/util/LazyStreamable
instanceKlass org/springframework/data/util/Streamable
instanceKlass org/springframework/util/StopWatch
instanceKlass org/springframework/data/util/Lazy
instanceKlass org/springframework/data/repository/config/ImplementationLookupConfiguration
instanceKlass org/springframework/data/repository/config/RepositoryConfigurationSourceSupport$SpringImplementationDetectionConfiguration
instanceKlass org/springframework/data/repository/config/CustomRepositoryImplementationDetector
instanceKlass org/springframework/data/repository/config/FragmentMetadata
instanceKlass org/springframework/data/repository/config/RepositoryBeanDefinitionBuilder
instanceKlass org/springframework/data/repository/config/RepositoryConfiguration
instanceKlass org/springframework/data/repository/core/support/RepositoryFactorySupport
instanceKlass org/springframework/data/repository/config/RepositoryBeanNameGenerator
instanceKlass org/springframework/data/repository/config/RepositoryBeanDefinitionRegistrarSupport
instanceKlass org/springframework/data/config/ConfigurationUtils
instanceKlass org/springframework/data/repository/config/ImplementationDetectionConfiguration
instanceKlass org/springframework/data/repository/config/DefaultRepositoryBaseClass
instanceKlass org/springframework/data/mongodb/repository/config/EnableMongoRepositories
instanceKlass org/springframework/boot/autoconfigure/data/mongo/MongoRepositoriesRegistrar$EnableMongoRepositoriesConfiguration
instanceKlass org/springframework/data/repository/config/RepositoryConfigurationDelegate
instanceKlass org/springframework/data/repository/config/RepositoryConfigurationExtensionSupport
instanceKlass org/springframework/data/repository/core/support/RepositoryFactoryBeanSupport
instanceKlass org/springframework/data/repository/core/support/RepositoryFactoryInformation
instanceKlass org/springframework/context/support/DefaultLifecycleProcessor
instanceKlass org/springframework/boot/autoconfigure/context/LifecycleAutoConfiguration
instanceKlass org/springframework/boot/autoconfigure/context/ConfigurationPropertiesAutoConfiguration
instanceKlass org/springframework/boot/autoconfigure/aop/AopAutoConfiguration
instanceKlass org/springframework/boot/autoconfigure/aop/AopAutoConfiguration$ClassProxyingConfiguration
instanceKlass org/springframework/boot/autoconfigure/dao/PersistenceExceptionTranslationAutoConfiguration
instanceKlass org/springframework/boot/autoconfigure/context/LifecycleProperties
instanceKlass org/springframework/boot/actuate/autoconfigure/web/mappings/MappingsEndpointAutoConfiguration
instanceKlass org/springframework/boot/actuate/web/mappings/servlet/ServletsMappingDescriptionProvider
instanceKlass org/springframework/boot/actuate/web/mappings/servlet/FiltersMappingDescriptionProvider
instanceKlass org/springframework/boot/actuate/autoconfigure/web/mappings/MappingsEndpointAutoConfiguration$ServletWebConfiguration
instanceKlass org/springframework/boot/actuate/web/mappings/servlet/DispatcherServletsMappingDescriptionProvider
instanceKlass org/springframework/boot/actuate/web/mappings/MappingDescriptionProvider
instanceKlass org/springframework/boot/actuate/autoconfigure/web/mappings/MappingsEndpointAutoConfiguration$ServletWebConfiguration$SpringMvcConfiguration
instanceKlass org/springframework/boot/admin/SpringApplicationAdminMXBeanRegistrar
instanceKlass org/springframework/boot/autoconfigure/admin/SpringApplicationAdminJmxAutoConfiguration
instanceKlass org/springframework/boot/actuate/autoconfigure/web/exchanges/HttpExchangesEndpointAutoConfiguration
instanceKlass org/springframework/boot/actuate/autoconfigure/web/exchanges/HttpExchangesAutoConfiguration
instanceKlass org/springframework/boot/actuate/autoconfigure/ssl/SslMeterBinder
instanceKlass org/springframework/boot/actuate/autoconfigure/ssl/SslObservabilityAutoConfiguration
instanceKlass org/springframework/boot/actuate/autoconfigure/scheduling/ScheduledTasksObservabilityAutoConfiguration$ObservabilitySchedulingConfigurer
instanceKlass org/springframework/scheduling/annotation/SchedulingConfigurer
instanceKlass org/springframework/boot/actuate/autoconfigure/scheduling/ScheduledTasksObservabilityAutoConfiguration
instanceKlass org/springframework/boot/actuate/autoconfigure/scheduling/ScheduledTasksEndpointAutoConfiguration
instanceKlass org/springframework/boot/actuate/sbom/SbomProperties$Sbom
instanceKlass org/springframework/boot/actuate/sbom/SbomEndpointWebExtension
instanceKlass org/springframework/boot/actuate/autoconfigure/sbom/SbomEndpointAutoConfiguration
instanceKlass org/springframework/boot/actuate/sbom/SbomProperties
instanceKlass org/springframework/boot/actuate/autoconfigure/observation/web/servlet/WebMvcObservationAutoConfiguration$MeterFilterConfiguration
instanceKlass org/springframework/http/server/observation/ServerRequestObservationConvention
instanceKlass org/springframework/boot/actuate/autoconfigure/observation/web/servlet/WebMvcObservationAutoConfiguration
instanceKlass org/springframework/boot/actuate/autoconfigure/observation/web/client/HttpClientObservationsAutoConfiguration
instanceKlass org/springframework/boot/actuate/autoconfigure/observation/web/client/RestClientObservationConfiguration
instanceKlass org/springframework/boot/actuate/autoconfigure/observation/web/client/WebClientObservationConfiguration
instanceKlass org/springframework/boot/autoconfigure/web/reactive/function/client/WebClientAutoConfiguration
instanceKlass org/springframework/boot/actuate/metrics/web/client/ObservationRestTemplateCustomizer
instanceKlass org/springframework/boot/web/client/RestTemplateCustomizer
instanceKlass org/springframework/http/client/observation/ClientRequestObservationConvention
instanceKlass io/micrometer/observation/ObservationConvention
instanceKlass io/micrometer/observation/KeyValuesConvention
instanceKlass org/springframework/boot/actuate/autoconfigure/observation/web/client/RestTemplateObservationConfiguration
instanceKlass org/springframework/boot/actuate/autoconfigure/observation/web/client/HttpClientObservationsAutoConfiguration$MeterFilterConfiguration
instanceKlass org/springframework/boot/autoconfigure/web/client/RestTemplateBuilderConfigurer
instanceKlass org/springframework/boot/autoconfigure/web/client/RestTemplateAutoConfiguration
instanceKlass org/springframework/boot/autoconfigure/web/client/RestClientBuilderConfigurer
instanceKlass org/springframework/boot/autoconfigure/web/client/AutoConfiguredRestClientSsl
instanceKlass org/springframework/boot/autoconfigure/web/client/RestClientSsl
instanceKlass org/springframework/boot/autoconfigure/web/client/HttpMessageConvertersRestClientCustomizer
instanceKlass org/springframework/boot/web/client/RestClientCustomizer
instanceKlass org/springframework/boot/autoconfigure/web/client/RestClientAutoConfiguration
instanceKlass org/springframework/boot/autoconfigure/http/client/ClientHttpRequestFactoryBuilderCustomizer
instanceKlass org/springframework/boot/http/client/ClientHttpRequestFactoryBuilder
instanceKlass org/springframework/boot/autoconfigure/http/client/HttpClientAutoConfiguration
instanceKlass org/springframework/boot/autoconfigure/http/client/AbstractHttpClientProperties
instanceKlass org/springframework/boot/autoconfigure/http/HttpMessageConvertersAutoConfiguration
instanceKlass org/springframework/boot/autoconfigure/http/HttpMessageConvertersAutoConfiguration$HttpMessageConvertersAutoConfigurationRuntimeHints
instanceKlass org/springframework/boot/autoconfigure/http/JsonbHttpMessageConvertersConfiguration
instanceKlass org/springframework/boot/autoconfigure/http/GsonHttpMessageConvertersConfiguration
instanceKlass org/springframework/boot/autoconfigure/jsonb/JsonbAutoConfiguration
instanceKlass org/springframework/boot/autoconfigure/http/JacksonHttpMessageConvertersConfiguration
instanceKlass org/springframework/boot/autoconfigure/http/JacksonHttpMessageConvertersConfiguration$MappingJackson2HttpMessageConverterConfiguration
instanceKlass org/springframework/boot/autoconfigure/http/HttpMessageConvertersAutoConfiguration$StringHttpMessageConverterConfiguration
instanceKlass com/google/gson/FieldNamingStrategy
instanceKlass org/springframework/boot/autoconfigure/gson/GsonAutoConfiguration$StandardGsonBuilderCustomizer
instanceKlass org/springframework/boot/autoconfigure/gson/GsonBuilderCustomizer
instanceKlass com/google/gson/GsonBuilder
instanceKlass org/springframework/boot/autoconfigure/gson/GsonAutoConfiguration
instanceKlass org/springframework/boot/autoconfigure/gson/GsonProperties
instanceKlass org/springframework/boot/actuate/autoconfigure/observation/ObservationProperties$LongTaskTimer
instanceKlass org/springframework/boot/actuate/autoconfigure/observation/ObservationProperties$Http
instanceKlass org/springframework/boot/actuate/autoconfigure/observation/ObservationHandlerGrouping
instanceKlass org/springframework/boot/actuate/autoconfigure/observation/ObservationAutoConfiguration$OnlyMetricsConfiguration
instanceKlass org/springframework/boot/actuate/autoconfigure/observation/ObservationAutoConfiguration$MeterObservationHandlerConfiguration
instanceKlass io/micrometer/core/instrument/observation/DefaultMeterObservationHandler
instanceKlass org/springframework/boot/actuate/autoconfigure/observation/ObservationAutoConfiguration$MeterObservationHandlerConfiguration$OnlyMetricsMeterObservationHandlerConfiguration
instanceKlass org/springframework/boot/actuate/autoconfigure/observation/ObservationRegistryPostProcessor
instanceKlass org/springframework/boot/actuate/autoconfigure/observation/PropertiesObservationFilterPredicate
instanceKlass io/micrometer/observation/ObservationPredicate
instanceKlass io/micrometer/observation/ObservationFilter
instanceKlass org/springframework/boot/actuate/autoconfigure/observation/ObservationAutoConfiguration
instanceKlass org/springframework/boot/actuate/autoconfigure/observation/ObservationProperties
instanceKlass org/springframework/boot/actuate/autoconfigure/tracing/MicrometerTracingAutoConfiguration
instanceKlass io/micrometer/core/instrument/observation/MeterObservationHandler
instanceKlass io/micrometer/observation/ObservationHandler
instanceKlass org/springframework/boot/actuate/metrics/web/tomcat/TomcatMetricsBinder
instanceKlass org/springframework/boot/actuate/autoconfigure/metrics/web/tomcat/TomcatMetricsAutoConfiguration
instanceKlass org/springframework/boot/actuate/autoconfigure/metrics/task/TaskExecutorMetricsAutoConfiguration
instanceKlass org/springframework/boot/autoconfigure/task/TaskSchedulingAutoConfiguration
instanceKlass org/springframework/boot/autoconfigure/task/TaskSchedulingProperties$Shutdown
instanceKlass org/springframework/boot/autoconfigure/task/TaskSchedulingProperties$Simple
instanceKlass org/springframework/boot/autoconfigure/task/TaskSchedulingProperties$Pool
instanceKlass org/springframework/boot/autoconfigure/task/TaskSchedulingConfigurations$TaskSchedulerConfiguration
instanceKlass org/springframework/boot/task/SimpleAsyncTaskSchedulerBuilder
instanceKlass org/springframework/boot/autoconfigure/task/TaskSchedulingConfigurations$SimpleAsyncTaskSchedulerBuilderConfiguration
instanceKlass org/springframework/boot/task/ThreadPoolTaskSchedulerBuilder
instanceKlass org/springframework/boot/autoconfigure/task/TaskSchedulingProperties
instanceKlass org/springframework/boot/autoconfigure/task/TaskSchedulingConfigurations$ThreadPoolTaskSchedulerBuilderConfiguration
instanceKlass org/springframework/boot/actuate/metrics/startup/StartupTimeMetricsListener
instanceKlass org/springframework/boot/actuate/autoconfigure/metrics/startup/StartupTimeMetricsListenerAutoConfiguration
instanceKlass org/springframework/boot/actuate/autoconfigure/metrics/integration/IntegrationMetricsAutoConfiguration
instanceKlass org/springframework/boot/autoconfigure/integration/IntegrationAutoConfiguration
instanceKlass org/springframework/boot/actuate/autoconfigure/metrics/data/MetricsRepositoryMethodInvocationListenerBeanPostProcessor
instanceKlass org/springframework/boot/actuate/metrics/data/DefaultRepositoryTagsProvider
instanceKlass org/springframework/boot/actuate/metrics/data/MetricsRepositoryMethodInvocationListener
instanceKlass org/springframework/data/repository/core/support/RepositoryMethodInvocationListener
instanceKlass org/springframework/boot/actuate/metrics/AutoTimer
instanceKlass org/springframework/boot/actuate/autoconfigure/metrics/data/RepositoryMetricsAutoConfiguration
instanceKlass org/springframework/boot/actuate/metrics/data/RepositoryTagsProvider
instanceKlass io/micrometer/core/instrument/binder/system/FileDescriptorMetrics
instanceKlass io/micrometer/core/instrument/binder/system/ProcessorMetrics
instanceKlass io/micrometer/core/instrument/binder/system/UptimeMetrics
instanceKlass org/springframework/boot/actuate/metrics/system/DiskSpaceMetricsBinder
instanceKlass org/springframework/boot/actuate/autoconfigure/metrics/SystemMetricsAutoConfiguration
instanceKlass org/springframework/boot/actuate/autoconfigure/metrics/MetricsEndpointAutoConfiguration
instanceKlass io/micrometer/core/instrument/binder/logging/LogbackMetrics
instanceKlass org/springframework/boot/actuate/autoconfigure/metrics/LogbackMetricsAutoConfiguration
instanceKlass io/micrometer/core/instrument/binder/jvm/JvmHeapPressureMetrics
instanceKlass io/micrometer/core/instrument/binder/jvm/JvmCompilationMetrics
instanceKlass io/micrometer/core/instrument/binder/jvm/ClassLoaderMetrics
instanceKlass io/micrometer/core/instrument/binder/jvm/JvmInfoMetrics
instanceKlass io/micrometer/core/instrument/binder/jvm/JvmThreadMetrics
instanceKlass io/micrometer/core/instrument/binder/jvm/JvmMemoryMetrics
instanceKlass io/micrometer/core/instrument/binder/jvm/JvmGcMetrics
instanceKlass org/springframework/boot/actuate/autoconfigure/metrics/JvmMetricsAutoConfiguration
instanceKlass org/springframework/boot/actuate/autoconfigure/management/ThreadDumpEndpointAutoConfiguration
instanceKlass org/springframework/boot/actuate/autoconfigure/logging/LoggersEndpointAutoConfiguration
instanceKlass org/springframework/boot/actuate/autoconfigure/logging/LogFileWebEndpointAutoConfiguration
instanceKlass org/springframework/boot/actuate/autoconfigure/system/DiskSpaceHealthContributorAutoConfiguration
instanceKlass org/springframework/boot/actuate/autoconfigure/logging/LogFileWebEndpointProperties
instanceKlass org/springframework/boot/actuate/autoconfigure/system/DiskSpaceHealthIndicatorProperties
instanceKlass org/springframework/boot/actuate/health/AbstractHealthIndicator
instanceKlass org/springframework/boot/actuate/autoconfigure/ssl/SslHealthContributorAutoConfiguration
instanceKlass jdk/internal/access/foreign/MemorySegmentProxy
instanceKlass org/springframework/boot/actuate/autoconfigure/health/HealthContributorAutoConfiguration
instanceKlass org/springframework/boot/actuate/env/EnvironmentEndpointWebExtension
instanceKlass org/springframework/boot/actuate/autoconfigure/env/EnvironmentEndpointAutoConfiguration
instanceKlass org/springframework/boot/actuate/endpoint/web/WebOperation
instanceKlass org/springframework/boot/actuate/endpoint/web/annotation/ExposableControllerEndpoint
instanceKlass org/springframework/cloud/autoconfigure/LifecycleMvcEndpointAutoConfiguration
instanceKlass org/springframework/boot/actuate/autoconfigure/endpoint/web/WebEndpointProperties$Discovery
instanceKlass org/springframework/boot/actuate/autoconfigure/endpoint/web/WebEndpointProperties$Exposure
instanceKlass org/springframework/boot/actuate/endpoint/web/PathMappedEndpoints
instanceKlass org/springframework/boot/actuate/endpoint/web/annotation/ControllerEndpointsSupplier
instanceKlass org/springframework/boot/actuate/endpoint/web/EndpointMediaTypes
instanceKlass org/springframework/boot/actuate/endpoint/web/PathMapper
instanceKlass org/springframework/boot/actuate/autoconfigure/endpoint/web/WebEndpointAutoConfiguration
instanceKlass org/springframework/boot/actuate/autoconfigure/endpoint/web/WebEndpointAutoConfiguration$WebEndpointServletConfiguration
instanceKlass org/springframework/boot/actuate/endpoint/jmx/JmxOperation
instanceKlass org/springframework/boot/actuate/endpoint/Operation
instanceKlass org/springframework/boot/actuate/endpoint/jmx/ExposableJmxEndpoint
instanceKlass org/springframework/boot/actuate/endpoint/web/annotation/ServletEndpointsSupplier
instanceKlass org/springframework/boot/actuate/autoconfigure/endpoint/jmx/JmxEndpointProperties$Exposure
instanceKlass org/springframework/boot/actuate/endpoint/OperationFilter
instanceKlass org/springframework/boot/actuate/endpoint/annotation/EndpointDiscoverer
instanceKlass org/springframework/boot/actuate/autoconfigure/endpoint/jmx/DefaultEndpointObjectNameFactory
instanceKlass org/springframework/boot/actuate/endpoint/jmx/JmxEndpointExporter
instanceKlass org/springframework/boot/LazyInitializationExcludeFilter
instanceKlass org/springframework/boot/actuate/endpoint/jmx/JmxOperationResponseMapper
instanceKlass org/springframework/boot/actuate/endpoint/jmx/EndpointObjectNameFactory
instanceKlass org/springframework/boot/actuate/autoconfigure/endpoint/jmx/JmxEndpointAutoConfiguration
instanceKlass org/springframework/boot/actuate/endpoint/jmx/JmxEndpointsSupplier
instanceKlass org/springframework/boot/actuate/autoconfigure/endpoint/jmx/JmxEndpointProperties
instanceKlass org/springframework/jmx/export/naming/MetadataNamingStrategy
instanceKlass org/springframework/jmx/export/metadata/JmxAttributeSource
instanceKlass org/springframework/jmx/export/naming/ObjectNamingStrategy
instanceKlass org/springframework/boot/autoconfigure/jmx/JmxAutoConfiguration
instanceKlass org/springframework/boot/actuate/endpoint/jackson/EndpointObjectMapper
instanceKlass org/springframework/boot/actuate/autoconfigure/endpoint/jackson/JacksonEndpointAutoConfiguration
instanceKlass org/springframework/boot/autoconfigure/jmx/JmxProperties
instanceKlass org/springframework/boot/actuate/endpoint/invoker/cache/CachingOperationInvokerAdvisor
instanceKlass org/springframework/boot/actuate/endpoint/invoke/OperationInvokerAdvisor
instanceKlass org/springframework/boot/actuate/endpoint/invoke/ParameterValueMapper
instanceKlass org/springframework/boot/actuate/autoconfigure/health/AbstractCompositeHealthContributorConfiguration
instanceKlass org/springframework/boot/autoconfigure/data/mongo/MongoDataAutoConfiguration
instanceKlass org/springframework/data/mongodb/gridfs/GridFsOperationsSupport
instanceKlass org/springframework/data/mongodb/gridfs/GridFsOperations
instanceKlass org/springframework/boot/autoconfigure/data/mongo/MongoDatabaseFactoryDependentConfiguration
instanceKlass org/springframework/data/mongodb/core/MongoDatabaseFactorySupport
instanceKlass org/springframework/boot/autoconfigure/data/mongo/MongoDatabaseFactoryConfiguration
instanceKlass org/springframework/data/mongodb/core/convert/AbstractMongoConverter
instanceKlass org/springframework/data/mongodb/core/convert/MongoConverter
instanceKlass org/springframework/data/mongodb/core/convert/MongoWriter
instanceKlass org/springframework/data/convert/EntityConverter
instanceKlass org/springframework/data/convert/EntityWriter
instanceKlass org/springframework/data/convert/EntityReader
instanceKlass org/springframework/data/mapping/context/AbstractMappingContext
instanceKlass org/springframework/data/mongodb/MongoManagedTypes
instanceKlass org/springframework/data/convert/CustomConversions
instanceKlass org/springframework/data/mongodb/core/convert/DbRefResolver
instanceKlass org/springframework/data/mongodb/core/convert/ReferenceResolver
instanceKlass org/springframework/data/domain/ManagedTypes
instanceKlass org/springframework/boot/autoconfigure/data/mongo/MongoDataConfiguration
instanceKlass org/springframework/boot/autoconfigure/mongo/MongoProperties$Ssl
instanceKlass org/springframework/boot/autoconfigure/mongo/MongoProperties$Gridfs
instanceKlass org/springframework/boot/autoconfigure/mongo/PropertiesMongoConnectionDetails
instanceKlass org/springframework/boot/autoconfigure/mongo/StandardMongoClientSettingsBuilderCustomizer
instanceKlass org/springframework/boot/autoconfigure/mongo/MongoAutoConfiguration$MongoClientSettingsConfiguration
instanceKlass org/springframework/boot/autoconfigure/mongo/MongoConnectionDetails
instanceKlass org/springframework/boot/autoconfigure/service/connection/ConnectionDetails
instanceKlass org/springframework/boot/autoconfigure/mongo/MongoProperties
instanceKlass org/springframework/boot/actuate/autoconfigure/metrics/mongo/MongoMetricsAutoConfiguration
instanceKlass org/springframework/boot/autoconfigure/mongo/MongoAutoConfiguration
instanceKlass io/micrometer/core/instrument/binder/mongodb/MongoCommandTagsProvider
instanceKlass org/springframework/boot/actuate/autoconfigure/metrics/mongo/MongoMetricsAutoConfiguration$MongoCommandMetricsConfiguration
instanceKlass org/springframework/boot/autoconfigure/mongo/MongoClientSettingsBuilderCustomizer
instanceKlass com/mongodb/connection/ConnectionPoolSettings$Builder
instanceKlass com/mongodb/MongoClientSettings$Builder
instanceKlass io/micrometer/core/instrument/binder/mongodb/MongoConnectionPoolTagsProvider
instanceKlass org/springframework/boot/actuate/autoconfigure/metrics/mongo/MongoMetricsAutoConfiguration$MongoConnectionPoolMetricsConfiguration
instanceKlass org/springframework/boot/actuate/autoconfigure/metrics/CompositeMeterRegistryConfiguration
instanceKlass org/springframework/boot/actuate/autoconfigure/metrics/NoOpMeterRegistryConfiguration
instanceKlass io/micrometer/core/instrument/simple/SimpleConfig
instanceKlass io/micrometer/core/instrument/config/MeterRegistryConfig
instanceKlass org/springframework/boot/actuate/autoconfigure/metrics/export/simple/SimpleMetricsExportAutoConfiguration
instanceKlass org/springframework/boot/actuate/autoconfigure/metrics/export/simple/SimpleProperties
instanceKlass org/springframework/boot/actuate/context/properties/ConfigurationPropertiesReportEndpointWebExtension
instanceKlass org/springframework/boot/actuate/autoconfigure/context/properties/ConfigurationPropertiesReportEndpointAutoConfiguration
instanceKlass org/springframework/boot/actuate/autoconfigure/context/properties/ConfigurationPropertiesReportEndpointProperties
instanceKlass org/springframework/boot/actuate/autoconfigure/web/servlet/ManagementServletContext
instanceKlass org/springframework/boot/actuate/autoconfigure/endpoint/web/WebEndpointProperties
instanceKlass org/springframework/boot/actuate/autoconfigure/web/ManagementContextFactory
instanceKlass org/springframework/boot/actuate/autoconfigure/web/servlet/ServletManagementContextAutoConfiguration
instanceKlass org/springframework/boot/actuate/autoconfigure/condition/ConditionsReportEndpointAutoConfiguration
instanceKlass org/springframework/boot/actuate/autoconfigure/info/InfoEndpointAutoConfiguration
instanceKlass org/springframework/boot/actuate/autoconfigure/info/InfoContributorProperties$Git
instanceKlass org/springframework/boot/actuate/info/InfoPropertiesInfoContributor
instanceKlass org/springframework/boot/actuate/info/OsInfoContributor
instanceKlass org/springframework/boot/actuate/info/EnvironmentInfoContributor
instanceKlass org/springframework/boot/actuate/info/SslInfoContributor
instanceKlass org/springframework/boot/info/SslInfo
instanceKlass org/springframework/boot/actuate/info/ProcessInfoContributor
instanceKlass org/springframework/boot/actuate/info/JavaInfoContributor
instanceKlass org/springframework/boot/actuate/info/InfoContributor
instanceKlass org/springframework/boot/actuate/autoconfigure/info/InfoContributorAutoConfiguration
instanceKlass org/springframework/boot/actuate/autoconfigure/health/HealthEndpointAutoConfiguration
instanceKlass org/springframework/boot/info/InfoProperties
instanceKlass org/springframework/boot/actuate/autoconfigure/ssl/SslHealthIndicatorProperties
instanceKlass org/springframework/boot/actuate/autoconfigure/info/InfoContributorProperties
instanceKlass org/springframework/boot/autoconfigure/info/ProjectInfoAutoConfiguration
instanceKlass org/springframework/boot/autoconfigure/info/ProjectInfoProperties$Git
instanceKlass org/springframework/boot/autoconfigure/info/ProjectInfoProperties$Build
instanceKlass org/springframework/boot/autoconfigure/info/ProjectInfoProperties
instanceKlass org/springframework/boot/actuate/autoconfigure/health/HealthEndpointProperties$Logging
instanceKlass org/springframework/boot/actuate/autoconfigure/health/HealthEndpointReactiveWebExtensionConfiguration
instanceKlass org/springframework/boot/actuate/autoconfigure/health/ReactiveHealthEndpointConfiguration
instanceKlass org/springframework/boot/actuate/autoconfigure/health/HealthEndpointWebExtensionConfiguration$MvcAdditionalHealthEndpointPathsConfiguration
instanceKlass org/springframework/boot/actuate/endpoint/web/WebEndpointsSupplier
instanceKlass org/springframework/boot/actuate/endpoint/EndpointsSupplier
instanceKlass org/springframework/boot/actuate/endpoint/web/ExposableWebEndpoint
instanceKlass org/springframework/boot/actuate/endpoint/web/PathMappedEndpoint
instanceKlass org/springframework/boot/actuate/autoconfigure/health/HealthEndpointWebExtensionConfiguration
instanceKlass org/springframework/boot/actuate/autoconfigure/health/HealthEndpointConfiguration$HealthEndpointGroupMembershipValidator
instanceKlass org/springframework/boot/actuate/autoconfigure/health/HealthEndpointConfiguration$HealthEndpointGroupsBeanPostProcessor
instanceKlass org/springframework/boot/actuate/autoconfigure/health/AutoConfiguredHealthEndpointGroups
instanceKlass org/springframework/boot/actuate/endpoint/web/AdditionalPathsMapper
instanceKlass org/springframework/boot/actuate/autoconfigure/health/HealthProperties
instanceKlass org/springframework/boot/actuate/health/HealthEndpointGroups
instanceKlass org/springframework/boot/actuate/health/StatusAggregator
instanceKlass org/springframework/boot/actuate/health/HttpCodeStatusMapper
instanceKlass org/springframework/boot/actuate/health/HealthContributorRegistry
instanceKlass org/springframework/boot/actuate/health/ContributorRegistry
instanceKlass org/springframework/boot/actuate/health/NamedContributors
instanceKlass org/springframework/boot/actuate/autoconfigure/health/HealthEndpointConfiguration
instanceKlass org/springframework/boot/actuate/endpoint/annotation/EndpointExtension
instanceKlass org/springframework/boot/actuate/endpoint/web/annotation/EndpointWebExtension
instanceKlass org/springframework/boot/actuate/cache/CachesEndpointWebExtension
instanceKlass org/springframework/boot/actuate/autoconfigure/cache/CachesEndpointAutoConfiguration
instanceKlass org/springframework/boot/autoconfigure/cache/CacheAutoConfiguration
instanceKlass org/springframework/cloud/logging/LoggingRebinder
instanceKlass org/springframework/cloud/context/refresh/RefreshScopeLifecycle
instanceKlass org/springframework/cloud/endpoint/event/RefreshEventListener
instanceKlass org/springframework/cloud/context/refresh/ContextRefresher
instanceKlass org/springframework/cloud/autoconfigure/RefreshAutoConfiguration
instanceKlass org/springframework/cloud/autoconfigure/RefreshAutoConfiguration$RefreshScopeBeanDefinitionEnhancer
instanceKlass org/springframework/cloud/autoconfigure/RefreshAutoConfiguration$RefreshProperties
instanceKlass org/springframework/boot/autoconfigure/orm/jpa/HibernateJpaAutoConfiguration
instanceKlass org/springframework/boot/autoconfigure/jackson/JacksonAutoConfiguration
instanceKlass org/springframework/boot/jackson/JsonMixinModuleEntries
instanceKlass org/springframework/boot/autoconfigure/jackson/JacksonAutoConfiguration$JacksonMixinConfiguration
instanceKlass org/springframework/boot/autoconfigure/transaction/ExecutionListenersTransactionManagerCustomizer
instanceKlass org/springframework/boot/autoconfigure/transaction/TransactionManagerCustomizers
instanceKlass org/springframework/boot/autoconfigure/transaction/TransactionManagerCustomizationAutoConfiguration
instanceKlass org/springframework/boot/autoconfigure/transaction/TransactionProperties
instanceKlass org/springframework/boot/autoconfigure/transaction/TransactionManagerCustomizer
instanceKlass org/springframework/boot/autoconfigure/transaction/TransactionAutoConfiguration
instanceKlass org/springframework/boot/autoconfigure/jackson/JacksonAutoConfiguration$JacksonObjectMapperConfiguration
instanceKlass org/springframework/boot/autoconfigure/jackson/JacksonAutoConfiguration$ParameterNamesModuleConfiguration
instanceKlass org/springframework/boot/autoconfigure/jackson/JacksonAutoConfiguration$Jackson2ObjectMapperBuilderCustomizerConfiguration$StandardJackson2ObjectMapperBuilderCustomizer
instanceKlass org/springframework/boot/autoconfigure/jackson/Jackson2ObjectMapperBuilderCustomizer
instanceKlass org/springframework/boot/autoconfigure/jackson/JacksonAutoConfiguration$Jackson2ObjectMapperBuilderCustomizerConfiguration
instanceKlass org/springframework/boot/autoconfigure/jackson/JacksonAutoConfiguration$JacksonObjectMapperBuilderConfiguration
instanceKlass org/springframework/boot/autoconfigure/jackson/JacksonProperties$Datatype
instanceKlass org/springframework/boot/autoconfigure/jackson/JacksonProperties
instanceKlass org/springframework/boot/actuate/autoconfigure/availability/AvailabilityHealthContributorAutoConfiguration
instanceKlass org/springframework/boot/availability/ApplicationAvailabilityBean
instanceKlass org/springframework/boot/actuate/autoconfigure/beans/BeansEndpointAutoConfiguration
instanceKlass org/springframework/boot/autoconfigure/availability/ApplicationAvailabilityAutoConfiguration
instanceKlass org/springframework/boot/availability/ApplicationAvailability
instanceKlass org/springframework/boot/actuate/autoconfigure/audit/AuditEventsEndpointAutoConfiguration
instanceKlass org/springframework/boot/actuate/autoconfigure/audit/AuditAutoConfiguration
instanceKlass com/google/cloud/vision/v1/ImageAnnotatorClient
instanceKlass com/google/cloud/spring/autoconfigure/vision/CloudVisionAutoConfiguration
instanceKlass com/google/cloud/spring/autoconfigure/vision/CloudVisionProperties
instanceKlass com/google/cloud/parametermanager/v1/ParameterManagerClient
instanceKlass com/google/api/gax/core/BackgroundResource
instanceKlass com/google/cloud/spring/autoconfigure/parametermanager/GcpParameterManagerAutoConfiguration
instanceKlass com/google/cloud/spring/autoconfigure/parametermanager/GcpParameterManagerProperties
instanceKlass org/springframework/boot/actuate/autoconfigure/metrics/MetricsProperties$Distribution
instanceKlass org/springframework/boot/actuate/autoconfigure/metrics/MetricsProperties$System
instanceKlass org/springframework/boot/actuate/autoconfigure/metrics/MetricsProperties$Data
instanceKlass org/springframework/boot/actuate/autoconfigure/metrics/MetricsProperties$Web
instanceKlass org/springframework/boot/actuate/autoconfigure/metrics/PropertiesMeterFilter
instanceKlass io/micrometer/core/instrument/config/MeterFilter
instanceKlass org/springframework/boot/actuate/autoconfigure/metrics/MetricsAutoConfiguration$MeterRegistryCloser
instanceKlass org/springframework/boot/actuate/autoconfigure/metrics/MeterRegistryPostProcessor
instanceKlass org/springframework/boot/actuate/autoconfigure/metrics/MetricsAutoConfiguration
instanceKlass org/springframework/boot/actuate/autoconfigure/metrics/MetricsProperties
instanceKlass org/springframework/boot/actuate/autoconfigure/metrics/CompositeMeterRegistryAutoConfiguration
instanceKlass com/google/cloud/spring/autoconfigure/core/CredentialsRuntimeHints
instanceKlass com/google/cloud/spring/core/GcpEnvironmentProvider
instanceKlass com/google/cloud/spring/autoconfigure/core/GcpContextAutoConfiguration
instanceKlass com/google/cloud/spring/autoconfigure/core/GcpProperties
instanceKlass org/springframework/boot/autoconfigure/web/WebResourcesRuntimeHints
instanceKlass org/springframework/boot/autoconfigure/validation/ValidationAutoConfiguration
instanceKlass org/springframework/web/context/request/RequestContextListener
instanceKlass jakarta/servlet/ServletRequestListener
instanceKlass javax/annotation/CheckForNull
instanceKlass org/springframework/lang/Nullable
instanceKlass org/springframework/web/servlet/mvc/HttpRequestHandlerAdapter
instanceKlass org/springframework/web/servlet/mvc/SimpleControllerHandlerAdapter
instanceKlass org/springframework/web/method/support/CompositeUriComponentsContributor
instanceKlass org/springframework/web/method/support/UriComponentsContributor
instanceKlass org/springframework/web/servlet/function/support/HandlerFunctionAdapter
instanceKlass org/springframework/web/util/pattern/PathPatternParser
instanceKlass org/springframework/web/util/UrlPathHelper
instanceKlass org/springframework/boot/autoconfigure/web/servlet/WebMvcAutoConfiguration$WelcomePageHandlerMappingFactory
instanceKlass org/springframework/web/servlet/resource/ResourceUrlProvider
instanceKlass org/springframework/web/accept/ContentNegotiationManager
instanceKlass org/springframework/web/accept/MediaTypeFileExtensionResolver
instanceKlass org/springframework/web/servlet/HandlerAdapter
instanceKlass org/springframework/web/bind/support/ConfigurableWebBindingInitializer
instanceKlass org/springframework/web/servlet/handler/AbstractHandlerExceptionResolver
instanceKlass org/springframework/web/servlet/FlashMapManager
instanceKlass org/springframework/web/servlet/RequestToViewNameTranslator
instanceKlass org/springframework/web/bind/support/WebBindingInitializer
instanceKlass org/springframework/web/servlet/handler/MatchableHandlerMapping
instanceKlass org/springframework/web/servlet/HandlerMapping
instanceKlass org/springframework/web/servlet/LocaleResolver
instanceKlass org/springframework/web/servlet/ThemeResolver
instanceKlass org/springframework/boot/autoconfigure/http/HttpMessageConverters
instanceKlass org/springframework/web/servlet/config/annotation/ResourceHandlerRegistration
instanceKlass org/springframework/boot/web/servlet/filter/OrderedFilter
instanceKlass org/springframework/boot/autoconfigure/web/servlet/WebMvcAutoConfiguration$WebMvcAutoConfigurationAdapter
instanceKlass org/springframework/boot/autoconfigure/web/servlet/error/ErrorMvcAutoConfiguration$PreserveErrorControllerTargetClassPostProcessor
instanceKlass org/springframework/boot/autoconfigure/web/servlet/error/ErrorMvcAutoConfiguration$ErrorPageCustomizer
instanceKlass org/springframework/boot/web/server/ErrorPageRegistrar
instanceKlass org/springframework/boot/autoconfigure/web/servlet/error/AbstractErrorController
instanceKlass org/springframework/boot/web/servlet/error/DefaultErrorAttributes
instanceKlass org/springframework/web/servlet/HandlerExceptionResolver
instanceKlass org/springframework/boot/web/servlet/error/ErrorController
instanceKlass org/springframework/boot/autoconfigure/web/servlet/error/ErrorMvcAutoConfiguration
instanceKlass org/springframework/boot/autoconfigure/web/servlet/error/DefaultErrorViewResolver
instanceKlass org/springframework/boot/web/servlet/error/ErrorAttributes
instanceKlass org/springframework/boot/autoconfigure/web/servlet/WebMvcAutoConfiguration
instanceKlass org/springframework/boot/autoconfigure/web/WebProperties$Resources
instanceKlass org/springframework/boot/autoconfigure/web/servlet/error/ErrorViewResolver
instanceKlass org/springframework/boot/autoconfigure/web/servlet/error/ErrorMvcAutoConfiguration$DefaultErrorViewResolverConfiguration
instanceKlass org/springframework/boot/autoconfigure/web/WebProperties
instanceKlass org/springframework/boot/autoconfigure/task/TaskExecutionAutoConfiguration
instanceKlass org/springframework/web/servlet/View
instanceKlass org/springframework/boot/autoconfigure/web/servlet/error/ErrorMvcAutoConfiguration$WhitelabelErrorViewConfiguration
instanceKlass org/springframework/boot/autoconfigure/task/TaskExecutionProperties$Shutdown
instanceKlass org/springframework/boot/autoconfigure/task/TaskExecutionProperties$Simple
instanceKlass org/springframework/boot/autoconfigure/task/TaskExecutionProperties$Pool
instanceKlass org/springframework/boot/autoconfigure/task/TaskExecutorConfigurations$BootstrapExecutorConfiguration
instanceKlass org/springframework/boot/autoconfigure/task/TaskExecutorConfigurations$TaskExecutorConfiguration
instanceKlass org/springframework/boot/autoconfigure/task/TaskExecutorConfigurations$AsyncConfigurerConfiguration
instanceKlass org/springframework/scheduling/annotation/AsyncConfigurer
instanceKlass org/springframework/boot/task/SimpleAsyncTaskExecutorBuilder
instanceKlass org/springframework/boot/autoconfigure/task/TaskExecutorConfigurations$SimpleAsyncTaskExecutorBuilderConfiguration
instanceKlass org/springframework/boot/autoconfigure/web/servlet/DispatcherServletAutoConfiguration
instanceKlass org/springframework/boot/autoconfigure/web/servlet/DispatcherServletPath
instanceKlass org/springframework/boot/task/ThreadPoolTaskExecutorBuilder
instanceKlass org/springframework/boot/autoconfigure/task/TaskExecutionProperties
instanceKlass org/springframework/boot/autoconfigure/task/TaskExecutorConfigurations$ThreadPoolTaskExecutorBuilderConfiguration
instanceKlass org/springframework/aop/scope/ScopedProxyUtils
instanceKlass org/springframework/boot/autoconfigure/web/servlet/DispatcherServletAutoConfiguration$DispatcherServletRegistrationConfiguration
instanceKlass org/springframework/boot/autoconfigure/web/servlet/WebMvcProperties$Problemdetails
instanceKlass org/springframework/boot/autoconfigure/web/servlet/WebMvcProperties$Pathmatch
instanceKlass org/springframework/boot/autoconfigure/web/servlet/WebMvcProperties$Contentnegotiation
instanceKlass org/springframework/boot/autoconfigure/web/servlet/WebMvcProperties$View
instanceKlass org/springframework/boot/autoconfigure/web/servlet/WebMvcProperties$Servlet
instanceKlass org/springframework/boot/autoconfigure/web/servlet/WebMvcProperties$Async
instanceKlass org/springframework/boot/autoconfigure/web/servlet/WebMvcProperties$Format
instanceKlass org/springframework/validation/MessageCodeFormatter
instanceKlass org/springframework/boot/autoconfigure/web/servlet/DispatcherServletAutoConfiguration$DispatcherServletConfiguration
instanceKlass org/springframework/boot/autoconfigure/web/servlet/WebMvcProperties
instanceKlass org/springframework/boot/web/server/ErrorPageRegistrarBeanPostProcessor
instanceKlass org/springframework/boot/autoconfigure/web/servlet/TomcatServletWebServerFactoryCustomizer
instanceKlass org/springframework/boot/autoconfigure/web/servlet/ServletWebServerFactoryCustomizer
instanceKlass org/springframework/boot/web/server/AbstractConfigurableWebServerFactory
instanceKlass org/springframework/boot/web/servlet/server/ConfigurableServletWebServerFactory
instanceKlass org/springframework/boot/web/servlet/WebListenerRegistry
instanceKlass org/springframework/boot/web/embedded/tomcat/ConfigurableTomcatWebServerFactory
instanceKlass org/springframework/boot/web/server/ConfigurableWebServerFactory
instanceKlass org/springframework/boot/web/server/ErrorPageRegistry
instanceKlass org/springframework/boot/web/server/WebServerFactoryCustomizerBeanPostProcessor
instanceKlass org/springframework/boot/autoconfigure/web/ServerProperties$Undertow
instanceKlass org/springframework/boot/autoconfigure/web/ServerProperties$Netty
instanceKlass org/springframework/boot/autoconfigure/web/ServerProperties$Jetty
instanceKlass org/springframework/boot/autoconfigure/web/ServerProperties$Tomcat
instanceKlass org/springframework/boot/autoconfigure/web/ServerProperties$Reactive
instanceKlass org/springframework/boot/autoconfigure/web/ServerProperties$Servlet
instanceKlass org/springframework/boot/web/server/Http2
instanceKlass org/springframework/boot/web/server/MimeMappings
instanceKlass org/springframework/boot/web/server/Compression
instanceKlass org/springframework/boot/web/server/Ssl
instanceKlass org/springframework/boot/autoconfigure/web/ErrorProperties
instanceKlass org/springframework/boot/autoconfigure/web/servlet/ServletWebServerFactoryConfiguration$EmbeddedUndertow
instanceKlass org/springframework/boot/autoconfigure/web/servlet/ServletWebServerFactoryConfiguration$EmbeddedJetty
instanceKlass org/springframework/boot/autoconfigure/web/servlet/ServletWebServerFactoryConfiguration$EmbeddedTomcat
instanceKlass org/springframework/boot/autoconfigure/web/ServerProperties
instanceKlass org/springframework/boot/autoconfigure/websocket/servlet/WebSocketServletAutoConfiguration
instanceKlass org/springframework/boot/autoconfigure/websocket/servlet/TomcatWebSocketServletWebServerCustomizer
instanceKlass org/springframework/boot/web/server/WebServerFactoryCustomizer
instanceKlass org/springframework/boot/autoconfigure/websocket/servlet/WebSocketServletAutoConfiguration$TomcatWebSocketConfiguration
instanceKlass org/springframework/boot/web/servlet/server/ServletWebServerFactory
instanceKlass org/springframework/boot/web/server/WebServerFactory
instanceKlass org/springframework/boot/autoconfigure/web/servlet/ServletWebServerFactoryAutoConfiguration
instanceKlass org/springframework/boot/context/properties/BindMethodAttribute
instanceKlass org/springframework/boot/autoconfigure/ssl/SslProperties$Bundles
instanceKlass org/springframework/boot/context/properties/ConfigurationPropertiesBean
instanceKlass org/springframework/boot/context/properties/ConfigurationPropertiesBeanRegistrar
instanceKlass org/springframework/boot/validation/beanvalidation/MethodValidationExcludeFilter
instanceKlass org/springframework/boot/context/properties/BoundConfigurationProperties
instanceKlass org/springframework/boot/context/properties/ConfigurationPropertiesBinder$ConfigurationPropertiesBinderFactory
instanceKlass org/springframework/boot/context/properties/ConfigurationPropertiesBinder
instanceKlass org/springframework/boot/autoconfigure/ssl/SslPropertiesBundleRegistrar
instanceKlass org/springframework/boot/autoconfigure/ssl/SslBundleRegistrar
instanceKlass org/springframework/boot/autoconfigure/ssl/FileWatcher
instanceKlass org/springframework/boot/ssl/DefaultSslBundleRegistry
instanceKlass org/springframework/boot/autoconfigure/ssl/SslAutoConfiguration
instanceKlass org/springframework/boot/ssl/SslBundleRegistry
instanceKlass org/springframework/boot/autoconfigure/ssl/SslProperties
instanceKlass org/springframework/data/auditing/AuditableBeanWrapper
instanceKlass org/springframework/data/domain/AuditorAware
instanceKlass org/springframework/data/auditing/Auditor
instanceKlass org/springframework/data/mapping/context/MappingContext
instanceKlass org/springframework/data/auditing/AuditableBeanWrapperFactory
instanceKlass org/springframework/web/servlet/handler/HandlerMappingIntrospector
instanceKlass org/springframework/web/cors/PreFlightRequestHandler
instanceKlass org/springframework/web/cors/CorsConfigurationSource
instanceKlass org/springframework/security/web/FilterChainProxy$FilterChainDecorator
instanceKlass org/springframework/security/authorization/AuthorizationManager
instanceKlass org/springframework/security/config/annotation/web/HttpSecurityBuilder
instanceKlass org/springframework/security/core/context/SecurityContextHolderStrategy
instanceKlass org/springframework/security/config/annotation/SecurityConfigurerAdapter
instanceKlass org/springframework/web/accept/ContentNegotiationStrategy
instanceKlass org/springframework/web/servlet/config/annotation/ViewControllerRegistry
instanceKlass org/springframework/web/servlet/config/annotation/InterceptorRegistry
instanceKlass org/springframework/web/servlet/config/annotation/CorsRegistry
instanceKlass org/springframework/web/servlet/config/annotation/PathMatchConfigurer
instanceKlass org/springframework/web/servlet/config/annotation/ContentNegotiationConfigurer
instanceKlass org/springframework/validation/MessageCodesResolver
instanceKlass org/springframework/web/servlet/config/annotation/AsyncSupportConfigurer
instanceKlass org/springframework/web/servlet/config/annotation/DefaultServletHandlerConfigurer
instanceKlass org/springframework/web/servlet/config/annotation/ViewResolverRegistry
instanceKlass org/springframework/web/servlet/config/annotation/ResourceHandlerRegistry
instanceKlass org/springframework/validation/Validator
instanceKlass org/springframework/web/servlet/support/RequestDataValueProcessor
instanceKlass org/springframework/security/config/annotation/web/configuration/WebMvcSecurityConfiguration
instanceKlass org/springframework/security/web/FilterInvocation
instanceKlass org/springframework/security/web/access/WebInvocationPrivilegeEvaluator
instanceKlass org/springframework/security/web/SecurityFilterChain
instanceKlass org/springframework/security/config/annotation/web/AbstractRequestMatcherRegistry
instanceKlass org/springframework/security/context/DelegatingApplicationListener
instanceKlass org/springframework/security/access/expression/SecurityExpressionHandler
instanceKlass org/springframework/security/config/annotation/authentication/configuration/GlobalAuthenticationConfigurerAdapter
instanceKlass org/springframework/security/config/annotation/SecurityConfigurer
instanceKlass org/springframework/security/config/annotation/AbstractSecurityBuilder
instanceKlass org/springframework/security/config/annotation/authentication/ProviderManagerBuilder
instanceKlass org/springframework/security/config/annotation/SecurityBuilder
instanceKlass org/springframework/security/crypto/password/PasswordEncoder
instanceKlass org/springframework/core/annotation/AnnotatedElementUtils
instanceKlass org/springframework/context/annotation/BeanAnnotationHelper
instanceKlass org/springframework/boot/autoconfigure/condition/OnBeanCondition$MatchResult
instanceKlass org/springframework/core/io/support/PropertiesLoaderSupport
instanceKlass org/springframework/boot/autoconfigure/context/PropertyPlaceholderAutoConfiguration
instanceKlass org/springframework/beans/factory/config/AbstractFactoryBean
instanceKlass org/springframework/data/config/ParsingUtils
instanceKlass org/springframework/data/mongodb/core/mapping/event/AuditingEntityCallback
instanceKlass org/springframework/data/mongodb/core/mapping/event/BeforeConvertCallback
instanceKlass org/springframework/data/mapping/callback/EntityCallback
instanceKlass org/springframework/data/auditing/DateTimeProvider
instanceKlass org/springframework/data/auditing/AuditingHandlerSupport
instanceKlass org/springframework/data/auditing/config/AnnotationAuditingConfiguration
instanceKlass org/springframework/beans/factory/config/ConstructorArgumentValues$ValueHolder
instanceKlass org/springframework/beans/factory/config/ConstructorArgumentValues
instanceKlass org/springframework/boot/autoconfigure/AutoConfigurationPackages$BasePackages
instanceKlass org/springframework/boot/autoconfigure/AutoConfigurationPackages
instanceKlass org/springframework/boot/autoconfigure/AutoConfigurationPackages$PackageImports
instanceKlass org/springframework/security/config/annotation/configuration/ObjectPostProcessorConfiguration
instanceKlass org/springframework/core/type/StandardMethodMetadata
instanceKlass org/springframework/context/annotation/ConfigurationClassBeanDefinitionReader$TrackedConditionEvaluator
instanceKlass org/springframework/context/annotation/ConfigurationClassBeanDefinitionReader
instanceKlass org/springframework/security/web/util/matcher/RequestMatcher
instanceKlass org/springframework/web/servlet/config/annotation/WebMvcConfigurationSupport
instanceKlass org/springframework/web/servlet/config/annotation/EnableWebMvc
instanceKlass org/springframework/boot/actuate/autoconfigure/web/server/ManagementContextConfigurationImportSelector$ManagementConfiguration
instanceKlass org/springframework/boot/actuate/autoconfigure/web/ManagementContextConfiguration
instanceKlass org/springframework/context/annotation/ConfigurationClassParser$DefaultDeferredImportSelectorGroup
instanceKlass org/springframework/boot/actuate/autoconfigure/web/server/ManagementContextConfigurationImportSelector
instanceKlass org/springframework/boot/actuate/autoconfigure/web/server/EnableManagementContext
instanceKlass org/springframework/boot/web/reactive/context/ConfigurableReactiveWebApplicationContext
instanceKlass org/springframework/boot/web/reactive/context/ReactiveWebApplicationContext
instanceKlass org/springframework/boot/actuate/autoconfigure/web/server/ConditionalOnManagementPort
instanceKlass org/springframework/boot/devtools/restart/RestartScope
instanceKlass org/springframework/boot/devtools/restart/ConditionalOnInitializedRestarter
instanceKlass org/springframework/boot/devtools/autoconfigure/ConditionalOnEnabledDevTools
instanceKlass org/springframework/boot/autoconfigure/condition/ConditionalOnWarDeployment
instanceKlass org/springframework/transaction/annotation/AbstractTransactionManagementConfiguration
instanceKlass org/springframework/context/annotation/AutoProxyRegistrar
instanceKlass org/springframework/transaction/annotation/TransactionManagementConfigurationSelector$1
instanceKlass org/springframework/context/annotation/AdviceModeImportSelector
instanceKlass org/springframework/transaction/annotation/EnableTransactionManagement
instanceKlass org/springframework/context/support/ApplicationObjectSupport
instanceKlass org/springframework/web/servlet/ViewResolver
instanceKlass org/springframework/security/web/server/csrf/CsrfToken
instanceKlass org/springframework/boot/sql/init/dependency/DatabaseInitializationDependencyConfigurer
instanceKlass org/springframework/data/querydsl/QuerydslUtils
instanceKlass org/springframework/data/web/config/SpringDataJacksonModules
instanceKlass org/springframework/data/web/config/SpringDataWebConfiguration
instanceKlass org/springframework/data/web/config/ProjectingArgumentResolverRegistrar
instanceKlass org/springframework/data/web/config/EnableSpringDataWebSupport$SpringDataWebSettingsRegistrar
instanceKlass org/springframework/data/web/config/EnableSpringDataWebSupport$QuerydslActivator
instanceKlass org/springframework/data/web/config/EnableSpringDataWebSupport$SpringDataWebConfigurationImportSelector
instanceKlass org/springframework/data/web/config/EnableSpringDataWebSupport
instanceKlass org/springframework/data/repository/config/RepositoryConfigurationExtension
instanceKlass org/springframework/data/repository/config/RepositoryConfigurationSourceSupport
instanceKlass org/springframework/data/repository/config/RepositoryConfigurationSource
instanceKlass org/springframework/boot/autoconfigure/data/AbstractRepositoryConfigurationSourceSupport
instanceKlass org/springframework/boot/autoconfigure/data/ConditionalOnRepositoryType
instanceKlass org/springframework/boot/actuate/web/mappings/MappingsEndpoint
instanceKlass org/springframework/boot/actuate/web/exchanges/HttpExchangesEndpoint
instanceKlass org/springframework/boot/context/metrics/buffering/BufferingApplicationStartup
instanceKlass org/springframework/boot/autoconfigure/security/ConditionalOnDefaultWebSecurity
instanceKlass org/springframework/boot/actuate/scheduling/ScheduledTasksEndpoint$ScheduledTasksEndpointRuntimeHints
instanceKlass org/springframework/boot/actuate/scheduling/ScheduledTasksEndpoint
instanceKlass org/springframework/boot/actuate/sbom/SbomEndpoint$SbomEndpointRuntimeHints
instanceKlass org/springframework/aot/hint/RuntimeHintsRegistrar
instanceKlass org/springframework/boot/actuate/sbom/SbomEndpoint
instanceKlass org/springframework/web/client/RestClient$Builder
instanceKlass org/springframework/boot/web/client/RestTemplateBuilder
instanceKlass org/springframework/boot/autoconfigure/http/ConditionalOnPreferredJsonMapper
instanceKlass org/springframework/boot/autoconfigure/condition/AbstractNestedCondition$MemberOutcomes
instanceKlass org/springframework/boot/autoconfigure/condition/AbstractNestedCondition$MemberMatchOutcomes
instanceKlass org/springframework/boot/autoconfigure/condition/AbstractNestedCondition$MemberConditions
instanceKlass org/springframework/boot/jdbc/metadata/DataSourcePoolMetadataProvider
instanceKlass org/springframework/boot/actuate/metrics/cache/CacheMeterBinderProvider
instanceKlass org/springframework/boot/actuate/metrics/MetricsEndpoint
instanceKlass org/springframework/boot/actuate/management/ThreadDumpEndpoint
instanceKlass org/springframework/boot/actuate/management/HeapDumpWebEndpoint
instanceKlass org/springframework/boot/actuate/logging/LoggersEndpoint$LoggerLevelsDescriptor
instanceKlass org/springframework/aot/hint/annotation/RegisterReflection
instanceKlass org/springframework/aot/hint/annotation/RegisterReflectionForBinding
instanceKlass org/springframework/boot/actuate/logging/LoggersEndpoint
instanceKlass org/springframework/boot/actuate/endpoint/annotation/DiscovererEndpointFilter
instanceKlass org/springframework/boot/actuate/endpoint/annotation/FilteredEndpoint
instanceKlass org/springframework/boot/actuate/endpoint/web/annotation/WebEndpoint
instanceKlass org/springframework/boot/actuate/logging/LogFileWebEndpoint
instanceKlass org/springframework/data/mongodb/MongoDatabaseFactory
instanceKlass org/springframework/data/mongodb/MongoSessionProvider
instanceKlass org/springframework/data/mongodb/CodecRegistryProvider
instanceKlass io/micrometer/core/instrument/binder/mongodb/MongoMetricsCommandListener
instanceKlass com/mongodb/event/CommandListener
instanceKlass io/micrometer/core/instrument/binder/mongodb/MongoMetricsConnectionPoolListener
instanceKlass com/mongodb/event/ConnectionPoolListener
instanceKlass org/springframework/boot/actuate/context/properties/ConfigurationPropertiesReportEndpoint
instanceKlass org/springframework/boot/actuate/context/ShutdownEndpoint
instanceKlass org/springframework/boot/actuate/autoconfigure/condition/ConditionsReportEndpoint
instanceKlass org/springframework/boot/autoconfigure/condition/ConditionalOnCloudPlatform
instanceKlass org/springframework/boot/actuate/info/InfoEndpoint
instanceKlass org/springframework/boot/actuate/autoconfigure/info/ConditionalOnEnabledInfoContributor
instanceKlass org/springframework/boot/autoconfigure/condition/ConditionalOnResource
instanceKlass org/springframework/boot/actuate/health/HealthEndpointSupport
instanceKlass org/springframework/boot/actuate/cache/CachesEndpoint
instanceKlass org/springframework/cache/Cache
instanceKlass org/springframework/boot/autoconfigure/cache/NoOpCacheConfiguration
instanceKlass org/springframework/boot/autoconfigure/cache/SimpleCacheConfiguration
instanceKlass org/springframework/boot/autoconfigure/cache/Cache2kCacheConfiguration
instanceKlass org/springframework/boot/autoconfigure/cache/CaffeineCacheConfiguration
instanceKlass org/springframework/boot/autoconfigure/cache/RedisCacheConfiguration
instanceKlass org/springframework/boot/autoconfigure/cache/CouchbaseCacheConfiguration
instanceKlass org/springframework/boot/autoconfigure/cache/JCacheCacheConfiguration
instanceKlass org/springframework/boot/autoconfigure/cache/InfinispanCacheConfiguration
instanceKlass org/springframework/boot/autoconfigure/cache/HazelcastCacheConfiguration
instanceKlass org/springframework/boot/autoconfigure/cache/GenericCacheConfiguration
instanceKlass org/springframework/boot/autoconfigure/cache/CacheConfigurations
instanceKlass org/springframework/boot/autoconfigure/cache/CacheAutoConfiguration$CacheConfigurationImportSelector
instanceKlass org/springframework/cloud/util/ConditionalOnBootstrapDisabled
instanceKlass org/springframework/cloud/util/ConditionalOnBootstrapEnabled
instanceKlass org/springframework/boot/actuate/beans/BeansEndpoint
instanceKlass org/springframework/boot/actuate/autoconfigure/cloudfoundry/CloudFoundryEndpointExposureOutcomeContributor
instanceKlass org/springframework/boot/convert/Delimiter
instanceKlass org/xml/sax/InputSource
instanceKlass org/springframework/boot/actuate/autoconfigure/endpoint/expose/IncludeExcludeEndpointFilter$EndpointPatterns
instanceKlass org/springframework/boot/actuate/endpoint/ExposableEndpoint
instanceKlass org/springframework/boot/actuate/autoconfigure/endpoint/expose/IncludeExcludeEndpointFilter
instanceKlass org/springframework/boot/actuate/endpoint/EndpointFilter
instanceKlass org/springframework/boot/actuate/autoconfigure/endpoint/condition/OnAvailableEndpointCondition$StandardExposureOutcomeContributor
instanceKlass org/springframework/boot/actuate/autoconfigure/endpoint/condition/EndpointExposureOutcomeContributor
instanceKlass org/springframework/boot/actuate/autoconfigure/endpoint/PropertiesEndpointAccessResolver
instanceKlass org/springframework/boot/actuate/endpoint/EndpointAccessResolver
instanceKlass org/springframework/boot/actuate/endpoint/EndpointId
instanceKlass org/springframework/boot/actuate/endpoint/annotation/Endpoint
instanceKlass org/springframework/boot/actuate/audit/AuditEventsEndpoint
instanceKlass org/springframework/boot/actuate/autoconfigure/endpoint/condition/ConditionalOnAvailableEndpoint
instanceKlass com/google/cloud/spring/vision/CloudVisionTemplate
instanceKlass io/grpc/Channel
instanceKlass com/google/cloud/spring/parametermanager/ParameterManagerTemplate
instanceKlass com/google/cloud/spring/parametermanager/ParameterManagerOperations
instanceKlass org/springframework/web/servlet/HandlerInterceptor
instanceKlass org/springframework/boot/actuate/health/HealthIndicator
instanceKlass org/springframework/boot/actuate/health/HealthContributor
instanceKlass org/springframework/boot/autoconfigure/web/WebProperties$Resources$Chain
instanceKlass org/springframework/boot/autoconfigure/web/ConditionalOnEnabledResourceChain
instanceKlass org/springframework/boot/autoconfigure/web/servlet/JspTemplateAvailabilityProvider
instanceKlass org/springframework/boot/autoconfigure/thymeleaf/ThymeleafTemplateAvailabilityProvider
instanceKlass org/springframework/boot/autoconfigure/mustache/MustacheTemplateAvailabilityProvider
instanceKlass org/springframework/boot/autoconfigure/template/PathBasedTemplateAvailabilityProvider$TemplateAvailabilityProperties
instanceKlass org/springframework/boot/autoconfigure/template/PathBasedTemplateAvailabilityProvider
instanceKlass org/springframework/boot/autoconfigure/template/TemplateAvailabilityProviders$NoTemplateAvailabilityProvider
instanceKlass org/springframework/boot/autoconfigure/template/TemplateAvailabilityProvider
instanceKlass org/springframework/boot/autoconfigure/template/TemplateAvailabilityProviders
instanceKlass org/springframework/boot/autoconfigure/condition/ConditionalOnThreading
instanceKlass com/example/UserRegistration/Service/UserServiceImpl
instanceKlass com/example/UserRegistration/Service/UserService
instanceKlass com/example/UserRegistration/Security/CustomUserDetailsService
instanceKlass org/springframework/security/core/userdetails/UserDetailsService
instanceKlass com/example/UserRegistration/Controller/ProfileController
instanceKlass com/example/UserRegistration/Controller/AuthController
instanceKlass com/example/UserRegistration/Config/SpringSecurity
instanceKlass com/example/NoteKeep/Service/NoteService
instanceKlass com/example/NoteKeep/Controller/NoteController
instanceKlass org/apache/coyote/UpgradeProtocol
instanceKlass org/springframework/boot/autoconfigure/web/servlet/ServletWebServerFactoryAutoConfiguration$BeanPostProcessorsRegistrar
instanceKlass org/springframework/boot/autoconfigure/condition/OnPropertyCondition$Spec
instanceKlass org/springframework/boot/autoconfigure/condition/ConditionalOnBooleanProperties
instanceKlass org/springframework/boot/autoconfigure/condition/ConditionalOnBooleanProperty
instanceKlass java/util/stream/Streams$2
instanceKlass java/util/stream/Streams$ConcatSpliterator
instanceKlass org/springframework/boot/web/servlet/RegistrationBean
instanceKlass org/springframework/boot/web/servlet/ServletContextInitializer
instanceKlass org/springframework/boot/autoconfigure/web/servlet/ConditionalOnMissingFilterBean
instanceKlass org/apache/tomcat/websocket/server/WsSci
instanceKlass jakarta/servlet/ServletContainerInitializer
instanceKlass org/apache/catalina/startup/Tomcat
instanceKlass org/springframework/boot/autoconfigure/condition/ConditionalOnNotWarDeployment
instanceKlass org/springframework/boot/autoconfigure/condition/OnWebApplicationCondition$1
instanceKlass org/springframework/boot/autoconfigure/condition/ConditionalOnMissingClass
instanceKlass org/springframework/core/annotation/MergedAnnotationCollectors
instanceKlass org/springframework/core/annotation/MergedAnnotationPredicates$UniquePredicate
instanceKlass org/springframework/context/annotation/DeferredImportSelector$Group$Entry
instanceKlass org/springframework/boot/autoconfigure/AutoConfigureOrder
instanceKlass org/springframework/context/annotation/ImportRuntimeHints
instanceKlass com/google/cloud/spring/autoconfigure/core/environment/ConditionalOnGcpEnvironment
instanceKlass org/springframework/boot/actuate/autoconfigure/metrics/export/ConditionalOnEnabledMetricsExport
instanceKlass javax/annotation/PreDestroy
instanceKlass org/springframework/boot/actuate/autoconfigure/health/ConditionalOnEnabledHealthIndicator
instanceKlass org/springframework/boot/autoconfigure/condition/ConditionalOnMissingBean
instanceKlass org/springframework/boot/context/properties/EnableConfigurationPropertiesRegistrar
instanceKlass org/springframework/boot/context/properties/EnableConfigurationProperties
instanceKlass org/springframework/boot/autoconfigure/condition/ConditionalOnProperties
instanceKlass org/springframework/boot/autoconfigure/condition/ConditionalOnProperty
instanceKlass org/springframework/boot/autoconfigure/AutoConfigureBefore
instanceKlass org/springframework/boot/autoconfigure/AutoConfigureAfter
instanceKlass org/springframework/boot/autoconfigure/AutoConfigurationSorter$AutoConfigurationClass
instanceKlass org/springframework/boot/autoconfigure/AutoConfigurationSorter$AutoConfigurationClasses
instanceKlass org/springframework/boot/autoconfigure/AutoConfigurationSorter
instanceKlass org/springframework/boot/autoconfigure/condition/ConditionEvaluationReportAutoConfigurationImportListener
instanceKlass org/springframework/boot/autoconfigure/AutoConfigurationImportListener
instanceKlass org/springframework/security/config/ObjectPostProcessor
instanceKlass org/springframework/cache/interceptor/AbstractCacheInvoker
instanceKlass org/springframework/cloud/context/environment/EnvironmentManager
instanceKlass org/springframework/boot/context/properties/ConfigurationPropertiesBindingPostProcessor
instanceKlass org/springframework/boot/actuate/web/exchanges/HttpExchangeRepository
instanceKlass org/springframework/boot/ssl/SslBundles
instanceKlass io/micrometer/core/instrument/Clock
instanceKlass org/springframework/boot/autoconfigure/condition/ConditionalOnSingleCandidate
instanceKlass org/springframework/boot/actuate/audit/AuditEventRepository
instanceKlass org/springframework/boot/autoconfigure/condition/ConditionalOnBean
instanceKlass org/springframework/boot/autoconfigure/condition/ConditionalOnWebApplication
instanceKlass org/springframework/boot/autoconfigure/condition/ConditionEvaluationReport$ConditionAndOutcome
instanceKlass org/springframework/boot/autoconfigure/condition/ConditionEvaluationReport$ConditionAndOutcomes
instanceKlass jakarta/websocket/server/ServerContainer
instanceKlass jakarta/websocket/WebSocketContainer
instanceKlass org/springframework/web/multipart/support/StandardServletMultipartResolver
instanceKlass org/springframework/web/multipart/MultipartResolver
instanceKlass jakarta/servlet/MultipartConfigElement
instanceKlass org/springframework/web/filter/GenericFilterBean
instanceKlass org/springframework/http/ReactiveHttpInputMessage
instanceKlass org/springframework/http/codec/LoggingCodecSupport
instanceKlass org/springframework/http/codec/HttpMessageReader
instanceKlass org/springframework/http/server/reactive/HttpHandler
instanceKlass org/springframework/http/client/support/HttpAccessor
instanceKlass org/springframework/web/client/RestOperations
instanceKlass org/springframework/web/client/RestClient
instanceKlass org/springframework/transaction/PlatformTransactionManager
instanceKlass org/springframework/transaction/TransactionManager
instanceKlass org/thymeleaf/TemplateEngine
instanceKlass org/thymeleaf/spring6/ISpringTemplateEngine
instanceKlass org/thymeleaf/ITemplateEngine
instanceKlass org/springframework/security/authentication/AuthenticationManager
instanceKlass org/springframework/security/web/context/AbstractSecurityWebApplicationInitializer
instanceKlass org/springframework/web/WebApplicationInitializer
instanceKlass org/springframework/security/authentication/DefaultAuthenticationEventPublisher
instanceKlass org/springframework/security/authentication/AuthenticationEventPublisher
instanceKlass org/springframework/security/authentication/ReactiveAuthenticationManager
instanceKlass org/springframework/boot/actuate/env/EnvironmentEndpoint
instanceKlass org/springframework/boot/actuate/autoconfigure/env/EnvironmentEndpointProperties
instanceKlass org/springframework/jmx/support/MBeanRegistrationSupport
instanceKlass org/springframework/jmx/export/MBeanExportOperations
instanceKlass org/springframework/boot/actuate/health/HealthComponent
instanceKlass org/springframework/boot/actuate/endpoint/OperationResponseBody
instanceKlass org/springframework/boot/actuate/autoconfigure/endpoint/EndpointAutoConfiguration
instanceKlass org/springframework/cloud/context/scope/GenericScope
instanceKlass jakarta/servlet/ServletRegistration
instanceKlass jakarta/servlet/Registration
instanceKlass org/springframework/http/codec/CodecConfigurer
instanceKlass org/springframework/security/web/server/WebFilterChainProxy
instanceKlass org/springframework/web/server/WebFilter
instanceKlass org/springframework/security/config/annotation/web/reactive/EnableWebFluxSecurity
instanceKlass org/springframework/util/CustomizableThreadCreator
instanceKlass org/springframework/scheduling/TaskScheduler
instanceKlass org/springframework/scheduling/SchedulingTaskExecutor
instanceKlass org/springframework/core/task/AsyncListenableTaskExecutor
instanceKlass org/springframework/core/task/AsyncTaskExecutor
instanceKlass org/springframework/core/task/TaskExecutor
instanceKlass org/springframework/http/client/ClientHttpRequestFactory
instanceKlass io/micrometer/observation/Observation
instanceKlass io/micrometer/observation/ObservationView
instanceKlass org/apache/catalina/Manager
instanceKlass io/micrometer/core/instrument/binder/tomcat/TomcatMetrics
instanceKlass io/micrometer/core/instrument/binder/jetty/JettyServerThreadPoolMetrics
instanceKlass io/micrometer/core/instrument/binder/jvm/ExecutorServiceMetrics
instanceKlass com/mongodb/MongoClientSettings
instanceKlass org/springframework/web/servlet/config/annotation/WebMvcConfigurer
instanceKlass org/springframework/data/web/PageableHandlerMethodArgumentResolverSupport
instanceKlass org/springframework/data/web/PageableArgumentResolver
instanceKlass org/springframework/web/method/support/HandlerMethodArgumentResolver
instanceKlass io/micrometer/core/annotation/Timed
instanceKlass io/micrometer/core/instrument/binder/logging/Log4j2Metrics
instanceKlass org/springframework/data/mongodb/repository/MongoRepository
instanceKlass org/springframework/data/repository/query/QueryByExampleExecutor
instanceKlass org/springframework/data/repository/ListPagingAndSortingRepository
instanceKlass org/springframework/data/repository/PagingAndSortingRepository
instanceKlass org/springframework/data/repository/ListCrudRepository
instanceKlass org/springframework/data/repository/CrudRepository
instanceKlass org/springframework/data/repository/Repository
instanceKlass io/micrometer/core/instrument/binder/kafka/KafkaMetrics
instanceKlass io/micrometer/core/instrument/binder/MeterBinder
instanceKlass io/micrometer/core/instrument/MeterRegistry
instanceKlass com/mongodb/client/MongoClient
instanceKlass com/mongodb/client/MongoCluster
instanceKlass javax/naming/ldap/LdapContext
instanceKlass javax/naming/directory/DirContext
instanceKlass org/springframework/data/mongodb/core/MongoTemplate
instanceKlass org/springframework/data/mongodb/core/ReadPreferenceAware
instanceKlass org/springframework/data/mongodb/core/index/SearchIndexOperationsProvider
instanceKlass org/springframework/data/mongodb/core/index/IndexOperationsProvider
instanceKlass org/springframework/data/mongodb/core/MongoOperations
instanceKlass org/springframework/data/mongodb/core/FluentMongoOperations
instanceKlass org/springframework/data/mongodb/core/ExecutableMapReduceOperation
instanceKlass org/springframework/data/mongodb/core/ExecutableAggregationOperation
instanceKlass org/springframework/data/mongodb/core/ExecutableRemoveOperation
instanceKlass org/springframework/data/mongodb/core/ExecutableUpdateOperation
instanceKlass org/springframework/data/mongodb/core/ExecutableInsertOperation
instanceKlass org/springframework/data/mongodb/core/ExecutableFindOperation
instanceKlass org/springframework/aop/framework/ProxyConfig
instanceKlass org/springframework/http/server/ServerHttpRequest
instanceKlass org/springframework/http/HttpInputMessage
instanceKlass org/springframework/http/HttpRequest
instanceKlass org/springframework/cache/CacheManager
instanceKlass jakarta/servlet/Filter
instanceKlass org/springframework/boot/autoconfigure/condition/ConditionMessage$ItemsBuilder
instanceKlass org/springframework/boot/autoconfigure/condition/ConditionMessage$Builder
instanceKlass org/springframework/boot/autoconfigure/condition/ConditionMessage
instanceKlass org/springframework/boot/autoconfigure/condition/ConditionalOnClass
instanceKlass org/springframework/boot/autoconfigure/condition/ConditionOutcome
instanceKlass org/springframework/boot/autoconfigure/condition/OnClassCondition$ThreadedOutcomesResolver
instanceKlass org/springframework/boot/autoconfigure/condition/OnClassCondition$StandardOutcomesResolver
instanceKlass org/springframework/boot/autoconfigure/AutoConfigurationMetadataLoader$PropertiesAutoConfigurationMetadata
instanceKlass org/springframework/boot/autoconfigure/AutoConfigurationMetadata
instanceKlass org/springframework/boot/autoconfigure/AutoConfigurationMetadataLoader
instanceKlass org/springframework/boot/autoconfigure/AutoConfigurationImportSelector$ConfigurationClassFilter
instanceKlass org/springframework/boot/autoconfigure/condition/OnClassCondition$OutcomesResolver
instanceKlass org/springframework/boot/autoconfigure/condition/OnBeanCondition$Spec
instanceKlass org/springframework/boot/autoconfigure/condition/SpringBootCondition
instanceKlass org/springframework/context/annotation/ConfigurationCondition
instanceKlass org/springframework/boot/autoconfigure/AutoConfigurationImportFilter
instanceKlass org/springframework/boot/context/annotation/ImportCandidates
instanceKlass org/springframework/boot/autoconfigure/AutoConfigurationReplacements
instanceKlass org/springframework/context/annotation/ConfigurationClassParser$DeferredImportSelectorGrouping
instanceKlass org/springframework/boot/autoconfigure/AutoConfigurationImportSelector$AutoConfigurationGroup
instanceKlass org/springframework/context/annotation/DeferredImportSelector$Group
instanceKlass org/springframework/context/annotation/ConfigurationClassParser$DeferredImportSelectorGroupingHandler
instanceKlass org/springframework/data/auditing/config/AuditingConfiguration
instanceKlass org/springframework/boot/autoconfigure/AutoConfiguration
instanceKlass org/springframework/boot/autoconfigure/AutoConfigurationImportSelector$AutoConfigurationEntry
instanceKlass org/springframework/security/config/annotation/web/configuration/ObservationConfiguration
instanceKlass io/micrometer/observation/ObservationRegistry
instanceKlass jakarta/servlet/GenericServlet
instanceKlass org/springframework/context/annotation/ParserStrategyUtils
instanceKlass org/springframework/boot/autoconfigure/BackgroundPreinitializer$JdkInitializer
instanceKlass com/sun/security/sasl/Provider$1
instanceKlass org/springframework/context/annotation/ConfigurationMethod
instanceKlass sun/security/smartcardio/SunPCSC$1
instanceKlass java/security/spec/ECFieldF2m
instanceKlass sun/security/util/ObjectIdentifier
instanceKlass sun/security/util/ByteArrayTagOrder
instanceKlass sun/security/util/ByteArrayLexOrder
instanceKlass sun/security/util/DerEncoder
instanceKlass java/security/spec/ECParameterSpec
instanceKlass java/security/spec/AlgorithmParameterSpec
instanceKlass java/security/spec/ECPoint
instanceKlass java/security/spec/EllipticCurve
instanceKlass java/security/spec/ECFieldFp
instanceKlass java/security/spec/ECField
instanceKlass sun/security/util/CurveDB
instanceKlass sun/security/ec/SunEC$1
instanceKlass sun/security/jgss/SunProvider$1
instanceKlass sun/security/pkcs11/SunPKCS11$Descriptor
instanceKlass javax/security/auth/callback/CallbackHandler
instanceKlass org/jcp/xml/dsig/internal/dom/XMLDSigRI$2
instanceKlass org/jcp/xml/dsig/internal/dom/XMLDSigRI$1
instanceKlass sun/security/mscapi/SunMSCAPI$2
instanceKlass org/springframework/core/annotation/MergedAnnotationsCollection$AnnotationsSpliterator
instanceKlass sun/security/mscapi/SunMSCAPI$1
instanceKlass com/sun/security/sasl/gsskerb/JdkSASL$1
instanceKlass sun/security/jca/ProviderConfig$ProviderLoader
instanceKlass sun/security/jca/ProviderConfig$3
instanceKlass sun/security/rsa/SunRsaSignEntries
instanceKlass org/springframework/context/annotation/Bean
instanceKlass org/apache/tomcat/util/http/ConcurrentDateFormat
instanceKlass org/apache/tomcat/util/http/FastHttpDateFormat
instanceKlass org/springframework/security/config/annotation/authentication/configuration/AuthenticationConfiguration
instanceKlass org/springframework/security/config/annotation/authentication/configuration/EnableGlobalAuthentication
instanceKlass org/springframework/security/config/annotation/web/configuration/ObservationImportSelector
instanceKlass org/springframework/security/config/annotation/web/configuration/HttpSecurityConfiguration
instanceKlass jakarta/servlet/http/HttpServletRequest
instanceKlass org/springframework/security/config/annotation/web/configuration/OAuth2ImportSelector
instanceKlass org/springframework/security/config/annotation/web/configuration/SpringWebMvcImportSelector
instanceKlass org/springframework/security/config/annotation/web/configuration/WebSecurityConfiguration
instanceKlass org/springframework/context/annotation/ImportAware
instanceKlass org/apache/catalina/SessionIdGenerator
instanceKlass org/springframework/security/config/annotation/web/configuration/EnableWebSecurity
instanceKlass org/apache/catalina/Container
instanceKlass jakarta/security/auth/message/MessageInfo
instanceKlass org/springframework/stereotype/Service
instanceKlass jakarta/servlet/http/HttpServletResponse
instanceKlass org/apache/catalina/util/LifecycleBase
instanceKlass org/apache/catalina/Lifecycle
instanceKlass org/springframework/data/annotation/QueryAnnotation
instanceKlass org/springframework/data/mongodb/repository/ReadPreference
instanceKlass org/apache/catalina/JmxEnabled
instanceKlass org/springframework/data/mongodb/repository/Hint
instanceKlass org/springframework/data/mongodb/repository/Query
instanceKlass org/apache/catalina/Valve
instanceKlass org/apache/catalina/Contained
instanceKlass jakarta/security/auth/message/config/RegistrationListener
instanceKlass org/apache/catalina/Authenticator
instanceKlass org/springframework/data/annotation/Persistent
instanceKlass org/springframework/data/mongodb/core/annotation/Collation
instanceKlass org/springframework/data/mongodb/core/mapping/Document
instanceKlass org/springframework/web/bind/annotation/ResponseBody
instanceKlass java/util/ResourceBundle$Control$2
instanceKlass org/springframework/web/bind/annotation/PostMapping
instanceKlass java/util/spi/ResourceBundleControlProvider
instanceKlass java/util/ResourceBundle$ResourceBundleControlProviderHolder
instanceKlass org/springframework/http/HttpMethod
instanceKlass org/apache/tomcat/util/res/StringManager
instanceKlass org/springframework/web/bind/annotation/GetMapping
instanceKlass org/apache/juli/logging/DirectJDKLog
instanceKlass org/apache/juli/logging/Log
instanceKlass org/apache/juli/logging/LogFactory
instanceKlass org/springframework/web/bind/annotation/ControllerMappingReflectiveProcessor
instanceKlass org/springframework/aot/hint/annotation/SimpleReflectiveProcessor
instanceKlass org/springframework/aot/hint/annotation/ReflectiveProcessor
instanceKlass org/springframework/aot/hint/annotation/Reflective
instanceKlass org/springframework/web/bind/annotation/Mapping
instanceKlass sun/util/cldr/CLDRBaseLocaleDataMetaInfo$TZCanonicalIDMapHolder
instanceKlass org/springframework/web/bind/annotation/RequestMapping
instanceKlass org/springframework/stereotype/Controller
instanceKlass sun/util/resources/provider/NonBaseLocaleDataMetaInfo
instanceKlass sun/util/locale/provider/BaseLocaleDataMetaInfo
instanceKlass org/springframework/core/type/classreading/SimpleAnnotationMetadata
instanceKlass sun/util/locale/provider/TimeZoneNameUtility$TimeZoneNameGetter
instanceKlass sun/util/locale/provider/TimeZoneNameUtility
instanceKlass org/springframework/core/type/classreading/SimpleMethodMetadataReadingVisitor$Source
instanceKlass java/text/DontCareFieldPosition$1
instanceKlass java/text/Format$FieldDelegate
instanceKlass org/springframework/core/annotation/MergedAnnotationsCollection
instanceKlass org/apache/tomcat/util/http/CookieProcessorBase
instanceKlass org/apache/tomcat/util/http/CookieProcessor
instanceKlass org/springframework/core/type/classreading/SimpleMethodMetadata
instanceKlass org/springframework/boot/autoconfigure/BackgroundPreinitializer$TomcatInitializer
instanceKlass org/springframework/core/type/MethodMetadata
instanceKlass org/springframework/boot/autoconfigure/BackgroundPreinitializer$CharsetInitializer
instanceKlass org/springframework/asm/Type
instanceKlass org/springframework/http/converter/json/ProblemDetailJacksonMixin
instanceKlass org/springframework/http/ProblemDetail
instanceKlass org/springframework/asm/AnnotationVisitor
instanceKlass com/fasterxml/jackson/databind/deser/ValueInstantiators$Base
instanceKlass org/springframework/core/type/classreading/SimpleAnnotationMetadataReadingVisitor$Source
instanceKlass org/springframework/asm/Context
instanceKlass com/fasterxml/jackson/databind/module/SimpleKeyDeserializers
instanceKlass org/springframework/asm/Attribute
instanceKlass org/springframework/asm/ClassReader
instanceKlass java/util/function/ToLongFunction
instanceKlass java/nio/channels/Channels
instanceKlass sun/nio/ch/FileChannelImpl$Closer
instanceKlass sun/nio/ch/NativeThreadSet
instanceKlass org/springframework/asm/MethodVisitor
instanceKlass org/springframework/core/type/classreading/SimpleMetadataReader
instanceKlass com/fasterxml/jackson/databind/type/ClassKey
instanceKlass com/fasterxml/jackson/datatype/jsr310/deser/InstantDeserializer$FromDecimalArguments
instanceKlass com/fasterxml/jackson/datatype/jsr310/deser/InstantDeserializer$FromIntegerArguments
instanceKlass com/fasterxml/jackson/module/paramnames/ParameterExtractor
instanceKlass com/fasterxml/jackson/databind/deser/Deserializers$Base
instanceKlass org/springframework/util/AntPathMatcher$AntPathStringMatcher
instanceKlass com/fasterxml/jackson/databind/util/ArrayBuilders
instanceKlass java/nio/file/FileTreeWalker$Event
instanceKlass java/nio/file/FileTreeWalker$DirectoryNode
instanceKlass java/nio/file/FileTreeWalker$1
instanceKlass java/nio/file/FileTreeWalker
instanceKlass java/nio/file/FileTreeIterator
instanceKlass com/fasterxml/jackson/databind/ser/Serializers$Base
instanceKlass com/fasterxml/jackson/databind/ObjectMapper$1
instanceKlass sun/nio/fs/WindowsUriSupport
instanceKlass com/fasterxml/jackson/datatype/jdk8/PackageVersion
instanceKlass com/fasterxml/jackson/core/util/JacksonFeatureSet
instanceKlass com/fasterxml/jackson/datatype/jsr310/PackageVersion
instanceKlass java/util/stream/SortedOps
instanceKlass java/util/Collections$ReverseComparator2
instanceKlass java/util/Collections$ReverseComparator
instanceKlass java/util/function/ToIntFunction
instanceKlass org/springframework/core/annotation/MergedAnnotationPredicates
instanceKlass org/springframework/context/annotation/PropertySources
instanceKlass org/springframework/context/annotation/PropertySource
instanceKlass org/springframework/context/annotation/ConfigurationClass
instanceKlass org/springframework/context/annotation/ComponentScanAnnotationParser
instanceKlass org/springframework/core/io/support/DefaultPropertySourceFactory
instanceKlass org/springframework/core/io/support/PropertySourceFactory
instanceKlass org/springframework/core/io/support/PropertySourceProcessor
instanceKlass org/springframework/context/annotation/PropertySourceRegistry
instanceKlass org/springframework/context/annotation/ConfigurationClassParser$SourceClass
instanceKlass com/fasterxml/jackson/core/Version
instanceKlass org/springframework/context/annotation/ConfigurationClassParser$DeferredImportSelectorHandler
instanceKlass com/fasterxml/jackson/core/util/VersionUtil
instanceKlass com/fasterxml/jackson/module/paramnames/PackageVersion
instanceKlass org/springframework/context/annotation/ConfigurationClassParser$DeferredImportSelectorHolder
instanceKlass org/springframework/beans/factory/parsing/Problem
instanceKlass org/springframework/context/annotation/ImportRegistry
instanceKlass com/fasterxml/jackson/databind/type/TypeModifier
instanceKlass org/springframework/context/annotation/ConfigurationClassParser
instanceKlass com/fasterxml/jackson/databind/ser/BeanSerializerModifier
instanceKlass com/fasterxml/jackson/databind/ser/Serializers
instanceKlass com/fasterxml/jackson/databind/cfg/SerializerFactoryConfig
instanceKlass org/springframework/aop/framework/AopInfrastructureBean
instanceKlass com/fasterxml/jackson/databind/ser/std/StdJdkSerializers
instanceKlass org/springframework/beans/AbstractNestablePropertyAccessor$PropertyTokenHolder
instanceKlass org/springframework/beans/factory/config/TypedStringValue
instanceKlass org/springframework/core/convert/Property
instanceKlass com/sun/beans/WildcardTypeImpl
instanceKlass com/fasterxml/jackson/databind/ser/std/NumberSerializers
instanceKlass com/sun/beans/WeakCache
instanceKlass com/sun/beans/TypeResolver
instanceKlass java/beans/SimpleBeanInfo
instanceKlass java/beans/MethodRef
instanceKlass org/springframework/beans/factory/aot/BeanFactoryInitializationAotContribution
instanceKlass org/springframework/beans/factory/aot/BeanRegistrationAotContribution
instanceKlass org/springframework/beans/factory/support/RegisteredBean
instanceKlass org/springframework/beans/PropertyDescriptorUtils
instanceKlass org/springframework/beans/SimpleBeanInfoFactory
instanceKlass java/beans/BeanInfo
instanceKlass org/springframework/data/util/KotlinBeanInfoFactory
instanceKlass org/springframework/beans/BeanInfoFactory
instanceKlass org/springframework/beans/CachedIntrospectionResults
instanceKlass org/springframework/beans/PropertyAccessorUtils
instanceKlass org/springframework/beans/factory/support/DisposableBeanAdapter
instanceKlass org/springframework/beans/factory/InitializingBean
instanceKlass org/springframework/beans/factory/support/InstanceSupplier
instanceKlass org/springframework/util/function/ThrowingSupplier
instanceKlass org/springframework/expression/spel/support/StandardTypeConverter
instanceKlass org/springframework/expression/spel/support/StandardTypeLocator
instanceKlass org/springframework/context/expression/BeanFactoryResolver
instanceKlass org/springframework/context/expression/EnvironmentAccessor
instanceKlass org/springframework/context/expression/MapAccessor
instanceKlass org/springframework/expression/spel/CompilablePropertyAccessor
instanceKlass org/springframework/asm/Opcodes
instanceKlass com/fasterxml/jackson/databind/deser/DeserializerCache
instanceKlass org/springframework/context/expression/BeanFactoryAccessor
instanceKlass org/springframework/expression/spel/support/ReflectivePropertyAccessor
instanceKlass org/springframework/context/expression/BeanExpressionContextAccessor
instanceKlass org/springframework/expression/TypedValue
instanceKlass com/fasterxml/jackson/databind/KeyDeserializer
instanceKlass org/springframework/expression/spel/support/StandardOperatorOverloader
instanceKlass com/fasterxml/jackson/databind/deser/std/StdKeyDeserializers
instanceKlass org/springframework/expression/spel/support/StandardTypeComparator
instanceKlass com/fasterxml/jackson/databind/deser/KeyDeserializers
instanceKlass com/fasterxml/jackson/databind/deser/ValueInstantiators
instanceKlass org/springframework/expression/OperatorOverloader
instanceKlass com/fasterxml/jackson/databind/AbstractTypeResolver
instanceKlass org/springframework/expression/TypeComparator
instanceKlass com/fasterxml/jackson/databind/deser/BeanDeserializerModifier
instanceKlass com/fasterxml/jackson/databind/cfg/DeserializerFactoryConfig
instanceKlass org/springframework/expression/spel/support/StandardEvaluationContext
instanceKlass org/springframework/expression/EvaluationContext
instanceKlass com/fasterxml/jackson/databind/deser/Deserializers
instanceKlass org/springframework/expression/common/LiteralExpression
instanceKlass com/fasterxml/jackson/annotation/ObjectIdGenerator
instanceKlass org/springframework/beans/factory/config/AutowiredPropertyMarker
instanceKlass org/springframework/beans/factory/support/BeanDefinitionValueResolver
instanceKlass org/springframework/beans/factory/support/AbstractBeanFactory$BeanFactoryDefaultEditorRegistrar
instanceKlass org/springframework/beans/AbstractNestablePropertyAccessor$PropertyHandler
instanceKlass org/springframework/beans/factory/parsing/PassThroughSourceExtractor
instanceKlass java/lang/Short$ShortCache
instanceKlass java/lang/Byte$ByteCache
instanceKlass org/springframework/beans/BeanUtils
instanceKlass org/springframework/beans/factory/aot/BeanRegistrationCodeFragments
instanceKlass com/fasterxml/jackson/databind/deser/ResolvableDeserializer
instanceKlass org/springframework/beans/factory/support/NullBean
instanceKlass org/springframework/beans/factory/support/AbstractBeanFactory$BeanPostProcessorCache
instanceKlass org/springframework/beans/factory/config/RuntimeBeanReference
instanceKlass org/springframework/beans/factory/config/BeanReference
instanceKlass org/springframework/beans/MutablePropertyValues
instanceKlass org/springframework/beans/factory/support/BeanDefinitionBuilder
instanceKlass org/springframework/boot/autoconfigure/SharedMetadataReaderFactoryContextInitializer$SharedMetadataReaderFactoryBean
instanceKlass org/springframework/beans/factory/FactoryBean
instanceKlass org/springframework/context/support/PostProcessorRegistrationDelegate
instanceKlass com/fasterxml/jackson/databind/deser/ValueInstantiator$Gettable
instanceKlass org/springframework/web/context/support/WebApplicationContextUtils$WebRequestObjectFactory
instanceKlass org/springframework/web/context/request/WebRequest
instanceKlass org/springframework/web/context/request/RequestAttributes
instanceKlass com/fasterxml/jackson/databind/deser/ContextualDeserializer
instanceKlass org/springframework/web/context/support/WebApplicationContextUtils$SessionObjectFactory
instanceKlass jakarta/servlet/http/HttpSession
instanceKlass org/springframework/web/context/support/WebApplicationContextUtils$ResponseObjectFactory
instanceKlass jakarta/servlet/ServletResponse
instanceKlass org/springframework/web/context/support/WebApplicationContextUtils$RequestObjectFactory
instanceKlass jakarta/servlet/ServletRequest
instanceKlass org/springframework/web/context/request/AbstractRequestAttributesScope
instanceKlass com/fasterxml/jackson/databind/JsonDeserializer
instanceKlass com/fasterxml/jackson/databind/deser/NullValueProvider
instanceKlass com/fasterxml/jackson/databind/ser/SerializerCache
instanceKlass org/springframework/boot/web/servlet/context/ServletWebServerApplicationContext$ExistingWebApplicationScopes
instanceKlass org/springframework/web/context/ServletContextAware
instanceKlass org/springframework/web/context/support/ServletContextAwareProcessor
instanceKlass com/fasterxml/jackson/databind/ser/ResolvableSerializer
instanceKlass org/springframework/context/support/ApplicationListenerDetector
instanceKlass org/springframework/context/MessageSourceAware
instanceKlass com/fasterxml/jackson/databind/ser/ContextualSerializer
instanceKlass org/springframework/context/ApplicationEventPublisherAware
instanceKlass org/springframework/beans/factory/config/BeanExpressionContext
instanceKlass org/springframework/beans/factory/config/EmbeddedValueResolver
instanceKlass org/springframework/util/StringValueResolver
instanceKlass org/springframework/context/support/ApplicationContextAwareProcessor
instanceKlass org/springframework/beans/support/ResourceEditorRegistrar
instanceKlass com/fasterxml/jackson/databind/jsonschema/SchemaAware
instanceKlass org/springframework/expression/Expression
instanceKlass org/springframework/expression/common/TemplateAwareExpressionParser
instanceKlass com/fasterxml/jackson/databind/JsonSerializer
instanceKlass com/fasterxml/jackson/databind/jsonFormatVisitors/JsonFormatVisitable
instanceKlass org/springframework/expression/spel/SpelParserConfiguration
instanceKlass org/springframework/context/expression/StandardBeanExpressionResolver$1
instanceKlass org/springframework/expression/TypeConverter
instanceKlass org/springframework/expression/TypeLocator
instanceKlass org/springframework/expression/BeanResolver
instanceKlass org/springframework/expression/PropertyAccessor
instanceKlass org/springframework/expression/TargetedAccessor
instanceKlass org/springframework/expression/ExpressionParser
instanceKlass org/springframework/expression/ParserContext
instanceKlass org/springframework/context/expression/StandardBeanExpressionResolver
instanceKlass org/springframework/web/context/request/RequestContextHolder
instanceKlass com/fasterxml/jackson/databind/node/JsonNodeFactory
instanceKlass com/fasterxml/jackson/databind/node/JsonNodeCreator
instanceKlass org/springframework/web/context/support/WebApplicationContextUtils
instanceKlass com/fasterxml/jackson/databind/cfg/ContextAttributes
instanceKlass com/fasterxml/jackson/databind/cfg/DatatypeFeature
instanceKlass com/fasterxml/jackson/databind/cfg/DatatypeFeatures$DefaultHolder
instanceKlass org/springframework/boot/context/logging/LoggingApplicationListener$Lifecycle
instanceKlass org/springframework/context/SmartLifecycle
instanceKlass org/springframework/context/Phased
instanceKlass com/fasterxml/jackson/databind/cfg/DatatypeFeatures
instanceKlass org/springframework/beans/factory/BeanFactoryUtils
instanceKlass com/fasterxml/jackson/core/util/DefaultPrettyPrinter$NopIndenter
instanceKlass com/fasterxml/jackson/core/util/Separators
instanceKlass jakarta/servlet/ServletContext
instanceKlass com/fasterxml/jackson/core/util/DefaultPrettyPrinter
instanceKlass com/fasterxml/jackson/core/util/Instantiatable
instanceKlass jakarta/servlet/ServletConfig
instanceKlass org/springframework/boot/web/server/WebServer
instanceKlass com/fasterxml/jackson/databind/cfg/ConfigFeature
instanceKlass com/fasterxml/jackson/databind/cfg/ConfigOverride
instanceKlass org/springframework/boot/devtools/restart/ClassLoaderFilesResourcePatternResolver$ResourcePatternResolverFactory
instanceKlass com/fasterxml/jackson/annotation/JsonFormat$Features
instanceKlass org/springframework/boot/devtools/restart/ClassLoaderFilesResourcePatternResolver
instanceKlass com/fasterxml/jackson/annotation/JsonFormat$Value
instanceKlass org/springframework/beans/factory/support/BeanDefinitionReaderUtils
instanceKlass org/springframework/context/annotation/Description
instanceKlass org/springframework/context/annotation/Role
instanceKlass org/springframework/context/annotation/DependsOn
instanceKlass org/springframework/context/annotation/Fallback
instanceKlass org/springframework/context/annotation/Primary
instanceKlass org/springframework/context/annotation/Lazy
instanceKlass com/fasterxml/jackson/databind/cfg/CoercionConfig
instanceKlass com/fasterxml/jackson/databind/cfg/CoercionConfigs
instanceKlass com/fasterxml/jackson/databind/introspect/VisibilityChecker$Std
instanceKlass com/fasterxml/jackson/annotation/JsonSetter$Value
instanceKlass org/springframework/core/annotation/TypeMappedAnnotations$Aggregate
instanceKlass org/springframework/core/annotation/TypeMappedAnnotations$AggregatesCollector
instanceKlass com/fasterxml/jackson/annotation/JsonInclude$Value
instanceKlass com/fasterxml/jackson/annotation/JacksonAnnotationValue
instanceKlass org/springframework/core/annotation/TypeMappedAnnotations$AggregatesSpliterator
instanceKlass com/fasterxml/jackson/databind/cfg/ConfigOverrides
instanceKlass com/fasterxml/jackson/databind/introspect/AnnotatedClass$Creators
instanceKlass com/fasterxml/jackson/databind/introspect/AnnotationCollector$NoAnnotations
instanceKlass org/springframework/context/annotation/ScopeMetadata
instanceKlass com/fasterxml/jackson/databind/util/Annotations
instanceKlass com/fasterxml/jackson/databind/introspect/AnnotationCollector
instanceKlass org/springframework/beans/BeanMetadataAttribute
instanceKlass com/fasterxml/jackson/databind/introspect/AnnotatedClassResolver
instanceKlass org/springframework/context/annotation/ImportResource
instanceKlass org/springframework/core/Conventions
instanceKlass com/fasterxml/jackson/databind/BeanDescription
instanceKlass org/springframework/context/annotation/ConfigurationClassUtils
instanceKlass org/springframework/data/auditing/config/AuditingBeanDefinitionRegistrarSupport
instanceKlass com/fasterxml/jackson/databind/cfg/MapperConfig
instanceKlass org/springframework/boot/autoconfigure/AutoConfigurationPackages$Registrar
instanceKlass org/springframework/boot/context/annotation/DeterminableImports
instanceKlass com/fasterxml/jackson/databind/introspect/SimpleMixInResolver
instanceKlass com/fasterxml/jackson/databind/introspect/ClassIntrospector$MixInResolver
instanceKlass org/springframework/context/annotation/ImportBeanDefinitionRegistrar
instanceKlass com/fasterxml/jackson/databind/util/RootNameLookup
instanceKlass com/fasterxml/jackson/core/sym/CharsToNameCanonicalizer$Bucket
instanceKlass com/fasterxml/jackson/core/sym/CharsToNameCanonicalizer$TableInfo
instanceKlass com/fasterxml/jackson/core/sym/CharsToNameCanonicalizer
instanceKlass org/springframework/boot/autoconfigure/AutoConfigurationImportSelector
instanceKlass org/springframework/context/annotation/DeferredImportSelector
instanceKlass org/springframework/context/annotation/ImportSelector
instanceKlass com/fasterxml/jackson/core/ErrorReportConfiguration
instanceKlass com/fasterxml/jackson/core/StreamWriteConstraints
instanceKlass com/fasterxml/jackson/core/StreamReadConstraints
instanceKlass com/fasterxml/jackson/core/util/RecyclerPool$WithPool
instanceKlass com/fasterxml/jackson/core/util/RecyclerPool$ThreadLocalPoolBase
instanceKlass com/fasterxml/jackson/core/util/RecyclerPool
instanceKlass com/fasterxml/jackson/core/util/JsonRecyclerPools
instanceKlass com/fasterxml/jackson/core/sym/ByteQuadsCanonicalizer$TableInfo
instanceKlass com/fasterxml/jackson/core/sym/ByteQuadsCanonicalizer
instanceKlass org/springframework/boot/autoconfigure/AutoConfigurationExcludeFilter
instanceKlass org/springframework/boot/context/TypeExcludeFilter
instanceKlass com/fasterxml/jackson/core/io/CharTypes
instanceKlass com/fasterxml/jackson/core/io/JsonStringEncoder
instanceKlass com/fasterxml/jackson/core/io/SerializedString
instanceKlass org/springframework/boot/autoconfigure/AutoConfigurationPackage
instanceKlass org/springframework/context/annotation/Configuration
instanceKlass com/fasterxml/jackson/core/util/JacksonFeature
instanceKlass org/springframework/context/annotation/ComponentScans
instanceKlass org/springframework/core/annotation/TypeMappedAnnotations$IsPresent
instanceKlass org/springframework/context/annotation/Conditional
instanceKlass com/fasterxml/jackson/core/async/ByteBufferFeeder
instanceKlass org/springframework/context/annotation/Import
instanceKlass org/springframework/data/mongodb/config/EnableMongoAuditing
instanceKlass org/springframework/boot/autoconfigure/EnableAutoConfiguration
instanceKlass org/springframework/boot/SpringBootConfiguration
instanceKlass org/springframework/boot/autoconfigure/SpringBootApplication
instanceKlass java/lang/annotation/Repeatable
instanceKlass org/springframework/context/annotation/ComponentScan$Filter
instanceKlass org/springframework/context/annotation/ComponentScan
instanceKlass org/springframework/core/type/StandardClassMetadata
instanceKlass org/springframework/core/type/AnnotationMetadata
instanceKlass org/springframework/core/type/ClassMetadata
instanceKlass com/fasterxml/jackson/core/async/ByteArrayFeeder
instanceKlass com/fasterxml/jackson/core/async/NonBlockingInputFeeder
instanceKlass com/fasterxml/jackson/core/TSFBuilder
instanceKlass com/fasterxml/jackson/core/SerializableString
instanceKlass org/springframework/util/xml/XmlValidationModeDetector
instanceKlass org/springframework/util/xml/SimpleSaxErrorHandler
instanceKlass com/fasterxml/jackson/databind/cfg/DefaultCacheProvider
instanceKlass com/fasterxml/jackson/databind/cfg/CacheProvider
instanceKlass org/springframework/beans/factory/xml/DefaultDocumentLoader
instanceKlass org/springframework/beans/factory/parsing/NullSourceExtractor
instanceKlass com/fasterxml/jackson/databind/introspect/AccessorNamingStrategy
instanceKlass org/springframework/beans/factory/parsing/EmptyReaderEventListener
instanceKlass org/springframework/beans/factory/parsing/FailFastProblemReporter
instanceKlass org/springframework/beans/factory/xml/DefaultBeanDefinitionDocumentReader
instanceKlass com/fasterxml/jackson/core/Base64Variant
instanceKlass org/springframework/beans/factory/xml/BeanDefinitionDocumentReader
instanceKlass org/springframework/beans/factory/support/DefaultBeanNameGenerator
instanceKlass com/fasterxml/jackson/core/Base64Variants
instanceKlass org/springframework/beans/factory/xml/NamespaceHandlerResolver
instanceKlass org/xml/sax/EntityResolver
instanceKlass org/xml/sax/ErrorHandler
instanceKlass java/text/DigitList
instanceKlass org/springframework/beans/factory/xml/DocumentLoader
instanceKlass org/springframework/beans/factory/parsing/SourceExtractor
instanceKlass org/springframework/beans/factory/parsing/ReaderEventListener
instanceKlass java/text/DateFormatSymbols
instanceKlass sun/util/calendar/CalendarUtils
instanceKlass sun/util/calendar/CalendarDate
instanceKlass org/springframework/beans/factory/parsing/ProblemReporter
instanceKlass org/springframework/beans/factory/support/AbstractBeanDefinitionReader
instanceKlass org/springframework/beans/factory/support/BeanDefinitionReader
instanceKlass org/springframework/boot/BeanDefinitionLoader
instanceKlass org/springframework/boot/SpringApplication$PropertySourceOrderingBeanFactoryPostProcessor
instanceKlass sun/util/locale/provider/CalendarDataUtility$CalendarWeekParameterGetter
instanceKlass sun/util/locale/provider/LocaleServiceProviderPool$LocalizedObjectGetter
instanceKlass sun/util/locale/provider/LocaleServiceProviderPool
instanceKlass java/util/Calendar$Builder
instanceKlass ch/qos/logback/core/pattern/SpacePadder
instanceKlass java/time/LocalTime$1
instanceKlass java/time/format/DateTimeFormatterBuilder$2
instanceKlass java/time/ZonedDateTime$1
instanceKlass java/time/zone/ZoneOffsetTransitionRule$1
instanceKlass java/time/LocalDate$1
instanceKlass com/fasterxml/jackson/databind/type/TypeBindings
instanceKlass java/time/temporal/TemporalAdjusters
instanceKlass com/fasterxml/jackson/databind/type/TypeParser
instanceKlass java/time/temporal/TemporalQueries$7
instanceKlass java/time/temporal/TemporalQueries$6
instanceKlass java/time/temporal/TemporalQueries$5
instanceKlass java/time/temporal/TemporalQueries$4
instanceKlass java/time/temporal/TemporalQueries$3
instanceKlass java/time/temporal/TemporalQueries$2
instanceKlass java/time/temporal/TemporalQueries$1
instanceKlass java/time/temporal/TemporalQueries
instanceKlass java/time/format/DateTimePrintContext
instanceKlass ch/qos/logback/core/util/StringUtil
instanceKlass ch/qos/logback/classic/spi/EventArgUtil
instanceKlass ch/qos/logback/classic/spi/IThrowableProxy
instanceKlass ch/qos/logback/classic/spi/LoggingEvent
instanceKlass com/fasterxml/jackson/databind/type/TypeFactory
instanceKlass org/springframework/boot/system/ApplicationHome
instanceKlass com/fasterxml/jackson/databind/cfg/BaseSettings
instanceKlass org/springframework/boot/StartupInfoLogger
instanceKlass java/util/concurrent/atomic/AtomicReferenceArray
instanceKlass java/util/concurrent/atomic/AtomicLongArray
instanceKlass java/util/concurrent/ConcurrentLinkedQueue$Node
instanceKlass org/springframework/core/ResolvableType$WildcardBounds
instanceKlass org/springframework/boot/autoconfigure/logging/ConditionEvaluationReportLogger
instanceKlass org/springframework/boot/autoconfigure/condition/ConditionEvaluationReport$AncestorsMatchedCondition
instanceKlass com/fasterxml/jackson/databind/util/internal/Linked
instanceKlass org/springframework/context/annotation/Condition
instanceKlass org/springframework/boot/autoconfigure/condition/ConditionEvaluationReport
instanceKlass org/springframework/boot/autoconfigure/logging/ConditionEvaluationReportLoggingListener$ConditionEvaluationReportListener
instanceKlass com/fasterxml/jackson/databind/util/internal/PrivateMaxEntriesMap$Builder
instanceKlass org/springframework/boot/rsocket/context/RSocketPortInfoApplicationContextInitializer$Listener
instanceKlass com/fasterxml/jackson/databind/util/LRUMap
instanceKlass com/fasterxml/jackson/databind/util/LookupCache
instanceKlass org/springframework/boot/io/Base64ProtocolResolver
instanceKlass java/beans/ConstructorProperties
instanceKlass org/springframework/core/io/ProtocolResolver
instanceKlass java/beans/Transient
instanceKlass org/springframework/boot/context/ConfigurationWarningsApplicationContextInitializer$ComponentScanPackageCheck
instanceKlass com/fasterxml/jackson/databind/util/ClassUtil$Ctor
instanceKlass org/springframework/boot/context/ConfigurationWarningsApplicationContextInitializer$Check
instanceKlass org/springframework/boot/context/ConfigurationWarningsApplicationContextInitializer$ConfigurationWarningsPostProcessor
instanceKlass com/fasterxml/jackson/databind/util/ClassUtil
instanceKlass org/springframework/boot/devtools/restart/RestartScopeInitializer$RestartScope
instanceKlass org/springframework/boot/context/ContextIdApplicationContextInitializer$ContextId
instanceKlass org/springframework/boot/autoconfigure/SharedMetadataReaderFactoryContextInitializer$CachingMetadataReaderFactoryPostProcessor
instanceKlass com/fasterxml/jackson/databind/ext/Java7Support
instanceKlass com/fasterxml/jackson/annotation/JsonMerge
instanceKlass com/fasterxml/jackson/databind/annotation/JsonDeserialize
instanceKlass com/fasterxml/jackson/annotation/JsonManagedReference
instanceKlass com/fasterxml/jackson/annotation/JsonBackReference
instanceKlass com/fasterxml/jackson/annotation/JsonUnwrapped
instanceKlass com/fasterxml/jackson/annotation/JsonRawValue
instanceKlass com/fasterxml/jackson/annotation/JsonTypeInfo
instanceKlass org/springframework/context/index/CandidateComponentsIndex
instanceKlass com/fasterxml/jackson/annotation/JsonFormat
instanceKlass com/fasterxml/jackson/annotation/JsonView
instanceKlass org/springframework/context/index/CandidateComponentsIndexLoader
instanceKlass com/fasterxml/jackson/databind/annotation/JsonSerialize
instanceKlass org/springframework/core/type/classreading/MetadataReader
instanceKlass org/springframework/core/type/classreading/SimpleMetadataReaderFactory
instanceKlass com/fasterxml/jackson/databind/introspect/ConcreteBeanPropertyBase
instanceKlass org/springframework/core/io/support/ResourcePatternUtils
instanceKlass com/fasterxml/jackson/databind/BeanProperty
instanceKlass javax/annotation/ManagedBean
instanceKlass jakarta/annotation/ManagedBean
instanceKlass com/fasterxml/jackson/databind/introspect/BeanPropertyDefinition
instanceKlass com/fasterxml/jackson/databind/util/Named
instanceKlass org/springframework/stereotype/Component
instanceKlass org/springframework/core/type/filter/AbstractTypeHierarchyTraversingFilter
instanceKlass org/springframework/core/type/filter/TypeFilter
instanceKlass org/springframework/beans/factory/support/BeanDefinitionDefaults
instanceKlass com/fasterxml/jackson/databind/introspect/TypeResolutionContext
instanceKlass org/springframework/core/type/classreading/MetadataReaderFactory
instanceKlass com/fasterxml/jackson/databind/introspect/Annotated
instanceKlass org/springframework/context/annotation/ClassPathScanningCandidateComponentProvider
instanceKlass org/springframework/context/event/DefaultEventListenerFactory
instanceKlass org/springframework/context/event/EventListenerFactory
instanceKlass org/springframework/context/event/EventListenerMethodProcessor
instanceKlass org/springframework/beans/factory/SmartInitializingSingleton
instanceKlass com/fasterxml/jackson/databind/jsontype/TypeResolverBuilder
instanceKlass org/springframework/beans/factory/annotation/InitDestroyAnnotationBeanPostProcessor
instanceKlass org/springframework/beans/factory/config/DestructionAwareBeanPostProcessor
instanceKlass com/fasterxml/jackson/databind/introspect/ClassIntrospector
instanceKlass com/fasterxml/jackson/databind/introspect/VisibilityChecker
instanceKlass org/springframework/beans/factory/annotation/AutowiredAnnotationBeanPostProcessor
instanceKlass org/springframework/beans/factory/support/MergedBeanDefinitionPostProcessor
instanceKlass org/springframework/beans/factory/config/SmartInstantiationAwareBeanPostProcessor
instanceKlass org/springframework/beans/factory/config/InstantiationAwareBeanPostProcessor
instanceKlass org/springframework/beans/factory/config/BeanDefinitionHolder
instanceKlass org/springframework/beans/factory/support/MethodOverrides
instanceKlass com/fasterxml/jackson/core/type/ResolvedType
instanceKlass org/springframework/context/annotation/ConfigurationClassPostProcessor
instanceKlass org/springframework/context/EnvironmentAware
instanceKlass com/fasterxml/jackson/core/util/BufferRecycler$Gettable
instanceKlass org/springframework/context/ApplicationStartupAware
instanceKlass org/springframework/context/ResourceLoaderAware
instanceKlass org/springframework/beans/factory/aot/BeanRegistrationAotProcessor
instanceKlass org/springframework/beans/factory/support/BeanDefinitionRegistryPostProcessor
instanceKlass org/springframework/beans/factory/annotation/Qualifier
instanceKlass org/springframework/beans/factory/annotation/Value
instanceKlass org/springframework/aop/TargetSource
instanceKlass com/fasterxml/jackson/core/JsonParser
instanceKlass com/fasterxml/jackson/databind/JsonSerializable$Base
instanceKlass com/fasterxml/jackson/databind/JsonSerializable
instanceKlass com/fasterxml/jackson/core/TreeNode
instanceKlass javax/annotation/PostConstruct
instanceKlass com/fasterxml/jackson/databind/Module$SetupContext
instanceKlass jakarta/annotation/PostConstruct
instanceKlass org/springframework/context/annotation/AnnotationConfigUtils
instanceKlass com/fasterxml/jackson/databind/jsontype/PolymorphicTypeValidator
instanceKlass org/springframework/context/annotation/ConditionEvaluator$ConditionContextImpl
instanceKlass com/fasterxml/jackson/databind/introspect/AccessorNamingStrategy$Provider
instanceKlass org/springframework/context/annotation/ConditionContext
instanceKlass org/springframework/context/annotation/ConditionEvaluator
instanceKlass org/springframework/context/annotation/Scope
instanceKlass com/fasterxml/jackson/databind/AnnotationIntrospector
instanceKlass org/springframework/context/annotation/AnnotationScopeMetadataResolver
instanceKlass org/springframework/context/annotation/AnnotationBeanNameGenerator
instanceKlass org/springframework/beans/factory/annotation/AnnotatedBeanDefinition
instanceKlass com/fasterxml/jackson/databind/ser/SerializerFactory
instanceKlass org/springframework/core/type/AnnotatedTypeMetadata
instanceKlass org/springframework/context/annotation/ScopeMetadataResolver
instanceKlass org/springframework/beans/factory/support/BeanNameGenerator
instanceKlass org/springframework/context/annotation/AnnotatedBeanDefinitionReader
instanceKlass org/springframework/beans/factory/support/SimpleAutowireCandidateResolver
instanceKlass org/springframework/beans/factory/support/SimpleInstantiationStrategy
instanceKlass org/springframework/beans/factory/BeanNameAware
instanceKlass com/fasterxml/jackson/databind/deser/DeserializerFactory
instanceKlass com/fasterxml/jackson/databind/DatabindContext
instanceKlass org/springframework/beans/factory/ObjectProvider
instanceKlass org/springframework/beans/factory/ObjectFactory
instanceKlass org/springframework/beans/factory/support/AutowireCandidateResolver
instanceKlass com/fasterxml/jackson/databind/jsontype/SubtypeResolver
instanceKlass org/springframework/util/ReflectionUtils$MethodCallback
instanceKlass org/springframework/beans/factory/InjectionPoint
instanceKlass com/fasterxml/jackson/core/TokenStreamFactory
instanceKlass org/springframework/beans/BeanWrapper
instanceKlass org/springframework/beans/ConfigurablePropertyAccessor
instanceKlass org/springframework/beans/PropertyAccessor
instanceKlass org/springframework/core/AttributeAccessorSupport
instanceKlass com/fasterxml/jackson/databind/cfg/HandlerInstantiator
instanceKlass org/springframework/beans/PropertyValues
instanceKlass org/springframework/beans/factory/support/InstantiationStrategy
instanceKlass com/fasterxml/jackson/databind/Module
instanceKlass org/springframework/http/converter/json/Jackson2ObjectMapperBuilder
instanceKlass org/springframework/beans/factory/DisposableBean
instanceKlass com/fasterxml/jackson/core/PrettyPrinter
instanceKlass com/fasterxml/jackson/core/util/DefaultPrettyPrinter$Indenter
instanceKlass org/springframework/core/SimpleAliasRegistry
instanceKlass org/springframework/http/converter/GenericHttpMessageConverter
instanceKlass org/apache/commons/logging/impl/NoOpLog
instanceKlass org/springframework/core/log/CompositeLog
instanceKlass org/springframework/core/log/LogDelegateFactory
instanceKlass org/springframework/http/HttpLogging
instanceKlass org/springframework/http/converter/AbstractHttpMessageConverter
instanceKlass org/springframework/util/AntPathMatcher$PathSeparatorPatternCache
instanceKlass org/springframework/util/AntPathMatcher
instanceKlass org/springframework/util/MimeType$SpecificityComparator
instanceKlass org/springframework/util/LinkedCaseInsensitiveMap
instanceKlass org/springframework/util/PathMatcher
instanceKlass org/springframework/core/io/support/PathMatchingResourcePatternResolver
instanceKlass org/springframework/util/MimeType
instanceKlass com/google/gson/Gson
instanceKlass org/springframework/beans/factory/config/BeanDefinition
instanceKlass org/springframework/beans/BeanMetadataElement
instanceKlass org/springframework/core/AttributeAccessor
instanceKlass org/springframework/beans/factory/config/ConfigurableListableBeanFactory
instanceKlass org/springframework/context/LifecycleProcessor
instanceKlass com/fasterxml/jackson/core/JsonGenerator
instanceKlass org/springframework/beans/factory/config/BeanPostProcessor
instanceKlass org/springframework/beans/PropertyEditorRegistrar
instanceKlass org/springframework/beans/factory/config/BeanExpressionResolver
instanceKlass org/springframework/beans/factory/config/AutowireCapableBeanFactory
instanceKlass org/springframework/ui/context/ThemeSource
instanceKlass com/fasterxml/jackson/core/TreeCodec
instanceKlass org/springframework/boot/web/context/ConfigurableWebServerApplicationContext
instanceKlass org/springframework/boot/web/context/WebServerApplicationContext
instanceKlass org/springframework/context/annotation/AnnotationConfigRegistry
instanceKlass com/fasterxml/jackson/core/Versioned
instanceKlass org/springframework/boot/SpringApplicationBannerPrinter$PrintedBanner
instanceKlass org/springframework/boot/SpringBootVersion
instanceKlass org/springframework/http/StreamingHttpOutputMessage$Body
instanceKlass org/springframework/http/HttpOutputMessage
instanceKlass org/springframework/core/io/ContextResource
instanceKlass org/springframework/http/HttpMessage
instanceKlass org/springframework/boot/SpringBootBanner
instanceKlass org/springframework/boot/Banner
instanceKlass org/springframework/boot/SpringApplicationBannerPrinter
instanceKlass org/springframework/http/converter/FormHttpMessageConverter
instanceKlass org/springframework/http/converter/HttpMessageConverter
instanceKlass org/springframework/boot/EnvironmentConverter
instanceKlass org/springframework/boot/autoconfigure/BackgroundPreinitializer$MessageConverterInitializer
instanceKlass org/springframework/boot/autoconfigure/BackgroundPreinitializer$ValidationInitializer
instanceKlass org/springframework/boot/autoconfigure/BackgroundPreinitializer$ConversionServiceInitializer
instanceKlass org/springframework/boot/autoconfigure/BackgroundPreinitializer$1
instanceKlass ch/qos/logback/classic/pattern/TargetLengthBasedClassNameAbbreviator
instanceKlass ch/qos/logback/core/pattern/ConverterUtil
instanceKlass ch/qos/logback/classic/pattern/NamedConverter$CacheMissCalculator
instanceKlass ch/qos/logback/core/pattern/FormatInfo
instanceKlass ch/qos/logback/core/pattern/util/AsIsEscapeUtil
instanceKlass ch/qos/logback/core/pattern/parser/OptionTokenizer
instanceKlass ch/qos/logback/core/pattern/util/RestrictedEscapeUtil
instanceKlass ch/qos/logback/core/pattern/parser/TokenStream
instanceKlass ch/qos/logback/core/pattern/util/RegularEscapeUtil
instanceKlass ch/qos/logback/classic/pattern/EnsureExceptionHandling
instanceKlass ch/qos/logback/classic/pattern/Abbreviator
instanceKlass ch/qos/logback/core/pattern/parser/Token
instanceKlass ch/qos/logback/core/pattern/parser/Node
instanceKlass ch/qos/logback/core/pattern/util/IEscapeUtil
instanceKlass ch/qos/logback/core/pattern/PostCompileProcessor
instanceKlass ch/qos/logback/classic/jul/JULHelper
instanceKlass java/util/Vector$Itr
instanceKlass ch/qos/logback/core/subst/NodeToStringTransformer$1
instanceKlass ch/qos/logback/core/CoreConstants
instanceKlass ch/qos/logback/core/subst/Node
instanceKlass ch/qos/logback/core/subst/Parser$1
instanceKlass ch/qos/logback/core/subst/Parser
instanceKlass ch/qos/logback/core/subst/Token
instanceKlass ch/qos/logback/core/subst/Tokenizer
instanceKlass ch/qos/logback/core/subst/NodeToStringTransformer
instanceKlass java/util/Collections$UnmodifiableMap$UnmodifiableEntrySet$UnmodifiableEntrySetSpliterator
instanceKlass ch/qos/logback/core/rolling/RollingPolicy
instanceKlass org/springframework/boot/logging/logback/DefaultLogbackConfiguration
instanceKlass java/util/concurrent/Executors$DefaultThreadFactory
instanceKlass ch/qos/logback/core/util/ExecutorServiceUtil$1
instanceKlass ch/qos/logback/core/util/ExecutorServiceUtil
instanceKlass ch/qos/logback/core/LifeCycleManager
instanceKlass org/springframework/boot/logging/LoggingInitializationContext
instanceKlass org/springframework/boot/logging/LoggerGroup
instanceKlass org/springframework/boot/logging/LoggerGroups
instanceKlass org/springframework/boot/logging/LogFile
instanceKlass org/springframework/core/convert/support/ConversionUtils
instanceKlass java/util/concurrent/ConcurrentLinkedDeque$AbstractItr
instanceKlass org/springframework/core/convert/support/GenericConversionService$ConverterCacheKey
instanceKlass org/springframework/util/PlaceholderParser$PartResolutionContext
instanceKlass org/springframework/util/PlaceholderParser$AbstractPart
instanceKlass org/springframework/boot/context/properties/source/ConfigurationProperty
instanceKlass org/springframework/boot/origin/PropertySourceOrigin
instanceKlass java/io/Console$2
instanceKlass jdk/internal/access/JavaIOAccess
instanceKlass java/io/Console
instanceKlass org/springframework/boot/ansi/AnsiElement
instanceKlass org/springframework/boot/ansi/AnsiOutput
instanceKlass java/util/regex/ASCII
instanceKlass org/springframework/cloud/bootstrap/encrypt/TextEncryptorUtils$FailsafeTextEncryptor
instanceKlass org/springframework/cloud/bootstrap/encrypt/KeyProperties$KeyStore
instanceKlass com/google/cloud/spring/autoconfigure/parametermanager/GcpParameterManagerEnvironmentPostProcessor$2
instanceKlass com/google/cloud/spring/autoconfigure/parametermanager/GcpParameterManagerEnvironmentPostProcessor$1
instanceKlass com/google/cloud/spring/autoconfigure/secretmanager/GcpSecretManagerEnvironmentPostProcessor$2
instanceKlass com/google/protobuf/ByteString
instanceKlass com/google/cloud/spring/autoconfigure/secretmanager/GcpSecretManagerEnvironmentPostProcessor$1
instanceKlass javax/sql/DataSource
instanceKlass java/sql/Wrapper
instanceKlass javax/sql/CommonDataSource
instanceKlass org/springframework/boot/context/properties/bind/Nested
instanceKlass org/springframework/boot/context/properties/NestedConfigurationProperty
instanceKlass org/springframework/boot/context/properties/bind/JavaBeanBinder$BeanSupplier
instanceKlass java/beans/Introspector$1
instanceKlass jdk/internal/access/JavaBeansAccess
instanceKlass java/beans/FeatureDescriptor
instanceKlass java/beans/Introspector
instanceKlass org/springframework/boot/context/properties/bind/JavaBeanBinder$BeanProperty
instanceKlass java/lang/invoke/MethodHandleImpl$LoopClauses
instanceKlass java/lang/invoke/MethodHandleImpl$CasesHolder
instanceKlass java/lang/invoke/MethodHandleImpl$BindCaller
instanceKlass org/springframework/core/BridgeMethodResolver
instanceKlass com/google/cloud/spring/core/Credentials
instanceKlass com/google/cloud/spring/autoconfigure/alloydb/AlloyDbEnvironmentPostProcessor$NonSecretsManagerPropertiesPlaceholdersResolver
instanceKlass org/springframework/stereotype/Indexed
instanceKlass org/springframework/boot/context/properties/ConfigurationProperties
instanceKlass com/google/cloud/spring/autoconfigure/alloydb/AlloyDbProperties
instanceKlass org/springframework/boot/context/properties/bind/MapBinder$EntryBinder
instanceKlass org/springframework/core/CollectionFactory
instanceKlass org/springframework/boot/context/config/ProfilesValidator
instanceKlass org/springframework/boot/context/config/Profiles
instanceKlass org/springframework/boot/context/config/ConfigDataEnvironmentContributors$InactiveSourceChecker
instanceKlass org/springframework/boot/context/properties/bind/DefaultValue
instanceKlass org/springframework/boot/context/properties/bind/DataObjectPropertyName
instanceKlass org/springframework/boot/context/properties/bind/ValueObjectBinder$ConstructorParameter
instanceKlass org/springframework/core/SerializableTypeWrapper$MethodInvokeTypeProvider
instanceKlass org/springframework/core/SerializableTypeWrapper$TypeProxyInvocationHandler
instanceKlass org/springframework/core/SerializableTypeWrapper$MethodParameterTypeProvider
instanceKlass org/springframework/core/MethodParameter
instanceKlass org/springframework/boot/context/properties/bind/Name
instanceKlass org/springframework/boot/context/properties/bind/ConstructorBinding
instanceKlass org/springframework/beans/factory/annotation/Autowired
instanceKlass org/springframework/boot/context/config/ConfigDataProperties$Activate
instanceKlass org/springframework/boot/context/properties/bind/DefaultBindConstructorProvider$Constructors
instanceKlass java/util/RegularEnumSet$EnumSetIterator
instanceKlass java/lang/invoke/DirectMethodHandle$1
instanceKlass java/lang/runtime/ObjectMethods$1
instanceKlass sun/invoke/util/ValueConversions$WrapperCache
instanceKlass java/lang/invoke/MethodHandleImpl$2
instanceKlass java/lang/invoke/MethodHandleImpl$ArrayAccessor
instanceKlass java/lang/invoke/MethodHandleImpl$Makers$2
instanceKlass java/lang/invoke/MethodHandleImpl$Makers$1
instanceKlass java/lang/invoke/MethodHandleImpl$Makers
instanceKlass java/lang/runtime/ObjectMethods
instanceKlass org/springframework/boot/context/properties/bind/AbstractBindHandler
instanceKlass org/springframework/boot/context/config/ConfigDataEnvironmentContributorPlaceholdersResolver
instanceKlass org/springframework/boot/origin/OriginTrackedValue
instanceKlass org/springframework/boot/origin/TextResourceOrigin
instanceKlass org/springframework/boot/origin/TextResourceOrigin$Location
instanceKlass sun/net/DefaultProgressMeteringPolicy
instanceKlass sun/net/ProgressMeteringPolicy
instanceKlass sun/net/ProgressMonitor
instanceKlass org/springframework/boot/env/OriginTrackedPropertiesLoader$CharacterReader
instanceKlass org/springframework/boot/env/OriginTrackedPropertiesLoader$Document
instanceKlass org/springframework/boot/env/OriginTrackedPropertiesLoader
instanceKlass org/springframework/boot/origin/OriginTrackedResource
instanceKlass java/net/URLClassLoader$2
instanceKlass org/springframework/boot/context/config/ConfigData
instanceKlass org/springframework/boot/context/config/ConfigDataResolutionResult
instanceKlass org/springframework/core/io/WritableResource
instanceKlass org/springframework/boot/context/config/StandardConfigDataReference
instanceKlass org/springframework/boot/context/config/ConfigDataEnvironmentContributors$ContributorDataLoaderContext
instanceKlass org/springframework/boot/context/config/ConfigDataEnvironmentContributors$ContributorConfigDataLocationResolverContext
instanceKlass org/springframework/boot/context/config/ConfigDataEnvironmentContributor$ContributorIterator
instanceKlass org/springframework/boot/BootstrapRegistry$InstanceSupplier$1
instanceKlass org/springframework/boot/context/config/ConfigDataActivationContext
instanceKlass org/springframework/boot/context/config/ConfigDataImporter
instanceKlass org/springframework/boot/context/config/ConfigDataLocationResolverContext
instanceKlass org/springframework/boot/context/config/ConfigDataLoaderContext
instanceKlass org/springframework/boot/context/config/ConfigDataEnvironmentContributors
instanceKlass org/springframework/boot/context/config/ConfigDataProperties
instanceKlass org/springframework/boot/context/config/ConfigDataEnvironmentContributor
instanceKlass org/springframework/boot/context/config/SystemEnvironmentConfigDataLoader
instanceKlass org/springframework/boot/context/config/ConfigData$Options
instanceKlass org/springframework/boot/context/config/ConfigData$AlwaysPropertySourceOptions
instanceKlass org/springframework/boot/context/config/ConfigData$PropertySourceOptions
instanceKlass org/springframework/boot/context/config/StandardConfigDataLoader
instanceKlass org/springframework/boot/context/config/ConfigDataResource
instanceKlass org/springframework/boot/context/config/ConfigTreeConfigDataLoader
instanceKlass com/google/cloud/spring/autoconfigure/parametermanager/ParameterManagerConfigDataLoader
instanceKlass com/google/cloud/spring/autoconfigure/secretmanager/SecretManagerConfigDataLoader
instanceKlass org/springframework/boot/context/config/ConfigDataLoader
instanceKlass org/springframework/boot/context/config/ConfigDataLoaders
instanceKlass org/springframework/boot/context/config/ConfigDataEnvironmentUpdateListener$1
instanceKlass org/springframework/boot/context/config/ConfigDataEnvironmentUpdateListener
instanceKlass org/springframework/boot/context/config/SystemEnvironmentConfigDataLocationResolver
instanceKlass java/util/function/BooleanSupplier
instanceKlass java/util/stream/StreamSpliterators
instanceKlass java/util/stream/StreamSpliterators$AbstractWrappingSpliterator
instanceKlass org/springframework/boot/context/properties/source/FilteredConfigurationPropertiesSource
instanceKlass org/springframework/boot/context/properties/bind/AggregateBinder$AggregateSupplier
instanceKlass org/springframework/boot/context/properties/bind/AggregateElementBinder
instanceKlass org/springframework/boot/context/config/StandardConfigDataLocationResolver
instanceKlass org/springframework/boot/context/config/LocationResourceLoader
instanceKlass org/springframework/boot/context/config/ConfigTreeConfigDataLocationResolver
instanceKlass com/google/cloud/spring/parametermanager/ParameterManagerClientFactory
instanceKlass com/google/api/gax/rpc/HeaderProvider
instanceKlass com/google/api/gax/core/CredentialsProvider
instanceKlass com/google/cloud/spring/core/GcpProjectIdProvider
instanceKlass com/google/cloud/spring/core/CredentialsSupplier
instanceKlass com/google/cloud/spring/autoconfigure/parametermanager/ParameterManagerConfigDataLocationResolver
instanceKlass com/google/cloud/spring/autoconfigure/secretmanager/SecretManagerConfigDataLocationResolverLoader
instanceKlass org/springframework/boot/context/config/ConfigDataLocationResolver
instanceKlass org/springframework/boot/context/config/ConfigDataLocationResolvers
instanceKlass org/springframework/boot/context/properties/bind/BindResult
instanceKlass org/springframework/boot/context/properties/bind/JavaBeanBinder$BeanProperties
instanceKlass org/springframework/boot/context/properties/bind/ValueObjectBinder$ValueObject
instanceKlass org/springframework/core/StandardReflectionParameterNameDiscoverer
instanceKlass org/springframework/core/PrioritizedParameterNameDiscoverer
instanceKlass org/springframework/boot/context/properties/bind/ValueObjectBinder$Discoverer
instanceKlass org/springframework/core/ParameterNameDiscoverer
instanceKlass org/springframework/boot/context/properties/bind/DataObjectPropertyBinder
instanceKlass org/springframework/boot/context/properties/source/ConfigurationPropertySourcesCaching$CacheOverrides
instanceKlass org/springframework/boot/context/properties/bind/Binder$Context
instanceKlass org/springframework/boot/context/properties/bind/JavaBeanBinder
instanceKlass org/springframework/boot/context/properties/bind/ValueObjectBinder
instanceKlass org/springframework/boot/context/properties/bind/DataObjectBinder
instanceKlass org/springframework/boot/context/properties/bind/DefaultBindConstructorProvider
instanceKlass org/springframework/boot/context/properties/bind/BindConstructorProvider
instanceKlass org/springframework/boot/context/properties/bind/BindHandler$1
instanceKlass org/springframework/beans/TypeConverterDelegate
instanceKlass org/springframework/beans/PropertyEditorRegistrySupport
instanceKlass org/springframework/beans/PropertyEditorRegistry
instanceKlass org/springframework/beans/TypeConverter
instanceKlass java/beans/PropertyEditorSupport
instanceKlass java/beans/PropertyEditor
instanceKlass org/springframework/boot/context/properties/bind/BindConverter$TypeConverterConverter
instanceKlass org/springframework/boot/context/properties/bind/BindConverter
instanceKlass org/springframework/boot/context/properties/source/ConfigurationPropertySourcesCaching
instanceKlass org/springframework/boot/context/properties/bind/PropertySourcesPlaceholdersResolver
instanceKlass org/springframework/boot/context/properties/bind/AggregateBinder
instanceKlass org/springframework/boot/context/properties/bind/BindContext
instanceKlass org/springframework/boot/context/properties/bind/Binder
instanceKlass org/springframework/boot/context/config/ConfigDataLocation
instanceKlass org/springframework/boot/origin/OriginProvider
instanceKlass org/springframework/boot/context/config/ConfigDataEnvironment
instanceKlass org/springframework/boot/env/SpringApplicationJsonEnvironmentPostProcessor$JsonPropertyValue
instanceKlass org/springframework/boot/origin/Origin
instanceKlass org/springframework/aot/AotDetector
instanceKlass org/springframework/boot/autoconfigure/integration/IntegrationPropertiesEnvironmentPostProcessor
instanceKlass org/springframework/boot/reactor/ReactorEnvironmentPostProcessor
instanceKlass org/springframework/boot/env/SystemEnvironmentPropertySourceEnvironmentPostProcessor
instanceKlass org/springframework/boot/env/SpringApplicationJsonEnvironmentPostProcessor
instanceKlass org/springframework/boot/env/RandomValuePropertySourceEnvironmentPostProcessor
instanceKlass org/springframework/boot/context/config/ConfigDataEnvironmentPostProcessor
instanceKlass org/springframework/boot/cloud/CloudFoundryVcapEnvironmentPostProcessor
instanceKlass org/springframework/boot/devtools/env/DevToolsPropertyDefaultsPostProcessor
instanceKlass org/springframework/boot/env/YamlPropertySourceLoader
instanceKlass org/yaml/snakeyaml/Yaml
instanceKlass org/springframework/boot/env/PropertiesPropertySourceLoader
instanceKlass org/springframework/boot/env/PropertySourceLoader
instanceKlass org/springframework/boot/devtools/env/DevToolsHomePropertiesPostProcessor
instanceKlass org/springframework/cloud/util/random/CachedRandomPropertySourceEnvironmentPostProcessor
instanceKlass org/springframework/cloud/bootstrap/encrypt/AbstractEnvironmentDecrypt
instanceKlass org/springframework/cloud/bootstrap/BootstrapConfigFileApplicationListener
instanceKlass com/google/cloud/spring/autoconfigure/parametermanager/GcpParameterManagerEnvironmentPostProcessor
instanceKlass com/google/cloud/spring/autoconfigure/secretmanager/GcpSecretManagerEnvironmentPostProcessor
instanceKlass com/google/cloud/spring/autoconfigure/sql/R2dbcCloudSqlEnvironmentPostProcessor
instanceKlass com/google/cloud/spring/autoconfigure/sql/CloudSqlJdbcInfoProvider
instanceKlass com/google/cloud/spring/autoconfigure/sql/CloudSqlEnvironmentPostProcessor
instanceKlass org/springframework/boot/context/properties/bind/PlaceholdersResolver
instanceKlass com/google/cloud/spring/autoconfigure/alloydb/AlloyDbEnvironmentPostProcessor
instanceKlass org/springframework/boot/actuate/autoconfigure/tracing/LogCorrelationEnvironmentPostProcessor
instanceKlass org/springframework/boot/env/EnvironmentPostProcessor
instanceKlass org/springframework/boot/env/SpringFactoriesEnvironmentPostProcessorsFactory
instanceKlass org/springframework/boot/context/properties/source/ConfigurationPropertyName$ElementCharPredicate
instanceKlass java/util/stream/MatchOps$BooleanTerminalSink
instanceKlass java/util/stream/MatchOps$MatchOp
instanceKlass java/util/stream/MatchOps
instanceKlass java/util/Collections$UnmodifiableMap$UnmodifiableEntrySet$UnmodifiableEntry
instanceKlass java/util/Collections$UnmodifiableMap$UnmodifiableEntrySet$1
instanceKlass org/springframework/boot/context/properties/source/SpringIterableConfigurationPropertySource$Cache
instanceKlass org/springframework/boot/context/properties/source/DefaultPropertyMapper$LastMapping
instanceKlass org/springframework/boot/context/properties/source/ConfigurationPropertyName$1
instanceKlass java/time/Clock
instanceKlass java/time/InstantSource
instanceKlass org/springframework/boot/context/properties/source/ConfigurationPropertyCaching$CacheOverride
instanceKlass org/springframework/boot/context/properties/source/SoftReferenceConfigurationPropertyCache
instanceKlass org/springframework/boot/context/properties/source/ConfigurationPropertyCaching
instanceKlass org/springframework/boot/context/properties/source/SystemEnvironmentPropertyMapper
instanceKlass java/util/function/BiPredicate
instanceKlass org/springframework/boot/context/properties/source/DefaultPropertyMapper
instanceKlass org/springframework/boot/context/properties/source/PropertyMapper
instanceKlass org/springframework/boot/context/properties/source/CachingConfigurationPropertySource
instanceKlass org/springframework/boot/context/properties/source/IterableConfigurationPropertySource
instanceKlass org/springframework/boot/context/properties/source/SpringConfigurationPropertySource
instanceKlass org/springframework/boot/context/properties/source/SpringConfigurationPropertySources$SourcesIterator
instanceKlass org/springframework/cloud/util/PropertyUtils
instanceKlass org/springframework/boot/context/properties/source/ConfigurationPropertySource
instanceKlass org/springframework/boot/context/properties/source/SpringConfigurationPropertySources
instanceKlass java/lang/ProcessHandleImpl
instanceKlass java/lang/ProcessHandle
instanceKlass org/springframework/boot/system/ApplicationPid
instanceKlass org/springframework/boot/convert/CharSequenceToObjectConverter
instanceKlass org/springframework/boot/convert/LenientObjectToEnumConverterFactory
instanceKlass sun/reflect/generics/tree/ByteSignature
instanceKlass org/springframework/boot/convert/InputStreamSourceToByteArrayConverter
instanceKlass org/springframework/boot/convert/StringToFileConverter
instanceKlass org/springframework/boot/convert/NumberToDataSizeConverter
instanceKlass org/springframework/util/unit/DataSize
instanceKlass org/springframework/boot/convert/StringToDataSizeConverter
instanceKlass org/springframework/boot/convert/NumberToPeriodConverter
instanceKlass org/springframework/boot/convert/PeriodToStringConverter
instanceKlass org/springframework/boot/convert/StringToPeriodConverter
instanceKlass org/springframework/boot/convert/DurationToNumberConverter
instanceKlass org/springframework/boot/convert/NumberToDurationConverter
instanceKlass org/springframework/boot/convert/DurationToStringConverter
instanceKlass org/springframework/boot/convert/StringToDurationConverter
instanceKlass org/springframework/boot/convert/DelimitedStringToCollectionConverter
instanceKlass org/springframework/boot/convert/DelimitedStringToArrayConverter
instanceKlass org/springframework/boot/convert/CollectionToDelimitedStringConverter
instanceKlass org/springframework/boot/convert/ArrayToDelimitedStringConverter
instanceKlass org/springframework/boot/convert/IsoOffsetFormatter
instanceKlass org/springframework/boot/convert/InetAddressFormatter
instanceKlass sun/reflect/generics/tree/ArrayTypeSignature
instanceKlass sun/reflect/generics/tree/CharSignature
instanceKlass org/springframework/boot/convert/CharArrayFormatter
instanceKlass org/springframework/format/annotation/DurationFormat
instanceKlass org/springframework/format/annotation/DateTimeFormat
instanceKlass org/springframework/format/datetime/standard/MonthDayFormatter
instanceKlass java/time/MonthDay
instanceKlass org/springframework/format/datetime/standard/YearMonthFormatter
instanceKlass java/time/YearMonth
instanceKlass org/springframework/format/datetime/standard/MonthFormatter
instanceKlass org/springframework/format/datetime/standard/YearFormatter
instanceKlass java/time/Year
instanceKlass org/springframework/format/datetime/standard/DurationFormatter
instanceKlass org/springframework/format/datetime/standard/PeriodFormatter
instanceKlass org/springframework/format/datetime/standard/InstantFormatter
instanceKlass java/time/OffsetTime
instanceKlass org/springframework/format/support/FormattingConversionService$ParserConverter
instanceKlass org/springframework/format/support/FormattingConversionService$PrinterConverter
instanceKlass org/springframework/format/datetime/standard/TemporalAccessorParser
instanceKlass org/springframework/format/datetime/standard/TemporalAccessorPrinter
instanceKlass java/time/format/DateTimeFormatterBuilder$LocalizedPrinterParser
instanceKlass org/springframework/format/datetime/standard/DateTimeFormatterRegistrar$1
instanceKlass org/springframework/format/datetime/standard/DateTimeConverters$InstantToLongConverter
instanceKlass org/springframework/format/datetime/standard/DateTimeConverters$LongToInstantConverter
instanceKlass org/springframework/format/datetime/standard/DateTimeConverters$CalendarToInstantConverter
instanceKlass org/springframework/format/datetime/standard/DateTimeConverters$CalendarToLocalDateTimeConverter
instanceKlass org/springframework/format/datetime/standard/DateTimeConverters$CalendarToLocalTimeConverter
instanceKlass org/springframework/format/datetime/standard/DateTimeConverters$CalendarToLocalDateConverter
instanceKlass org/springframework/format/datetime/standard/DateTimeConverters$CalendarToOffsetDateTimeConverter
instanceKlass org/springframework/format/datetime/standard/DateTimeConverters$CalendarToZonedDateTimeConverter
instanceKlass org/springframework/format/datetime/standard/DateTimeConverters$OffsetDateTimeToInstantConverter
instanceKlass org/springframework/format/datetime/standard/DateTimeConverters$OffsetDateTimeToZonedDateTimeConverter
instanceKlass org/springframework/format/datetime/standard/DateTimeConverters$OffsetDateTimeToLocalDateTimeConverter
instanceKlass org/springframework/format/datetime/standard/DateTimeConverters$OffsetDateTimeToLocalTimeConverter
instanceKlass org/springframework/format/datetime/standard/DateTimeConverters$OffsetDateTimeToLocalDateConverter
instanceKlass org/springframework/format/datetime/standard/DateTimeConverters$ZonedDateTimeToInstantConverter
instanceKlass java/time/OffsetDateTime
instanceKlass org/springframework/format/datetime/standard/DateTimeConverters$ZonedDateTimeToOffsetDateTimeConverter
instanceKlass org/springframework/format/datetime/standard/DateTimeConverters$ZonedDateTimeToLocalDateTimeConverter
instanceKlass org/springframework/format/datetime/standard/DateTimeConverters$ZonedDateTimeToLocalTimeConverter
instanceKlass org/springframework/format/datetime/standard/DateTimeConverters$ZonedDateTimeToLocalDateConverter
instanceKlass org/springframework/format/datetime/standard/DateTimeConverters$LocalDateTimeToLocalTimeConverter
instanceKlass org/springframework/format/datetime/standard/DateTimeConverters$LocalDateTimeToLocalDateConverter
instanceKlass org/springframework/format/datetime/DateFormatterRegistrar$LongToCalendarConverter
instanceKlass org/springframework/format/datetime/DateFormatterRegistrar$LongToDateConverter
instanceKlass org/springframework/format/datetime/DateFormatterRegistrar$CalendarToLongConverter
instanceKlass org/springframework/format/datetime/DateFormatterRegistrar$CalendarToDateConverter
instanceKlass org/springframework/format/datetime/DateFormatterRegistrar$DateToCalendarConverter
instanceKlass org/springframework/format/datetime/DateFormatterRegistrar$DateToLongConverter
instanceKlass org/springframework/format/datetime/DateFormatterRegistrar
instanceKlass org/springframework/format/datetime/standard/DateTimeConverters
instanceKlass org/springframework/format/datetime/standard/DateTimeFormatterFactory
instanceKlass org/springframework/format/datetime/standard/DateTimeFormatterRegistrar
instanceKlass org/springframework/format/FormatterRegistrar
instanceKlass org/springframework/format/support/FormattingConversionService$AnnotationParserConverter
instanceKlass org/springframework/format/support/FormattingConversionService$AnnotationPrinterConverter
instanceKlass org/springframework/util/NumberUtils
instanceKlass org/springframework/format/annotation/NumberFormat
instanceKlass org/springframework/core/GenericTypeResolver
instanceKlass org/springframework/context/support/EmbeddedValueResolutionSupport
instanceKlass org/springframework/format/AnnotationFormatterFactory
instanceKlass java/lang/StrictMath
instanceKlass org/springframework/core/convert/support/ObjectToOptionalConverter
instanceKlass org/springframework/core/convert/support/FallbackObjectToStringConverter
instanceKlass org/springframework/core/convert/support/IdToEntityConverter
instanceKlass org/springframework/core/convert/support/ObjectToObjectConverter
instanceKlass java/time/ZonedDateTime
instanceKlass java/time/chrono/ChronoZonedDateTime
instanceKlass java/util/Calendar
instanceKlass org/springframework/core/convert/support/ZonedDateTimeToCalendarConverter
instanceKlass org/springframework/core/convert/support/ZoneIdToTimeZoneConverter
instanceKlass org/springframework/core/convert/support/StringToTimeZoneConverter
instanceKlass org/springframework/core/convert/support/InstantToDateConverter
instanceKlass java/time/Instant
instanceKlass org/springframework/core/convert/support/DateToInstantConverter
instanceKlass org/springframework/core/convert/support/ByteBufferConverter
instanceKlass org/springframework/core/convert/TypeDescriptor$AnnotatedElementAdapter
instanceKlass org/springframework/core/convert/TypeDescriptor$AnnotatedElementSupplier
instanceKlass org/springframework/core/convert/TypeDescriptor
instanceKlass org/springframework/core/convert/support/StreamConverter
instanceKlass org/springframework/core/convert/support/ObjectToCollectionConverter
instanceKlass org/springframework/core/convert/support/CollectionToObjectConverter
instanceKlass org/springframework/core/convert/support/StringToCollectionConverter
instanceKlass org/springframework/core/convert/support/ObjectToArrayConverter
instanceKlass org/springframework/core/convert/support/ArrayToObjectConverter
instanceKlass org/springframework/core/convert/support/StringToArrayConverter
instanceKlass org/springframework/core/convert/support/CollectionToStringConverter
instanceKlass org/springframework/core/convert/support/ArrayToStringConverter
instanceKlass org/springframework/core/convert/support/MapToMapConverter
instanceKlass org/springframework/core/convert/support/CollectionToCollectionConverter
instanceKlass org/springframework/core/convert/support/ArrayToArrayConverter
instanceKlass org/springframework/core/convert/support/CollectionToArrayConverter
instanceKlass org/springframework/core/convert/support/ArrayToCollectionConverter
instanceKlass org/springframework/core/convert/support/StringToPatternConverter
instanceKlass java/util/UUID
instanceKlass org/springframework/core/convert/support/StringToUUIDConverter
instanceKlass org/springframework/core/convert/support/PropertiesToStringConverter
instanceKlass org/springframework/core/convert/support/StringToPropertiesConverter
instanceKlass java/util/Currency
instanceKlass org/springframework/core/convert/support/StringToCurrencyConverter
instanceKlass org/springframework/core/convert/support/StringToCharsetConverter
instanceKlass org/springframework/core/convert/support/StringToLocaleConverter
instanceKlass org/springframework/core/convert/support/IntegerToEnumConverterFactory
instanceKlass sun/reflect/generics/tree/Wildcard
instanceKlass sun/reflect/generics/tree/BottomSignature
instanceKlass org/springframework/core/convert/support/AbstractConditionalEnumConverter
instanceKlass org/springframework/core/convert/support/StringToEnumConverterFactory
instanceKlass org/springframework/core/convert/support/StringToBooleanConverter
instanceKlass org/springframework/core/convert/support/CharacterToNumberFactory
instanceKlass org/springframework/core/convert/support/NumberToCharacterConverter
instanceKlass org/springframework/core/convert/support/StringToCharacterConverter
instanceKlass org/springframework/core/convert/support/GenericConversionService$ConverterAdapter
instanceKlass org/springframework/core/convert/support/ObjectToStringConverter
instanceKlass org/springframework/core/convert/support/StringToNumberConverterFactory
instanceKlass java/util/concurrent/ConcurrentLinkedDeque$Node
instanceKlass org/springframework/core/convert/support/GenericConversionService$ConvertersForPair
instanceKlass org/springframework/core/convert/converter/GenericConverter$ConvertiblePair
instanceKlass org/springframework/core/convert/support/GenericConversionService$ConverterFactoryAdapter
instanceKlass org/springframework/core/convert/converter/ConditionalGenericConverter
instanceKlass org/springframework/core/convert/support/NumberToNumberConverterFactory
instanceKlass org/springframework/core/convert/converter/ConditionalConverter
instanceKlass org/springframework/core/convert/support/GenericConversionService$Converters
instanceKlass org/springframework/core/convert/support/GenericConversionService$NoOpConverter
instanceKlass org/springframework/format/Formatter
instanceKlass org/springframework/core/convert/converter/ConverterFactory
instanceKlass org/springframework/core/convert/converter/Converter
instanceKlass org/springframework/format/Parser
instanceKlass org/springframework/format/Printer
instanceKlass org/springframework/core/convert/converter/GenericConverter
instanceKlass org/springframework/core/convert/support/GenericConversionService
instanceKlass org/springframework/context/EmbeddedValueResolverAware
instanceKlass org/springframework/format/FormatterRegistry
instanceKlass java/lang/ProcessEnvironment$CheckedEntry
instanceKlass java/lang/ProcessEnvironment$CheckedEntrySet$1
instanceKlass java/lang/ProcessEnvironment$EntryComparator
instanceKlass java/lang/ProcessEnvironment$NameComparator
instanceKlass javax/naming/spi/NamingManager
instanceKlass sun/nio/fs/WindowsChannelFactory$Flags
instanceKlass sun/nio/fs/WindowsChannelFactory$1
instanceKlass sun/nio/fs/WindowsChannelFactory
instanceKlass sun/nio/fs/WindowsSecurityDescriptor
instanceKlass com/sun/naming/internal/VersionHelper$InputStreamEnumeration
instanceKlass javax/naming/NamingEnumeration
instanceKlass com/sun/naming/internal/VersionHelper
instanceKlass com/sun/naming/internal/ResourceManager
instanceKlass org/springframework/jndi/JndiAccessor
instanceKlass org/springframework/util/PlaceholderParser$Part
instanceKlass org/springframework/util/PlaceholderParser
instanceKlass org/springframework/util/PropertyPlaceholderHelper
instanceKlass org/springframework/util/PropertyPlaceholderHelper$PlaceholderResolver
instanceKlass org/springframework/util/SystemPropertyUtils
instanceKlass org/springframework/core/SpringProperties
instanceKlass org/springframework/core/env/AbstractPropertyResolver
instanceKlass org/springframework/boot/context/properties/source/ConfigurationPropertySources
instanceKlass org/springframework/core/env/MutablePropertySources
instanceKlass javax/naming/InitialContext
instanceKlass javax/naming/Context
instanceKlass org/springframework/core/env/AbstractEnvironment
instanceKlass org/springframework/web/context/ConfigurableWebEnvironment
instanceKlass org/springframework/boot/web/servlet/context/ServletWebServerApplicationContextFactory
instanceKlass org/springframework/boot/web/reactive/context/ReactiveWebServerApplicationContextFactory
instanceKlass org/springframework/core/env/CommandLineArgs
instanceKlass org/springframework/core/env/SimpleCommandLineArgsParser
instanceKlass org/springframework/boot/DefaultApplicationArguments
instanceKlass java/util/logging/LogManager$CloseOnReset
instanceKlass org/springframework/boot/logging/AbstractLoggingSystem$LogLevels
instanceKlass org/springframework/boot/logging/LoggerConfigurationComparator
instanceKlass org/springframework/boot/logging/logback/LogbackConfigurator
instanceKlass ch/qos/logback/classic/spi/LoggerContextListener
instanceKlass org/springframework/boot/logging/LoggingSystemProperties
instanceKlass java/util/function/UnaryOperator
instanceKlass org/springframework/core/annotation/AnnotationUtils
instanceKlass org/springframework/core/annotation/ValueExtractor
instanceKlass java/lang/Throwable$PrintStreamOrWriter
instanceKlass javax/management/remote/rmi/RMIConnectionImpl$6
instanceKlass org/springframework/core/annotation/AliasFor
instanceKlass org/springframework/core/annotation/AnnotationTypeMapping$MirrorSets
instanceKlass org/springframework/core/annotation/AnnotationTypeMapping$MirrorSets$MirrorSet
instanceKlass org/springframework/core/annotation/AnnotationTypeMapping
instanceKlass org/springframework/core/annotation/AnnotationTypeMappings$Cache
instanceKlass org/springframework/core/annotation/AnnotationTypeMappings
instanceKlass org/springframework/core/annotation/AttributeMethods
instanceKlass org/springframework/beans/factory/aot/BeanFactoryInitializationAotProcessor
instanceKlass org/springframework/boot/logging/logback/LogbackLoggingSystem$Factory
instanceKlass javax/management/remote/rmi/RMIConnector$Util
instanceKlass org/springframework/boot/logging/log4j2/Log4J2LoggingSystem$Factory
instanceKlass org/springframework/boot/logging/java/JavaLoggingSystem$Factory
instanceKlass org/springframework/boot/logging/DelegatingLoggingSystemFactory
instanceKlass org/springframework/boot/logging/LoggingSystemFactory
instanceKlass org/springframework/boot/logging/LoggingSystem
instanceKlass javax/management/remote/rmi/RMIConnectionImpl$PrivilegedOperation
instanceKlass javax/management/StringValueExp
instanceKlass javax/management/ValueExp
instanceKlass com/example/NoteKeepApplication
instanceKlass java/io/FilePermissionCollection$1
instanceKlass javax/management/QueryEval
instanceKlass javax/management/remote/rmi/RMIConnectionImpl$SetCcl
instanceKlass java/net/URLClassLoader$1
instanceKlass org/springframework/boot/devtools/restart/FailureHandler
instanceKlass org/springframework/asm/ClassVisitor
instanceKlass org/springframework/cglib/core/ClassNameReader
instanceKlass java/util/concurrent/LinkedBlockingDeque$Node
instanceKlass org/springframework/boot/devtools/restart/MainMethod
instanceKlass java/util/regex/IntHashSet
instanceKlass java/util/regex/Matcher
instanceKlass java/util/regex/MatchResult
instanceKlass org/springframework/boot/devtools/settings/DevToolsSettings
instanceKlass javax/management/remote/NotificationResult
instanceKlass javax/security/auth/Subject
instanceKlass java/rmi/MarshalledObject
instanceKlass com/sun/jmx/remote/internal/ServerCommunicatorAdmin$Timeout
instanceKlass com/sun/jmx/remote/internal/ServerCommunicatorAdmin
instanceKlass javax/management/remote/rmi/RMIConnectionImpl$3
instanceKlass javax/management/remote/rmi/RMIConnectionImpl$2
instanceKlass javax/management/remote/rmi/RMIConnectionImpl$1
instanceKlass com/sun/jmx/remote/security/SubjectDelegator
instanceKlass javax/management/remote/rmi/RMIConnectionImpl
instanceKlass java/rmi/server/Unreferenced
instanceKlass java/io/ObjectStreamClass$5
instanceKlass java/io/ObjectStreamClass$4
instanceKlass java/io/ObjectStreamClass$3
instanceKlass java/io/ObjectStreamClass$MemberSignature
instanceKlass java/io/ObjectStreamClass$1
instanceKlass sun/rmi/transport/SequenceEntry
instanceKlass sun/rmi/transport/DGCImpl$1
instanceKlass sun/rmi/transport/DGCImpl$LeaseInfo
instanceKlass java/rmi/dgc/VMID
instanceKlass java/rmi/dgc/Lease
instanceKlass java/io/ObjectInputStream$GetField
instanceKlass java/io/ObjectInputStream$Logging
instanceKlass java/io/ObjectInputStream$FilterValues
instanceKlass java/security/CodeSigner
instanceKlass java/util/jar/JarVerifier
instanceKlass java/util/stream/ReduceOps$2ReducingSink
instanceKlass org/springframework/boot/devtools/logger/DevToolsLogFactory
instanceKlass org/springframework/boot/devtools/restart/ChangeableUrls
instanceKlass org/springframework/boot/devtools/restart/SilentExitExceptionHandler
instanceKlass org/springframework/boot/logging/DeferredLog$Line
instanceKlass org/springframework/boot/logging/DeferredLog
instanceKlass org/springframework/boot/devtools/restart/classloader/ClassLoaderFiles
instanceKlass org/springframework/core/SmartClassLoader
instanceKlass org/springframework/boot/devtools/restart/classloader/ClassLoaderFileRepository
instanceKlass org/springframework/beans/factory/support/BeanDefinitionRegistry
instanceKlass org/springframework/core/AliasRegistry
instanceKlass org/springframework/core/io/DefaultResourceLoader
instanceKlass java/util/concurrent/BlockingDeque
instanceKlass org/springframework/boot/devtools/restart/Restarter
instanceKlass java/util/concurrent/locks/AbstractQueuedSynchronizer$Node
instanceKlass java/util/concurrent/TimeUnit$1
instanceKlass org/springframework/boot/devtools/restart/AgentReloader
instanceKlass org/springframework/boot/devtools/restart/DefaultRestartInitializer
instanceKlass java/util/concurrent/Executors$RunnableAdapter
instanceKlass java/util/concurrent/Executors
instanceKlass java/util/concurrent/FutureTask$WaitNode
instanceKlass java/lang/StackTraceElement$HashedModules
instanceKlass java/util/concurrent/FutureTask
instanceKlass org/springframework/core/NativeDetector
instanceKlass sun/rmi/transport/DGCAckHandler$1
instanceKlass org/springframework/context/aot/AbstractAotProcessor
instanceKlass sun/rmi/transport/DGCAckHandler
instanceKlass sun/rmi/server/LoaderHandler
instanceKlass org/springframework/boot/devtools/system/DevToolsEnablementDeducer
instanceKlass java/rmi/server/RMIClassLoader$1
instanceKlass java/rmi/server/RMIClassLoaderSpi
instanceKlass java/rmi/server/RMIClassLoader
instanceKlass java/io/ObjectStreamClass$ExceptionInfo
instanceKlass sun/rmi/server/MarshalOutputStream$1
instanceKlass sun/rmi/transport/Transport$1
instanceKlass java/io/ObjectInputStream$ValidationList
instanceKlass java/io/ObjectInputStream$HandleTable$HandleList
instanceKlass java/io/ObjectInputStream$HandleTable
instanceKlass org/springframework/aop/SpringProxy
instanceKlass jdk/internal/access/JavaObjectInputStreamReadString
instanceKlass jdk/internal/access/JavaObjectInputStreamAccess
instanceKlass org/springframework/aop/support/AopUtils
instanceKlass sun/rmi/transport/StreamRemoteCall
instanceKlass java/rmi/server/RemoteCall
instanceKlass org/springframework/context/event/GenericApplicationListenerAdapter
instanceKlass org/springframework/context/event/AbstractApplicationEventMulticaster$CachedListenerRetriever
instanceKlass org/springframework/context/event/AbstractApplicationEventMulticaster$ListenerCacheKey
instanceKlass org/springframework/core/ResolvableTypeProvider
instanceKlass org/springframework/boot/SpringApplicationRunListeners
instanceKlass sun/rmi/transport/tcp/TCPConnection
instanceKlass sun/rmi/transport/Connection
instanceKlass java/util/stream/Nodes$ArrayNode
instanceKlass sun/rmi/transport/tcp/TCPChannel
instanceKlass sun/rmi/transport/Channel
instanceKlass org/springframework/util/ErrorHandler
instanceKlass java/nio/DirectByteBuffer$Deallocator
instanceKlass org/springframework/boot/availability/AvailabilityState
instanceKlass sun/nio/ch/Util$BufferCache
instanceKlass sun/nio/ch/Util
instanceKlass org/springframework/boot/context/event/EventPublishingRunListener
instanceKlass sun/nio/ch/ExtendedSocketOption$1
instanceKlass sun/nio/ch/ExtendedSocketOption
instanceKlass sun/nio/ch/OptionKey
instanceKlass sun/nio/ch/SocketOptionRegistry$LazyInitialization
instanceKlass sun/nio/ch/SocketOptionRegistry$RegistryKey
instanceKlass org/springframework/boot/SpringApplicationRunListener
instanceKlass sun/nio/ch/SocketOptionRegistry
instanceKlass java/net/StandardSocketOptions$StdSocketOption
instanceKlass java/net/StandardSocketOptions
instanceKlass java/lang/invoke/MethodHandle$1
instanceKlass org/springframework/core/io/support/SpringFactoriesLoader$ArgumentResolver$1
instanceKlass sun/rmi/transport/tcp/TCPTransport$ConnectionHandler
instanceKlass sun/nio/ch/IOStatus
instanceKlass org/springframework/core/io/support/SpringFactoriesLoader$ArgumentResolver
instanceKlass org/springframework/boot/context/properties/bind/BindHandler
instanceKlass org/springframework/core/env/PropertySources
instanceKlass org/springframework/cloud/bootstrap/encrypt/TextEncryptorUtils
instanceKlass org/springframework/boot/BootstrapRegistry$InstanceSupplier
instanceKlass org/springframework/cloud/bootstrap/encrypt/KeyProperties
instanceKlass org/springframework/aop/framework/Advised
instanceKlass org/springframework/aop/TargetClassAware
instanceKlass org/springframework/aop/framework/AopProxyUtils
instanceKlass org/springframework/context/event/AbstractApplicationEventMulticaster$DefaultListenerRetriever
instanceKlass org/springframework/context/event/AbstractApplicationEventMulticaster
instanceKlass org/springframework/beans/factory/BeanFactoryAware
instanceKlass org/springframework/beans/factory/BeanClassLoaderAware
instanceKlass org/springframework/context/event/ApplicationEventMulticaster
instanceKlass org/springframework/boot/DefaultBootstrapContext
instanceKlass org/springframework/boot/SpringApplication$Startup
instanceKlass java/lang/StackStreamFactory$FrameBuffer
instanceKlass java/lang/StackStreamFactory$1
instanceKlass java/lang/StackStreamFactory
instanceKlass java/util/concurrent/CountDownLatch
instanceKlass org/springframework/boot/autoconfigure/BackgroundPreinitializer
instanceKlass org/springframework/boot/logging/DeferredLog$Lines
instanceKlass org/springframework/boot/logging/DeferredLogs
instanceKlass org/springframework/boot/env/EnvironmentPostProcessorsFactory
instanceKlass org/springframework/boot/logging/DeferredLogFactory
instanceKlass org/springframework/boot/env/EnvironmentPostProcessorApplicationListener
instanceKlass org/springframework/util/MultiValueMapAdapter
instanceKlass org/springframework/core/ResolvableType$DefaultVariableResolver
instanceKlass org/springframework/core/ResolvableType$TypeVariablesVariableResolver
instanceKlass org/springframework/core/ResolvableType$SyntheticParameterizedType
instanceKlass org/springframework/core/SerializableTypeWrapper$SerializableTypeProxy
instanceKlass java/lang/reflect/WildcardType
instanceKlass org/springframework/core/SerializableTypeWrapper
instanceKlass org/springframework/core/ResolvableType$EmptyType
instanceKlass org/springframework/core/ResolvableType$VariableResolver
instanceKlass org/springframework/core/SerializableTypeWrapper$TypeProvider
instanceKlass org/springframework/core/ResolvableType
instanceKlass org/springframework/boot/context/properties/bind/Bindable
instanceKlass org/springframework/boot/context/properties/source/ConfigurationPropertyName$ElementsParser
instanceKlass org/springframework/boot/context/properties/source/ConfigurationPropertyName$Elements
instanceKlass org/springframework/boot/context/properties/source/ConfigurationPropertyName
instanceKlass org/springframework/boot/context/logging/LoggingApplicationListener
instanceKlass org/springframework/boot/context/config/AnsiOutputApplicationListener
instanceKlass org/springframework/boot/context/FileEncodingApplicationListener
instanceKlass org/springframework/boot/builder/ParentContextCloserApplicationListener
instanceKlass org/springframework/context/ApplicationContextAware
instanceKlass org/springframework/beans/factory/Aware
instanceKlass org/springframework/boot/ClearCachesApplicationListener
instanceKlass org/springframework/boot/devtools/restart/RestartInitializer
instanceKlass org/springframework/boot/devtools/restart/RestartApplicationListener
instanceKlass org/springframework/boot/devtools/logger/DevToolsLogFactory$Listener
instanceKlass org/springframework/cloud/context/restart/RestartListener
instanceKlass org/springframework/cloud/bootstrap/LoggingSystemShutdownListener
instanceKlass org/springframework/cloud/bootstrap/BootstrapApplicationListener
instanceKlass org/springframework/boot/actuate/autoconfigure/tracing/OpenTelemetryEventPublisherBeansApplicationListener
instanceKlass org/springframework/context/event/GenericApplicationListener
instanceKlass org/springframework/context/event/SmartApplicationListener
instanceKlass org/springframework/boot/logging/LogLevel$LogMethod
instanceKlass org/springframework/boot/autoconfigure/logging/ConditionEvaluationReportLoggingListener
instanceKlass org/springframework/boot/autoconfigure/SharedMetadataReaderFactoryContextInitializer
instanceKlass org/springframework/beans/factory/aot/BeanRegistrationExcludeFilter
instanceKlass org/springframework/boot/web/context/ServerPortInfoApplicationContextInitializer
instanceKlass org/springframework/boot/rsocket/context/RSocketPortInfoApplicationContextInitializer
instanceKlass org/springframework/boot/io/ProtocolResolverApplicationContextInitializer
instanceKlass org/springframework/boot/context/ContextIdApplicationContextInitializer
instanceKlass org/springframework/boot/context/ConfigurationWarningsApplicationContextInitializer
instanceKlass org/springframework/beans/factory/config/Scope
instanceKlass org/springframework/boot/devtools/restart/RestartScopeInitializer
instanceKlass org/springframework/context/ApplicationContextInitializer
instanceKlass org/springframework/core/DecoratingProxy
instanceKlass org/springframework/util/ObjectUtils
instanceKlass org/springframework/core/annotation/AbstractMergedAnnotation
instanceKlass java/lang/FunctionalInterface
instanceKlass org/springframework/core/annotation/AnnotationsScanner$1
instanceKlass org/springframework/core/annotation/MergedAnnotationSelectors$FirstDirectlyDeclared
instanceKlass org/springframework/core/annotation/MergedAnnotationSelectors$Nearest
instanceKlass org/springframework/core/annotation/MergedAnnotationSelector
instanceKlass org/springframework/core/annotation/MergedAnnotationSelectors
instanceKlass org/springframework/core/annotation/MergedAnnotation
instanceKlass org/springframework/core/annotation/TypeMappedAnnotations$MergedAnnotationFinder
instanceKlass org/springframework/core/annotation/Order
instanceKlass org/springframework/core/annotation/OrderUtils
instanceKlass org/springframework/core/annotation/AnnotationsScanner
instanceKlass org/springframework/core/annotation/AnnotationsProcessor
instanceKlass org/springframework/core/annotation/TypeMappedAnnotations
instanceKlass org/springframework/core/annotation/MergedAnnotations$Search
instanceKlass org/springframework/core/annotation/AnnotationFilter$2
instanceKlass org/springframework/core/annotation/AnnotationFilter$1
instanceKlass org/springframework/core/annotation/PackagesAnnotationFilter
instanceKlass org/springframework/core/annotation/AnnotationFilter
instanceKlass org/springframework/core/annotation/RepeatableContainers
instanceKlass org/springframework/core/annotation/MergedAnnotations
instanceKlass org/springframework/core/PriorityOrdered
instanceKlass org/springframework/core/Ordered
instanceKlass org/springframework/security/crypto/encrypt/RsaSecretEncryptor
instanceKlass org/springframework/security/crypto/encrypt/RsaKeyHolder
instanceKlass org/springframework/security/crypto/encrypt/TextEncryptor
instanceKlass org/springframework/security/crypto/encrypt/BytesEncryptor
instanceKlass org/springframework/cloud/bootstrap/TextEncryptorConfigBootstrapper
instanceKlass org/springframework/util/ReflectionUtils$FieldFilter
instanceKlass org/springframework/util/ReflectionUtils$MethodFilter
instanceKlass org/springframework/util/ReflectionUtils
instanceKlass org/springframework/core/KotlinDetector
instanceKlass org/springframework/core/io/support/SpringFactoriesLoader$FactoryInstantiator
instanceKlass org/springframework/cloud/bootstrap/RefreshBootstrapRegistryInitializer
instanceKlass org/springframework/core/log/LogMessage
instanceKlass java/util/ImmutableCollections$Access$1
instanceKlass jdk/internal/access/JavaUtilCollectionAccess
instanceKlass java/util/ImmutableCollections$Access
instanceKlass java/util/stream/DistinctOps
instanceKlass java/net/URLEncoder
instanceKlass java/net/URLDecoder
instanceKlass org/springframework/util/MultiValueMap
instanceKlass org/springframework/util/CollectionUtils
instanceKlass org/springframework/util/ResourceUtils
instanceKlass org/springframework/util/PropertiesPersister
instanceKlass org/springframework/core/io/support/PropertiesLoaderUtils
instanceKlass org/springframework/core/io/AbstractResource
instanceKlass jdk/internal/misc/ScopedMemoryAccess$Scope
instanceKlass org/springframework/util/ConcurrentReferenceHashMap$Entry
instanceKlass org/springframework/util/ConcurrentReferenceHashMap$Entries
instanceKlass org/springframework/util/StringUtils
instanceKlass org/springframework/core/io/support/SpringFactoriesLoader$FailureHandler
instanceKlass org/springframework/core/io/Resource
instanceKlass org/springframework/core/io/InputStreamSource
instanceKlass org/springframework/core/io/support/SpringFactoriesLoader
instanceKlass org/springframework/boot/BootstrapRegistryInitializer
instanceKlass org/springframework/web/context/ConfigurableWebApplicationContext
instanceKlass org/springframework/web/context/WebApplicationContext
instanceKlass jakarta/servlet/Servlet
instanceKlass java/util/IdentityHashMap$EntryIterator$Entry
instanceKlass java/util/IdentityHashMap$IdentityHashMapIterator
instanceKlass org/springframework/util/ConcurrentReferenceHashMap$Reference
instanceKlass org/springframework/util/ConcurrentReferenceHashMap$ReferenceManager
instanceKlass org/springframework/util/ConcurrentReferenceHashMap$Task
instanceKlass org/springframework/util/ClassUtils
instanceKlass org/springframework/util/Assert
instanceKlass org/springframework/boot/ApplicationProperties
instanceKlass org/springframework/core/metrics/DefaultApplicationStartup$DefaultStartupStep$DefaultTags
instanceKlass org/springframework/core/metrics/StartupStep$Tags
instanceKlass org/springframework/core/metrics/DefaultApplicationStartup$DefaultStartupStep
instanceKlass org/springframework/core/metrics/StartupStep
instanceKlass org/springframework/core/metrics/DefaultApplicationStartup
instanceKlass org/springframework/core/metrics/ApplicationStartup
instanceKlass org/springframework/context/ConfigurableApplicationContext
instanceKlass org/springframework/context/Lifecycle
instanceKlass org/springframework/boot/DefaultApplicationContextFactory
instanceKlass org/springframework/boot/ApplicationContextFactory
instanceKlass org/springframework/boot/SpringApplicationShutdownHook$ApplicationContextClosedListener
instanceKlass org/springframework/boot/SpringApplicationShutdownHook$Handlers
instanceKlass org/springframework/boot/SpringApplicationShutdownHandlers
instanceKlass org/springframework/boot/SpringApplicationShutdownHook
instanceKlass org/apache/commons/logging/LogAdapter$Slf4jLog
instanceKlass ch/qos/logback/classic/util/LoggerNameUtil
instanceKlass org/slf4j/helpers/Reporter
instanceKlass ch/qos/logback/core/util/StatusPrinter2
instanceKlass ch/qos/logback/core/util/StatusPrinter
instanceKlass ch/qos/logback/core/status/StatusUtil
instanceKlass ch/qos/logback/core/spi/AppenderAttachableImpl
instanceKlass ch/qos/logback/core/pattern/Converter
instanceKlass java/util/concurrent/atomic/AtomicReference
instanceKlass ch/qos/logback/core/util/CachingDateFormatter$CacheTuple
instanceKlass java/time/Period
instanceKlass java/time/chrono/ChronoPeriod
instanceKlass java/time/format/DateTimeFormatterBuilder$TextPrinterParser
instanceKlass java/time/format/DateTimeTextProvider$1
instanceKlass java/time/format/DateTimeTextProvider
instanceKlass java/time/format/DateTimeTextProvider$LocaleStore
instanceKlass java/time/format/DateTimeFormatterBuilder$InstantPrinterParser
instanceKlass java/time/format/DateTimeFormatterBuilder$StringLiteralPrinterParser
instanceKlass java/time/format/DateTimeFormatterBuilder$ZoneIdPrinterParser
instanceKlass java/time/format/DateTimeFormatterBuilder$OffsetIdPrinterParser
instanceKlass java/time/format/DecimalStyle
instanceKlass java/time/format/DateTimeFormatterBuilder$CompositePrinterParser
instanceKlass java/time/chrono/AbstractChronology
instanceKlass java/time/chrono/Chronology
instanceKlass java/time/format/DateTimeFormatterBuilder$CharLiteralPrinterParser
instanceKlass java/time/format/DateTimeFormatterBuilder$NumberPrinterParser
instanceKlass java/time/format/DateTimeFormatterBuilder$DateTimePrinterParser
instanceKlass java/time/temporal/JulianFields
instanceKlass java/time/temporal/IsoFields
instanceKlass java/lang/Character$CharacterCache
instanceKlass java/time/temporal/TemporalQuery
instanceKlass java/time/format/DateTimeFormatterBuilder
instanceKlass java/time/format/DateTimeFormatter
instanceKlass java/time/LocalDate
instanceKlass java/time/chrono/ChronoLocalDate
instanceKlass java/time/zone/ZoneOffsetTransition
instanceKlass java/time/temporal/ValueRange
instanceKlass java/time/temporal/TemporalUnit
instanceKlass java/time/temporal/TemporalField
instanceKlass java/time/LocalTime
instanceKlass java/time/LocalDateTime
instanceKlass java/time/chrono/ChronoLocalDateTime
instanceKlass java/time/temporal/TemporalAdjuster
instanceKlass java/time/temporal/Temporal
instanceKlass java/time/zone/ZoneOffsetTransitionRule
instanceKlass java/time/zone/ZoneRules
instanceKlass java/time/zone/Ser
instanceKlass java/time/zone/ZoneRulesProvider$1
instanceKlass java/time/zone/ZoneRulesProvider
instanceKlass sun/util/calendar/ZoneInfoFile$ZoneOffsetTransitionRule
instanceKlass sun/util/calendar/ZoneInfoFile$1
instanceKlass sun/util/calendar/ZoneInfoFile
instanceKlass java/util/TimeZone
instanceKlass java/time/ZoneId
instanceKlass java/time/temporal/TemporalAccessor
instanceKlass ch/qos/logback/core/util/CachingDateFormatter
instanceKlass ch/qos/logback/core/util/COWArrayList
instanceKlass ch/qos/logback/core/spi/FilterAttachableImpl
instanceKlass ch/qos/logback/core/Appender
instanceKlass ch/qos/logback/core/spi/FilterAttachable
instanceKlass ch/qos/logback/core/encoder/Encoder
instanceKlass ch/qos/logback/core/Layout
instanceKlass ch/qos/logback/core/spi/ContextAwareBase
instanceKlass ch/qos/logback/core/status/StatusListener
instanceKlass ch/qos/logback/core/util/StatusListenerConfigHelper
instanceKlass ch/qos/logback/core/status/StatusBase
instanceKlass ch/qos/logback/core/util/EnvUtil
instanceKlass ch/qos/logback/classic/util/ClassicEnvUtil
instanceKlass ch/qos/logback/core/util/OptionHelper
instanceKlass ch/qos/logback/core/util/Loader
instanceKlass ch/qos/logback/classic/spi/Configurator
instanceKlass ch/qos/logback/core/spi/ContextAwareImpl
instanceKlass ch/qos/logback/classic/util/ContextInitializer$1
instanceKlass ch/qos/logback/core/spi/ContextAware
instanceKlass ch/qos/logback/classic/util/ContextInitializer
instanceKlass org/slf4j/MDC
instanceKlass ch/qos/logback/classic/util/LogbackMDCAdapter
instanceKlass ch/qos/logback/classic/Level
instanceKlass ch/qos/logback/classic/spi/ILoggingEvent
instanceKlass ch/qos/logback/core/spi/DeferredProcessingAware
instanceKlass org/slf4j/spi/LoggingEventBuilder
instanceKlass ch/qos/logback/classic/Logger
instanceKlass ch/qos/logback/core/spi/AppenderAttachable
instanceKlass org/slf4j/spi/LoggingEventAware
instanceKlass ch/qos/logback/classic/spi/LoggerContextVO
instanceKlass ch/qos/logback/core/spi/LogbackLock
instanceKlass ch/qos/logback/core/helpers/CyclicBuffer
instanceKlass ch/qos/logback/core/BasicStatusManager
instanceKlass ch/qos/logback/core/status/Status
instanceKlass ch/qos/logback/core/status/StatusManager
instanceKlass ch/qos/logback/core/ContextBase
instanceKlass ch/qos/logback/core/spi/LifeCycle
instanceKlass ch/qos/logback/core/Context
instanceKlass ch/qos/logback/core/spi/PropertyContainer
instanceKlass ch/qos/logback/classic/spi/LogbackServiceProvider
instanceKlass sun/net/www/MessageHeader
instanceKlass sun/net/www/protocol/jar/JarFileFactory
instanceKlass sun/net/www/protocol/jar/URLJarFile$URLJarFileCloseController
instanceKlass java/net/URLConnection
instanceKlass org/slf4j/helpers/Util
instanceKlass org/slf4j/helpers/NOPMDCAdapter
instanceKlass org/slf4j/helpers/NOPLoggerFactory
instanceKlass org/slf4j/helpers/NOP_FallbackServiceProvider
instanceKlass org/slf4j/helpers/ThreadLocalMapOfStacks
instanceKlass org/slf4j/helpers/BasicMDCAdapter
instanceKlass org/slf4j/Marker
instanceKlass org/slf4j/helpers/BasicMarkerFactory
instanceKlass java/util/concurrent/LinkedBlockingQueue$Node
instanceKlass org/slf4j/helpers/SubstituteLoggerFactory
instanceKlass org/slf4j/ILoggerFactory
instanceKlass org/slf4j/spi/MDCAdapter
instanceKlass org/slf4j/IMarkerFactory
instanceKlass org/slf4j/helpers/SubstituteServiceProvider
instanceKlass org/slf4j/event/LoggingEvent
instanceKlass org/slf4j/spi/SLF4JServiceProvider
instanceKlass org/slf4j/LoggerFactory
instanceKlass org/apache/commons/logging/Log
instanceKlass org/apache/commons/logging/LogAdapter$Slf4jAdapter
instanceKlass org/slf4j/spi/LocationAwareLogger
instanceKlass org/slf4j/Logger
instanceKlass org/apache/logging/log4j/spi/Provider
instanceKlass org/apache/logging/log4j/spi/ExtendedLogger
instanceKlass org/apache/logging/log4j/Logger
instanceKlass org/apache/commons/logging/LogAdapter
instanceKlass org/apache/commons/logging/LogFactory
instanceKlass org/springframework/core/OrderComparator
instanceKlass org/springframework/boot/origin/OriginLookup
instanceKlass org/springframework/core/env/PropertySource
instanceKlass org/springframework/core/convert/support/ConfigurableConversionService
instanceKlass org/springframework/core/convert/converter/ConverterRegistry
instanceKlass org/springframework/core/convert/ConversionService
instanceKlass org/springframework/core/env/ConfigurableEnvironment
instanceKlass org/springframework/core/env/ConfigurablePropertyResolver
instanceKlass org/springframework/core/OrderComparator$OrderSourceProvider
instanceKlass org/springframework/beans/factory/config/ConfigurableBeanFactory
instanceKlass org/springframework/beans/factory/config/SingletonBeanRegistry
instanceKlass org/springframework/context/ApplicationContext
instanceKlass org/springframework/core/io/support/ResourcePatternResolver
instanceKlass org/springframework/context/ApplicationEventPublisher
instanceKlass org/springframework/context/MessageSource
instanceKlass org/springframework/beans/factory/HierarchicalBeanFactory
instanceKlass org/springframework/beans/factory/ListableBeanFactory
instanceKlass org/springframework/beans/factory/BeanFactory
instanceKlass org/springframework/core/env/EnvironmentCapable
instanceKlass org/springframework/context/ApplicationListener
instanceKlass org/springframework/beans/factory/config/BeanFactoryPostProcessor
instanceKlass org/springframework/core/io/ResourceLoader
instanceKlass org/springframework/core/env/Environment
instanceKlass org/springframework/core/env/PropertyResolver
instanceKlass org/springframework/boot/ApplicationArguments
instanceKlass org/springframework/boot/ConfigurableBootstrapContext
instanceKlass org/springframework/boot/BootstrapContext
instanceKlass org/springframework/boot/BootstrapRegistry
instanceKlass org/springframework/boot/SpringApplication
instanceKlass java/util/zip/Checksum$1
instanceKlass java/util/zip/CRC32
instanceKlass java/util/zip/Checksum
instanceKlass com/example/NoteKeepApplication
instanceKlass sun/nio/ByteBuffered
instanceKlass java/lang/Package$VersionInfo
instanceKlass jdk/internal/loader/Resource
instanceKlass sun/nio/cs/ArrayDecoder
instanceKlass sun/launcher/LauncherHelper
instanceKlass sun/management/jmxremote/LocalRMIServerSocketFactory
instanceKlass jdk/internal/vm/VMSupport
instanceKlass jdk/internal/agent/ConnectorAddressLink$PerfHandle
instanceKlass sun/management/counter/Units
instanceKlass jdk/internal/agent/ConnectorAddressLink
instanceKlass java/text/AttributedCharacterIterator$Attribute
instanceKlass java/text/FieldPosition
instanceKlass java/text/Format
instanceKlass java/util/ResourceBundle$3
instanceKlass java/util/ResourceBundle$CacheKeyReference
instanceKlass java/util/ResourceBundle$CacheKey
instanceKlass sun/management/jmxremote/ConnectorBootstrap$JMXConnectorServerData
instanceKlass java/lang/StringUTF16$CharsSpliterator
instanceKlass java/util/stream/Sink$ChainedInt
instanceKlass java/util/OptionalInt
instanceKlass java/util/stream/Sink$OfInt
instanceKlass java/util/function/IntConsumer
instanceKlass java/util/function/IntPredicate
instanceKlass java/util/stream/IntStream
instanceKlass java/lang/StringLatin1$CharsSpliterator
instanceKlass sun/util/resources/Bundles$2
instanceKlass sun/util/resources/Bundles$CacheKeyReference
instanceKlass java/util/ResourceBundle$ResourceBundleProviderHelper
instanceKlass java/util/ArrayList$SubList$1
instanceKlass sun/util/resources/LocaleData$LocaleDataResourceBundleProvider
instanceKlass java/util/spi/ResourceBundleProvider
instanceKlass sun/util/resources/Bundles$CacheKey
instanceKlass java/util/ResourceBundle$1
instanceKlass jdk/internal/access/JavaUtilResourceBundleAccess
instanceKlass sun/util/resources/Bundles
instanceKlass sun/util/resources/LocaleData$LocaleDataStrategy
instanceKlass sun/util/resources/Bundles$Strategy
instanceKlass sun/util/resources/LocaleData$1
instanceKlass java/util/ResourceBundle
instanceKlass java/util/ResourceBundle$Control
instanceKlass sun/util/resources/LocaleData
instanceKlass sun/util/locale/provider/LocaleResources
instanceKlass java/util/Locale$Builder
instanceKlass sun/util/locale/provider/CalendarDataUtility
instanceKlass java/util/StringTokenizer
instanceKlass sun/util/locale/provider/AvailableLanguageTags
instanceKlass java/lang/NamedPackage
instanceKlass sun/util/resources/cldr/provider/CLDRLocaleDataMetaInfo
instanceKlass java/security/SecureClassLoader$DebugHolder
instanceKlass java/security/SecureClassLoader$1
instanceKlass java/security/SecureClassLoader$CodeSourceKey
instanceKlass jdk/internal/module/ModulePatcher$PatchedModuleReader
instanceKlass sun/util/locale/InternalLocaleBuilder$CaseInsensitiveChar
instanceKlass sun/util/locale/InternalLocaleBuilder
instanceKlass sun/util/locale/StringTokenIterator
instanceKlass sun/util/locale/ParseStatus
instanceKlass sun/util/locale/LanguageTag
instanceKlass sun/util/cldr/CLDRBaseLocaleDataMetaInfo
instanceKlass sun/util/locale/provider/LocaleDataMetaInfo
instanceKlass sun/util/locale/provider/ResourceBundleBasedAdapter
instanceKlass sun/util/locale/provider/LocaleProviderAdapter$1
instanceKlass sun/util/locale/provider/LocaleProviderAdapter
instanceKlass java/util/spi/LocaleServiceProvider
instanceKlass java/text/DecimalFormatSymbols
instanceKlass sun/rmi/registry/RegistryImpl_Skel
instanceKlass java/rmi/registry/Registry
instanceKlass java/io/SerialCallbackContext
instanceKlass java/io/ObjectStreamClass$ClassDataSlot
instanceKlass java/io/ObjectStreamClass$FieldReflector
instanceKlass java/io/ObjectStreamClass$FieldReflectorKey
instanceKlass java/io/ObjectInput
instanceKlass java/io/ObjectStreamClass$2
instanceKlass java/io/ClassCache
instanceKlass java/io/ObjectStreamClass$Caches
instanceKlass java/io/ObjectStreamClass
instanceKlass java/io/Bits
instanceKlass java/io/ObjectOutputStream$ReplaceTable
instanceKlass java/io/ObjectOutputStream$HandleTable
instanceKlass java/io/ObjectStreamConstants
instanceKlass java/io/ObjectOutput
instanceKlass sun/nio/ch/NativeThread
instanceKlass java/net/Socket
instanceKlass sun/rmi/server/UnicastServerRef$HashToMethod_Maps$1
instanceKlass sun/rmi/server/WeakClassHashMap$ValueCell
instanceKlass sun/rmi/transport/tcp/TCPTransport$AcceptLoop
instanceKlass sun/rmi/runtime/NewThreadAction$2
instanceKlass sun/rmi/runtime/NewThreadAction$1
instanceKlass sun/rmi/runtime/NewThreadAction
instanceKlass java/util/LinkedList$ListItr
instanceKlass sun/net/NetHooks
instanceKlass jdk/net/ExtendedSocketOptions$PlatformSocketOptions$1
instanceKlass jdk/net/ExtendedSocketOptions$PlatformSocketOptions
instanceKlass jdk/net/ExtendedSocketOptions$ExtSocketOption
instanceKlass java/net/SocketOption
instanceKlass jdk/net/ExtendedSocketOptions
instanceKlass sun/net/ext/ExtendedSocketOptions
instanceKlass sun/nio/ch/Net$1
instanceKlass java/net/ProtocolFamily
instanceKlass sun/nio/ch/Net
instanceKlass java/net/Inet4AddressImpl
instanceKlass java/net/InetSocketAddress$InetSocketAddressHolder
instanceKlass java/net/SocketAddress
instanceKlass sun/nio/ch/NativeDispatcher
instanceKlass sun/net/PlatformSocketImpl
instanceKlass sun/net/NetProperties$1
instanceKlass sun/net/NetProperties
instanceKlass java/net/SocketImpl
instanceKlass java/net/SocketOptions
instanceKlass java/net/ServerSocket
instanceKlass sun/rmi/transport/ObjectEndpoint
instanceKlass sun/rmi/transport/DGCImpl$2$1
instanceKlass java/net/SocketPermissionCollection$1
instanceKlass sun/rmi/transport/DGCImpl_Skel
instanceKlass java/rmi/server/Skeleton
instanceKlass java/rmi/server/Operation
instanceKlass java/io/ObjectInputFilter$FilterInfo
instanceKlass sun/rmi/transport/DGCImpl$2
instanceKlass java/util/concurrent/RunnableScheduledFuture
instanceKlass java/util/concurrent/ScheduledFuture
instanceKlass java/util/concurrent/Delayed
instanceKlass java/util/concurrent/RunnableFuture
instanceKlass java/util/concurrent/Future
instanceKlass sun/rmi/runtime/RuntimeUtil$1
instanceKlass java/util/concurrent/ScheduledExecutorService
instanceKlass sun/rmi/runtime/RuntimeUtil
instanceKlass sun/rmi/runtime/RuntimeUtil$GetInstanceAction
instanceKlass sun/rmi/transport/DGCImpl
instanceKlass java/rmi/dgc/DGC
instanceKlass sun/rmi/transport/ObjectTable
instanceKlass sun/rmi/transport/Target
instanceKlass javax/management/remote/rmi/RMIConnection
instanceKlass java/rmi/server/RemoteObject
instanceKlass java/rmi/server/RMISocketFactory
instanceKlass java/rmi/server/RMIServerSocketFactory
instanceKlass java/rmi/server/RMIClientSocketFactory
instanceKlass java/util/concurrent/locks/AbstractQueuedSynchronizer$ConditionObject
instanceKlass java/util/concurrent/locks/Condition
instanceKlass sun/rmi/transport/tcp/TCPTransport$1
instanceKlass java/util/concurrent/SynchronousQueue$TransferStack$SNode
instanceKlass java/util/concurrent/ForkJoinPool$ManagedBlocker
instanceKlass java/util/concurrent/SynchronousQueue$Transferer
instanceKlass java/util/concurrent/BlockingQueue
instanceKlass java/util/concurrent/ThreadPoolExecutor$AbortPolicy
instanceKlass java/util/concurrent/RejectedExecutionHandler
instanceKlass java/util/concurrent/AbstractExecutorService
instanceKlass java/util/concurrent/ExecutorService
instanceKlass java/security/PermissionCollection
instanceKlass sun/rmi/transport/Transport
instanceKlass sun/rmi/transport/tcp/TCPEndpoint
instanceKlass sun/rmi/transport/Endpoint
instanceKlass sun/security/provider/AbstractDrbg$NonceProvider
instanceKlass sun/nio/fs/BasicFileAttributesHolder
instanceKlass sun/nio/fs/WindowsDirectoryStream$WindowsDirectoryIterator
instanceKlass sun/nio/fs/WindowsDirectoryStream
instanceKlass java/nio/file/DirectoryStream
instanceKlass java/nio/file/Files$AcceptAllFilter
instanceKlass java/nio/file/DirectoryStream$Filter
instanceKlass java/net/NetworkInterface$1
instanceKlass java/net/DefaultInterface
instanceKlass java/net/InterfaceAddress
instanceKlass java/net/NetworkInterface
instanceKlass java/lang/constant/DynamicConstantDesc
instanceKlass java/lang/constant/DirectMethodHandleDesc$1
instanceKlass java/lang/constant/DirectMethodHandleDescImpl$1
instanceKlass java/lang/constant/DirectMethodHandleDescImpl
instanceKlass java/lang/constant/DirectMethodHandleDesc
instanceKlass java/lang/constant/MethodHandleDesc$1
instanceKlass java/lang/constant/MethodHandleDesc
instanceKlass java/lang/constant/MethodTypeDescImpl
instanceKlass java/lang/constant/MethodTypeDesc
instanceKlass java/lang/constant/ReferenceClassDescImpl
instanceKlass java/lang/constant/ConstantUtils
instanceKlass java/lang/constant/ClassDesc
instanceKlass java/lang/constant/ConstantDescs
instanceKlass java/lang/invoke/VarHandle$2
instanceKlass java/lang/invoke/VarHandle$TypesAndInvokers
instanceKlass java/lang/invoke/VarHandleByteArrayBase
instanceKlass sun/security/provider/ByteArrayAccess$BE
instanceKlass sun/security/provider/ByteArrayAccess
instanceKlass sun/security/provider/SeedGenerator$1
instanceKlass sun/security/util/MessageDigestSpi2
instanceKlass sun/security/jca/GetInstance$Instance
instanceKlass sun/security/jca/GetInstance
instanceKlass java/security/MessageDigestSpi
instanceKlass sun/security/provider/SeedGenerator
instanceKlass sun/security/provider/AbstractDrbg$SeederHolder
instanceKlass java/security/DrbgParameters$NextBytes
instanceKlass sun/security/provider/EntropySource
instanceKlass sun/security/provider/AbstractDrbg
instanceKlass java/security/DrbgParameters$Instantiation
instanceKlass java/security/DrbgParameters
instanceKlass sun/security/provider/MoreDrbgParameters
instanceKlass java/security/SecureRandomSpi
instanceKlass jdk/internal/event/Event
instanceKlass sun/security/util/SecurityProviderConstants
instanceKlass java/security/Provider$UString
instanceKlass java/security/Provider$Service
instanceKlass sun/security/provider/NativePRNG$NonBlocking
instanceKlass sun/security/provider/NativePRNG$Blocking
instanceKlass sun/security/provider/NativePRNG
instanceKlass sun/security/provider/SunEntries$1
instanceKlass sun/security/provider/SunEntries
instanceKlass java/util/AbstractList$Itr
instanceKlass sun/security/jca/ProviderList$2
instanceKlass jdk/internal/math/FloatingDecimal$ASCIIToBinaryBuffer
instanceKlass jdk/internal/math/FloatingDecimal$PreparedASCIIToBinaryBuffer
instanceKlass jdk/internal/math/FloatingDecimal$ASCIIToBinaryConverter
instanceKlass jdk/internal/math/FloatingDecimal$BinaryToASCIIBuffer
instanceKlass jdk/internal/math/FloatingDecimal$ExceptionalBinaryToASCIIBuffer
instanceKlass jdk/internal/math/FloatingDecimal$BinaryToASCIIConverter
instanceKlass jdk/internal/math/FloatingDecimal
instanceKlass javax/security/auth/login/Configuration$Parameters
instanceKlass java/security/Policy$Parameters
instanceKlass java/security/cert/CertStoreParameters
instanceKlass java/security/SecureRandomParameters
instanceKlass java/security/Provider$EngineDescription
instanceKlass java/security/Provider$ServiceKey
instanceKlass sun/security/jca/ProviderConfig
instanceKlass sun/security/jca/ProviderList
instanceKlass sun/security/jca/Providers
instanceKlass java/rmi/server/UID
instanceKlass java/rmi/server/ObjID
instanceKlass sun/rmi/transport/LiveRef
instanceKlass sun/rmi/server/WeakClassHashMap
instanceKlass sun/nio/cs/MS1252$Holder
instanceKlass java/util/logging/StreamHandler$1
instanceKlass java/util/logging/Handler$1
instanceKlass java/util/logging/ErrorManager
instanceKlass jdk/internal/logger/SimpleConsoleLogger$Formatting
instanceKlass java/util/logging/Formatter
instanceKlass sun/rmi/runtime/Log$LoggerLog$1
instanceKlass java/util/logging/Logger$SystemLoggerHelper$1
instanceKlass java/util/logging/Logger$SystemLoggerHelper
instanceKlass sun/rmi/runtime/Log$LoggerLogFactory
instanceKlass sun/rmi/runtime/Log$LogFactory
instanceKlass sun/rmi/runtime/Log
instanceKlass sun/rmi/server/Util
instanceKlass sun/rmi/server/UnicastRef
instanceKlass sun/rmi/server/Dispatcher
instanceKlass java/rmi/server/ServerRef
instanceKlass java/rmi/server/RemoteRef
instanceKlass java/io/Externalizable
instanceKlass java/io/ObjectInputFilter$Config$Global
instanceKlass jdk/internal/access/JavaObjectInputFilterAccess
instanceKlass java/io/ObjectInputFilter$Config$BuiltinFilterFactory
instanceKlass java/io/ObjectInputFilter
instanceKlass java/util/concurrent/atomic/AtomicBoolean
instanceKlass java/io/ObjectInputFilter$Config
instanceKlass javax/management/remote/rmi/RMIServerImpl
instanceKlass javax/management/remote/rmi/RMIServer
instanceKlass java/rmi/Remote
instanceKlass com/sun/jmx/remote/protocol/rmi/ServerProvider
instanceKlass javax/management/remote/JMXConnectorFactory$ProviderFinder
instanceKlass java/util/ServiceLoader$ProviderSpliterator
instanceKlass javax/management/remote/JMXConnectorProvider
instanceKlass javax/management/remote/JMXAddressable
instanceKlass javax/management/remote/JMXConnectorServerMBean
instanceKlass javax/management/remote/JMXConnectorFactory$ConnectorFactory
instanceKlass javax/management/remote/JMXConnectorFactory$1
instanceKlass javax/management/remote/JMXConnectorFactory
instanceKlass javax/management/remote/JMXConnectorServerProvider
instanceKlass com/sun/jmx/remote/util/EnvHelp
instanceKlass javax/management/remote/JMXConnectorServerFactory
instanceKlass sun/management/jmxremote/ConnectorBootstrap$PermanentExporter
instanceKlass com/sun/jmx/remote/internal/rmi/RMIExporter
instanceKlass java/net/InetAddress$CachedLocalHost
instanceKlass java/util/concurrent/atomic/Striped64$1
instanceKlass jdk/internal/util/random/RandomSupport
instanceKlass java/util/Random
instanceKlass java/util/random/RandomGenerator
instanceKlass java/lang/invoke/VarHandle$AccessDescriptor
instanceKlass java/net/InetAddress$CachedAddresses
instanceKlass sun/net/InetAddressCachePolicy$2
instanceKlass sun/net/InetAddressCachePolicy$1
instanceKlass sun/net/InetAddressCachePolicy
instanceKlass java/net/Inet6Address$Inet6AddressHolder
instanceKlass java/net/InetAddress$NameServiceAddresses
instanceKlass java/net/InetAddress$Addresses
instanceKlass java/util/concurrent/ConcurrentSkipListMap$Iter
instanceKlass java/net/InetAddress$PlatformNameService
instanceKlass java/net/InetAddress$NameService
instanceKlass java/net/Inet6AddressImpl
instanceKlass java/net/InetAddressImpl
instanceKlass java/net/InetAddressImplFactory
instanceKlass java/util/concurrent/ConcurrentSkipListMap$Node
instanceKlass java/lang/invoke/VarForm
instanceKlass java/lang/invoke/VarHandleGuards
instanceKlass jdk/internal/util/Preconditions$1
instanceKlass java/lang/invoke/VarHandle$1
instanceKlass java/lang/invoke/VarHandles
instanceKlass java/util/concurrent/ConcurrentSkipListMap$Index
instanceKlass java/util/concurrent/ConcurrentNavigableMap
instanceKlass java/net/InetAddress$InetAddressHolder
instanceKlass java/net/InetAddress$1
instanceKlass jdk/internal/access/JavaNetInetAddressAccess
instanceKlass java/net/InetAddress
instanceKlass java/util/BitSet
instanceKlass javax/management/remote/JMXServiceURL
instanceKlass java/time/Duration
instanceKlass java/time/temporal/TemporalAmount
instanceKlass jdk/management/jfr/FlightRecorderMXBeanImpl$MXBeanListener
instanceKlass jdk/jfr/FlightRecorderListener
instanceKlass jdk/jfr/FlightRecorder
instanceKlass jdk/jfr/Recording
instanceKlass javax/management/NotificationFilter
instanceKlass javax/management/NotificationListener
instanceKlass java/util/EventListener
instanceKlass javax/management/StandardMBean$MBeanInfoSafeAction
instanceKlass jdk/jfr/internal/management/StreamManager
instanceKlass jdk/management/jfr/EventTypeInfo
instanceKlass jdk/management/jfr/ConfigurationInfo
instanceKlass jdk/management/jfr/RecordingInfo
instanceKlass sun/reflect/generics/tree/VoidDescriptor
instanceKlass sun/reflect/generics/tree/LongSignature
instanceKlass jdk/management/jfr/SettingDescriptorInfo$1
instanceKlass jdk/management/jfr/SettingDescriptorInfo
instanceKlass sun/management/ManagementFactoryHelper$1
instanceKlass java/lang/management/BufferPoolMXBean
instanceKlass sun/nio/ch/FileChannelImpl$2
instanceKlass sun/nio/ch/FileChannelImpl$1
instanceKlass sun/nio/ch/IOUtil
instanceKlass java/nio/file/attribute/FileAttribute
instanceKlass java/nio/channels/spi/AbstractInterruptibleChannel
instanceKlass java/nio/channels/InterruptibleChannel
instanceKlass java/nio/channels/ScatteringByteChannel
instanceKlass java/nio/channels/GatheringByteChannel
instanceKlass java/nio/channels/SeekableByteChannel
instanceKlass java/nio/channels/ByteChannel
instanceKlass java/nio/channels/WritableByteChannel
instanceKlass java/nio/channels/ReadableByteChannel
instanceKlass java/nio/channels/Channel
instanceKlass jdk/internal/misc/VM$BufferPoolsHolder
instanceKlass com/sun/management/VMOption
instanceKlass com/sun/management/internal/HotSpotDiagnostic
instanceKlass com/sun/management/HotSpotDiagnosticMXBean
instanceKlass com/sun/management/GcInfo
instanceKlass javax/management/openmbean/CompositeDataView
instanceKlass jdk/internal/reflect/ClassDefiner$1
instanceKlass jdk/internal/reflect/ClassDefiner
instanceKlass jdk/internal/reflect/MethodAccessorGenerator$1
instanceKlass jdk/internal/reflect/Label$PatchInfo
instanceKlass jdk/internal/reflect/Label
instanceKlass jdk/internal/reflect/UTF8
instanceKlass jdk/internal/reflect/ClassFileAssembler
instanceKlass jdk/internal/reflect/ByteVectorImpl
instanceKlass jdk/internal/reflect/ByteVector
instanceKlass jdk/internal/reflect/ByteVectorFactory
instanceKlass jdk/internal/reflect/AccessorGenerator
instanceKlass jdk/internal/reflect/ClassFileConstants
instanceKlass java/util/stream/AbstractSpinedBuffer
instanceKlass java/util/stream/Node$Builder
instanceKlass java/util/stream/Node$OfDouble
instanceKlass java/util/stream/Node$OfLong
instanceKlass java/util/stream/Node$OfInt
instanceKlass java/util/stream/Node$OfPrimitive
instanceKlass java/util/stream/Nodes$EmptyNode
instanceKlass java/util/stream/Node
instanceKlass java/util/stream/Nodes
instanceKlass java/util/function/IntFunction
instanceKlass java/lang/StringLatin1$LinesSpliterator
instanceKlass java/util/Formattable
instanceKlass java/util/Formatter$Flags
instanceKlass java/util/Formatter$FormatSpecifier
instanceKlass java/util/Formatter$Conversion
instanceKlass java/util/Formatter$FixedString
instanceKlass java/util/Formatter$FormatString
instanceKlass java/util/regex/Pattern$TreeInfo
instanceKlass java/util/regex/Pattern$BitClass
instanceKlass java/util/regex/CharPredicates
instanceKlass java/util/regex/Pattern$BmpCharPredicate
instanceKlass java/util/regex/Pattern$CharPredicate
instanceKlass java/util/regex/Pattern$Node
instanceKlass java/util/regex/Pattern
instanceKlass java/util/Formatter
instanceKlass com/sun/management/internal/DiagnosticCommandImpl$Wrapper
instanceKlass jdk/jfr/internal/dcmd/AbstractDCmd
instanceKlass com/sun/management/internal/DiagnosticCommandArgumentInfo
instanceKlass com/sun/management/internal/DiagnosticCommandInfo
instanceKlass com/sun/management/internal/DiagnosticCommandImpl$OperationInfoComparator
instanceKlass sun/management/ClassLoadingImpl
instanceKlass java/lang/management/ClassLoadingMXBean
instanceKlass javax/management/MBeanInfo$ArrayGettersSafeAction
instanceKlass javax/management/openmbean/OpenMBeanOperationInfo
instanceKlass java/util/logging/LogManager$4
instanceKlass jdk/internal/logger/BootstrapLogger$BootstrapExecutors
instanceKlass sun/security/util/SecurityConstants
instanceKlass jdk/internal/logger/LoggerFinderLoader
instanceKlass java/util/stream/Streams
instanceKlass java/util/stream/Stream$Builder
instanceKlass java/util/stream/Streams$AbstractStreamBuilderImpl
instanceKlass java/util/Hashtable$Enumerator
instanceKlass java/util/Collections$3
instanceKlass java/util/logging/LogManager$LoggerContext$1
instanceKlass java/util/logging/LogManager$VisitedLoggers
instanceKlass java/util/logging/Logger$ConfigurationData
instanceKlass java/util/logging/Logger$LoggerBundle
instanceKlass java/util/logging/Handler
instanceKlass java/util/logging/LogManager$2
instanceKlass java/util/logging/Logging
instanceKlass java/util/logging/LogManager$LoggingProviderAccess
instanceKlass java/lang/Shutdown$Lock
instanceKlass java/lang/Shutdown
instanceKlass java/lang/ApplicationShutdownHooks$1
instanceKlass java/lang/ApplicationShutdownHooks
instanceKlass java/util/Collections$SynchronizedMap
instanceKlass java/util/logging/LogManager$LogNode
instanceKlass java/util/logging/LogManager$LoggerContext
instanceKlass java/util/logging/LogManager$1
instanceKlass java/util/logging/Level
instanceKlass java/util/logging/LoggingMXBean
instanceKlass java/util/logging/Logger
instanceKlass sun/management/ManagementFactoryHelper$PlatformLoggingImpl
instanceKlass java/lang/management/PlatformLoggingMXBean
instanceKlass sun/management/CompilationImpl
instanceKlass java/lang/management/CompilationMXBean
instanceKlass sun/management/VMManagementImpl$1
instanceKlass java/lang/management/MemoryUsage
instanceKlass sun/management/Sensor
instanceKlass sun/management/MemoryPoolImpl
instanceKlass java/lang/management/MemoryPoolMXBean
instanceKlass java/lang/invoke/LambdaFormEditor$1
instanceKlass sun/management/Util
instanceKlass java/util/ArrayList$ArrayListSpliterator
instanceKlass com/sun/management/GarbageCollectorMXBean
instanceKlass java/lang/management/GarbageCollectorMXBean
instanceKlass java/lang/management/MemoryManagerMXBean
instanceKlass java/lang/management/MemoryMXBean
instanceKlass javax/management/DescriptorKey
instanceKlass java/lang/annotation/Target
instanceKlass java/lang/reflect/Proxy$ProxyBuilder$1
instanceKlass jdk/internal/org/objectweb/asm/Edge
instanceKlass java/lang/reflect/ProxyGenerator$PrimitiveTypeInfo
instanceKlass java/util/StringJoiner
instanceKlass java/lang/reflect/ProxyGenerator$ProxyMethod
instanceKlass jdk/internal/module/Checks
instanceKlass java/lang/module/ModuleDescriptor$Builder
instanceKlass java/lang/reflect/Proxy$ProxyBuilder
instanceKlass java/lang/ClassValue$Version
instanceKlass java/lang/ClassValue$Identity
instanceKlass java/lang/ClassValue
instanceKlass java/lang/reflect/Proxy
instanceKlass sun/reflect/annotation/AnnotationInvocationHandler
instanceKlass java/lang/reflect/InvocationHandler
instanceKlass sun/reflect/annotation/AnnotationParser$1
instanceKlass java/lang/annotation/Documented
instanceKlass java/lang/annotation/Inherited
instanceKlass java/lang/annotation/Retention
instanceKlass sun/reflect/annotation/ExceptionProxy
instanceKlass sun/reflect/annotation/AnnotationType$1
instanceKlass sun/reflect/annotation/AnnotationType
instanceKlass java/lang/Deprecated
instanceKlass sun/management/BaseOperatingSystemImpl
instanceKlass com/sun/management/OperatingSystemMXBean
instanceKlass java/lang/management/OperatingSystemMXBean
instanceKlass com/sun/jmx/mbeanserver/PerInterface$MethodAndSig
instanceKlass java/lang/management/LockInfo
instanceKlass java/lang/management/ThreadInfo
instanceKlass sun/management/ThreadImpl
instanceKlass com/sun/management/ThreadMXBean
instanceKlass java/lang/management/ThreadMXBean
instanceKlass com/sun/jmx/mbeanserver/WeakIdentityHashMap
instanceKlass com/sun/jmx/mbeanserver/MXBeanLookup
instanceKlass com/sun/jmx/mbeanserver/PerInterface$InitMaps
instanceKlass com/sun/jmx/mbeanserver/PerInterface
instanceKlass javax/management/openmbean/OpenMBeanAttributeInfo
instanceKlass javax/management/openmbean/OpenMBeanParameterInfo
instanceKlass com/sun/jmx/mbeanserver/MBeanIntrospector$MBeanInfoMaker
instanceKlass com/sun/jmx/mbeanserver/MBeanAnalyzer$MBeanVisitor
instanceKlass java/lang/invoke/MethodHandles$1
instanceKlass java/lang/Long$LongCache
instanceKlass java/lang/reflect/GenericArrayType
instanceKlass sun/reflect/generics/reflectiveObjects/LazyReflectiveObjectGenerator
instanceKlass sun/reflect/generics/tree/TypeVariableSignature
instanceKlass sun/reflect/generics/tree/ClassSignature
instanceKlass sun/reflect/generics/reflectiveObjects/ParameterizedTypeImpl
instanceKlass java/lang/reflect/ParameterizedType
instanceKlass sun/reflect/generics/visitor/Reifier
instanceKlass sun/reflect/generics/visitor/TypeTreeVisitor
instanceKlass sun/reflect/generics/tree/MethodTypeSignature
instanceKlass sun/reflect/generics/tree/Signature
instanceKlass sun/reflect/generics/tree/ClassTypeSignature
instanceKlass sun/reflect/generics/tree/SimpleClassTypeSignature
instanceKlass sun/reflect/generics/tree/FieldTypeSignature
instanceKlass sun/reflect/generics/tree/TypeArgument
instanceKlass sun/reflect/generics/tree/BaseType
instanceKlass sun/reflect/generics/tree/TypeSignature
instanceKlass sun/reflect/generics/tree/ReturnType
instanceKlass sun/reflect/generics/tree/FormalTypeParameter
instanceKlass sun/reflect/generics/tree/TypeTree
instanceKlass sun/reflect/generics/tree/Tree
instanceKlass sun/reflect/generics/parser/SignatureParser
instanceKlass java/lang/reflect/TypeVariable
instanceKlass sun/reflect/generics/repository/AbstractRepository
instanceKlass sun/reflect/generics/factory/CoreReflectionFactory
instanceKlass sun/reflect/generics/factory/GenericsFactory
instanceKlass sun/reflect/generics/scope/AbstractScope
instanceKlass sun/reflect/generics/scope/Scope
instanceKlass com/sun/jmx/mbeanserver/MBeanAnalyzer$AttrMethods
instanceKlass jdk/internal/reflect/UnsafeFieldAccessorFactory
instanceKlass com/sun/jmx/mbeanserver/MXBeanMapping
instanceKlass javax/management/openmbean/TabularData
instanceKlass javax/management/openmbean/CompositeData
instanceKlass javax/management/openmbean/OpenType
instanceKlass com/sun/jmx/mbeanserver/MXBeanMappingFactory
instanceKlass com/sun/jmx/mbeanserver/ConvertingMethod
instanceKlass java/util/TimSort
instanceKlass com/sun/jmx/mbeanserver/MBeanAnalyzer$MethodOrder
instanceKlass java/util/LinkedHashMap$LinkedHashIterator
instanceKlass java/lang/PublicMethods
instanceKlass com/sun/jmx/mbeanserver/MBeanAnalyzer
instanceKlass com/sun/jmx/mbeanserver/MBeanIntrospector
instanceKlass sun/reflect/misc/ReflectUtil
instanceKlass java/lang/Class$AnnotationData
instanceKlass javax/management/MXBean
instanceKlass com/sun/jmx/mbeanserver/MBeanSupport
instanceKlass com/sun/jmx/mbeanserver/DescriptorCache
instanceKlass javax/management/JMX
instanceKlass javax/management/StandardMBean
instanceKlass java/util/Collections$2
instanceKlass java/util/AbstractMap$SimpleImmutableEntry
instanceKlass sun/management/RuntimeImpl
instanceKlass java/lang/management/RuntimeMXBean
instanceKlass java/util/stream/ForEachOps$ForEachOp
instanceKlass java/util/stream/ForEachOps
instanceKlass java/util/HashMap$HashMapSpliterator
instanceKlass java/util/Collections$1
instanceKlass jdk/management/jfr/internal/FlightRecorderMXBeanProvider$SingleMBeanComponent
instanceKlass jdk/management/jfr/FlightRecorderMXBean
instanceKlass java/lang/management/PlatformManagedObject
instanceKlass java/lang/management/DefaultPlatformMBeanProvider$11
instanceKlass java/lang/management/DefaultPlatformMBeanProvider$10
instanceKlass java/lang/management/DefaultPlatformMBeanProvider$9
instanceKlass java/util/logging/LogManager
instanceKlass sun/management/ManagementFactoryHelper$LoggingMXBeanAccess$1
instanceKlass sun/management/ManagementFactoryHelper$LoggingMXBeanAccess
instanceKlass java/lang/management/DefaultPlatformMBeanProvider$8
instanceKlass java/lang/management/DefaultPlatformMBeanProvider$7
instanceKlass java/lang/management/DefaultPlatformMBeanProvider$6
instanceKlass java/lang/management/DefaultPlatformMBeanProvider$5
instanceKlass java/lang/management/DefaultPlatformMBeanProvider$4
instanceKlass java/lang/management/DefaultPlatformMBeanProvider$3
instanceKlass java/lang/management/DefaultPlatformMBeanProvider$2
instanceKlass java/lang/management/DefaultPlatformMBeanProvider$1
instanceKlass java/util/concurrent/Callable
instanceKlass com/sun/management/internal/PlatformMBeanProviderImpl$5
instanceKlass sun/management/VMManagementImpl
instanceKlass sun/management/VMManagement
instanceKlass sun/management/ManagementFactoryHelper
instanceKlass sun/management/NotificationEmitterSupport
instanceKlass com/sun/management/DiagnosticCommandMBean
instanceKlass com/sun/management/internal/PlatformMBeanProviderImpl$4
instanceKlass com/sun/management/internal/PlatformMBeanProviderImpl$3
instanceKlass com/sun/management/internal/PlatformMBeanProviderImpl$2
instanceKlass com/sun/management/internal/PlatformMBeanProviderImpl$1
instanceKlass sun/management/spi/PlatformMBeanProvider$PlatformComponent
instanceKlass sun/management/spi/PlatformMBeanProvider
instanceKlass java/security/Security$2
instanceKlass jdk/internal/access/JavaSecurityPropertiesAccess
instanceKlass java/security/Security$1
instanceKlass java/security/Security
instanceKlass sun/security/util/SecurityProperties
instanceKlass sun/security/util/FilePermCompat
instanceKlass java/io/FilePermission$1
instanceKlass jdk/internal/access/JavaIOFilePermissionAccess
instanceKlass java/lang/management/ManagementFactory$PlatformMBeanFinder$1
instanceKlass java/lang/management/ManagementFactory$PlatformMBeanFinder
instanceKlass com/sun/jmx/mbeanserver/JmxMBeanServer$3
instanceKlass javax/management/ObjectInstance
instanceKlass sun/util/calendar/CalendarSystem$GregorianHolder
instanceKlass sun/util/calendar/CalendarSystem
instanceKlass java/util/Date
instanceKlass java/util/EventObject
instanceKlass com/sun/jmx/mbeanserver/NamedObject
instanceKlass com/sun/jmx/interceptor/DefaultMBeanServerInterceptor$ResourceContext$1
instanceKlass com/sun/jmx/interceptor/DefaultMBeanServerInterceptor$ResourceContext
instanceKlass com/sun/jmx/mbeanserver/Repository$RegistrationContext
instanceKlass com/sun/jmx/mbeanserver/DynamicMBean2
instanceKlass com/sun/jmx/defaults/JmxProperties
instanceKlass com/sun/jmx/mbeanserver/Introspector
instanceKlass com/sun/jmx/mbeanserver/JmxMBeanServer$2
instanceKlass com/sun/jmx/interceptor/DefaultMBeanServerInterceptor
instanceKlass com/sun/jmx/interceptor/MBeanServerInterceptor
instanceKlass java/util/concurrent/locks/ReentrantReadWriteLock$WriteLock
instanceKlass java/util/concurrent/locks/ReentrantReadWriteLock$ReadLock
instanceKlass java/util/concurrent/locks/ReentrantReadWriteLock
instanceKlass java/util/concurrent/locks/ReadWriteLock
instanceKlass com/sun/jmx/mbeanserver/Repository
instanceKlass com/sun/jmx/mbeanserver/JmxMBeanServer$1
instanceKlass com/sun/jmx/mbeanserver/SecureClassLoaderRepository
instanceKlass com/sun/jmx/mbeanserver/MBeanInstantiator
instanceKlass com/sun/jmx/mbeanserver/ClassLoaderRepositorySupport$LoaderEntry
instanceKlass com/sun/jmx/mbeanserver/ClassLoaderRepositorySupport
instanceKlass com/sun/jmx/mbeanserver/ModifiableClassLoaderRepository
instanceKlass javax/management/loading/ClassLoaderRepository
instanceKlass javax/management/ImmutableDescriptor
instanceKlass javax/management/Descriptor
instanceKlass com/sun/jmx/remote/util/ClassLogger
instanceKlass javax/management/NotificationBroadcasterSupport$1
instanceKlass java/util/concurrent/Executor
instanceKlass javax/management/NotificationBroadcasterSupport
instanceKlass java/util/ComparableTimSort
instanceKlass java/util/Arrays$LegacyMergeSort
instanceKlass javax/management/ObjectName$Property
instanceKlass javax/management/ObjectName
instanceKlass javax/management/QueryExp
instanceKlass com/sun/jmx/mbeanserver/Util
instanceKlass javax/management/MBeanInfo
instanceKlass javax/management/MBeanFeatureInfo
instanceKlass javax/management/DescriptorRead
instanceKlass javax/management/MBeanServerDelegate
instanceKlass javax/management/NotificationEmitter
instanceKlass javax/management/NotificationBroadcaster
instanceKlass javax/management/MBeanServerDelegateMBean
instanceKlass javax/management/MBeanRegistration
instanceKlass javax/management/DynamicMBean
instanceKlass com/sun/jmx/mbeanserver/JmxMBeanServer
instanceKlass com/sun/jmx/mbeanserver/SunJmxMBeanServer
instanceKlass javax/management/MBeanServer
instanceKlass javax/management/MBeanServerConnection
instanceKlass javax/management/MBeanServerBuilder
instanceKlass com/sun/jmx/mbeanserver/GetPropertyAction
instanceKlass javax/management/MBeanServerFactory
instanceKlass jdk/internal/org/objectweb/asm/ClassReader
instanceKlass java/lang/management/ManagementFactory
instanceKlass sun/util/logging/PlatformLogger
instanceKlass sun/util/logging/PlatformLogger$ConfigurableBridge$LoggerConfiguration
instanceKlass jdk/internal/logger/BootstrapLogger$RedirectedLoggers
instanceKlass jdk/internal/logger/LazyLoggers$LazyLoggerAccessor
instanceKlass jdk/internal/logger/LazyLoggers$LoggerAccessor
instanceKlass jdk/internal/logger/AbstractLoggerWrapper
instanceKlass java/util/ServiceLoader$ProviderImpl
instanceKlass java/util/ServiceLoader$Provider
instanceKlass java/util/ServiceLoader$1
instanceKlass sun/util/logging/internal/LoggingProviderImpl$LogManagerAccess
instanceKlass java/util/concurrent/CopyOnWriteArrayList$COWIterator
instanceKlass java/util/jar/Attributes$Name
instanceKlass java/util/jar/Attributes
instanceKlass java/util/TreeMap$PrivateEntryIterator
instanceKlass java/util/TreeMap$Entry
instanceKlass java/util/NavigableMap
instanceKlass java/util/SortedMap
instanceKlass java/util/NavigableSet
instanceKlass java/util/SortedSet
instanceKlass java/util/zip/ZipFile$ZipEntryIterator
instanceKlass java/util/LinkedList$Node
instanceKlass java/nio/charset/CoderResult
instanceKlass java/nio/charset/CharsetDecoder
instanceKlass java/io/Reader
instanceKlass java/lang/Readable
instanceKlass sun/security/action/GetIntegerAction
instanceKlass sun/security/util/Debug
instanceKlass sun/security/util/SignatureFileVerifier
instanceKlass java/util/zip/ZipFile$InflaterCleanupAction
instanceKlass java/util/zip/Inflater$InflaterZStreamRef
instanceKlass java/util/zip/Inflater
instanceKlass java/util/zip/ZipEntry
instanceKlass java/lang/StringCoding
instanceKlass jdk/internal/util/jar/JarIndex
instanceKlass jdk/internal/perf/PerfCounter$CoreCounters
instanceKlass jdk/internal/perf/Perf
instanceKlass jdk/internal/perf/Perf$GetPerfAction
instanceKlass jdk/internal/perf/PerfCounter
instanceKlass java/nio/file/attribute/FileTime
instanceKlass java/util/zip/ZipUtils
instanceKlass java/util/zip/ZipFile$Source$End
instanceKlass java/io/RandomAccessFile$2
instanceKlass jdk/internal/access/JavaIORandomAccessFileAccess
instanceKlass java/io/RandomAccessFile
instanceKlass java/io/DataInput
instanceKlass java/io/DataOutput
instanceKlass sun/nio/fs/WindowsNativeDispatcher$CompletionStatus
instanceKlass sun/nio/fs/WindowsNativeDispatcher$AclInformation
instanceKlass sun/nio/fs/WindowsNativeDispatcher$Account
instanceKlass sun/nio/fs/WindowsNativeDispatcher$DiskFreeSpace
instanceKlass sun/nio/fs/WindowsNativeDispatcher$VolumeInformation
instanceKlass sun/nio/fs/WindowsNativeDispatcher$FirstStream
instanceKlass sun/nio/fs/WindowsNativeDispatcher$FirstFile
instanceKlass sun/nio/fs/WindowsNativeDispatcher
instanceKlass sun/nio/fs/NativeBuffer$Deallocator
instanceKlass sun/nio/fs/NativeBuffer
instanceKlass java/lang/ThreadLocal$ThreadLocalMap
instanceKlass sun/nio/fs/NativeBuffers
instanceKlass sun/nio/fs/WindowsFileAttributes
instanceKlass java/nio/file/attribute/DosFileAttributes
instanceKlass sun/nio/fs/AbstractBasicFileAttributeView
instanceKlass sun/nio/fs/DynamicFileAttributeView
instanceKlass sun/nio/fs/WindowsFileAttributeViews
instanceKlass sun/nio/fs/Util
instanceKlass java/nio/file/attribute/BasicFileAttributeView
instanceKlass java/nio/file/attribute/FileAttributeView
instanceKlass java/nio/file/attribute/AttributeView
instanceKlass java/nio/file/Files
instanceKlass java/nio/file/CopyOption
instanceKlass java/nio/file/attribute/BasicFileAttributes
instanceKlass java/util/zip/ZipFile$Source$Key
instanceKlass java/util/zip/ZipFile$Source
instanceKlass java/util/zip/ZipCoder
instanceKlass java/util/zip/ZipFile$CleanableResource
instanceKlass java/lang/Runtime$Version
instanceKlass java/util/jar/JavaUtilJarAccessImpl
instanceKlass jdk/internal/access/JavaUtilJarAccess
instanceKlass jdk/internal/loader/FileURLMapper
instanceKlass jdk/internal/loader/URLClassPath$JarLoader$1
instanceKlass java/util/zip/ZipFile$1
instanceKlass jdk/internal/access/JavaUtilZipFileAccess
instanceKlass java/util/zip/ZipFile
instanceKlass java/util/zip/ZipConstants
instanceKlass jdk/internal/loader/URLClassPath$Loader
instanceKlass jdk/internal/loader/URLClassPath$3
instanceKlass sun/util/locale/LocaleObjectCache
instanceKlass sun/util/locale/BaseLocale$Key
instanceKlass sun/util/locale/LocaleUtils
instanceKlass sun/util/locale/BaseLocale
instanceKlass java/util/Locale
instanceKlass sun/net/util/URLUtil
instanceKlass jdk/internal/loader/URLClassPath$1
instanceKlass java/lang/CompoundEnumeration
instanceKlass jdk/internal/loader/BuiltinClassLoader$1
instanceKlass java/util/Collections$EmptyEnumeration
instanceKlass java/util/Collections$EmptyIterator
instanceKlass jdk/internal/jimage/ImageLocation
instanceKlass jdk/internal/jimage/decompressor/Decompressor
instanceKlass jdk/internal/jimage/ImageStringsReader
instanceKlass jdk/internal/jimage/ImageStrings
instanceKlass jdk/internal/jimage/ImageHeader
instanceKlass java/nio/Bits$1
instanceKlass jdk/internal/misc/VM$BufferPool
instanceKlass java/nio/Bits
instanceKlass sun/nio/ch/DirectBuffer
instanceKlass jdk/internal/loader/NativeLibraries$NativeLibraryImpl
instanceKlass jdk/internal/loader/NativeLibrary
instanceKlass java/util/ArrayDeque$DeqIterator
instanceKlass jdk/internal/loader/NativeLibraries$1
instanceKlass jdk/internal/loader/NativeLibraries$LibraryPaths
instanceKlass jdk/internal/jimage/NativeImageBuffer$1
instanceKlass jdk/internal/jimage/NativeImageBuffer
instanceKlass jdk/internal/jimage/BasicImageReader$1
instanceKlass jdk/internal/jimage/BasicImageReader
instanceKlass jdk/internal/jimage/ImageReader
instanceKlass jdk/internal/jimage/ImageReaderFactory$1
instanceKlass sun/nio/fs/WindowsPath
instanceKlass java/net/URI$Parser
instanceKlass sun/nio/fs/WindowsPathParser$Result
instanceKlass sun/nio/fs/WindowsPathParser
instanceKlass java/util/Arrays$ArrayItr
instanceKlass java/nio/file/FileSystem
instanceKlass java/nio/file/OpenOption
instanceKlass java/nio/file/spi/FileSystemProvider
instanceKlass sun/nio/fs/DefaultFileSystemProvider
instanceKlass java/nio/file/FileSystems$DefaultFileSystemHolder$1
instanceKlass java/nio/file/FileSystems$DefaultFileSystemHolder
instanceKlass java/nio/file/FileSystems
instanceKlass java/nio/file/Paths
instanceKlass jdk/internal/jimage/ImageReaderFactory
instanceKlass jdk/internal/module/SystemModuleFinders$SystemImage
instanceKlass jdk/internal/module/SystemModuleFinders$SystemModuleReader
instanceKlass java/lang/module/ModuleReader
instanceKlass jdk/internal/loader/BuiltinClassLoader$5
instanceKlass jdk/internal/loader/BuiltinClassLoader$2
instanceKlass java/security/PrivilegedExceptionAction
instanceKlass jdk/internal/module/Resources
instanceKlass java/util/Enumeration
instanceKlass java/util/ServiceLoader$3
instanceKlass java/util/ServiceLoader$2
instanceKlass java/util/ServiceLoader$LazyClassPathLookupIterator
instanceKlass java/util/Spliterators$1Adapter
instanceKlass java/util/Spliterators$ArraySpliterator
instanceKlass java/util/ServiceLoader$ModuleServicesLookupIterator
instanceKlass java/util/ServiceLoader
instanceKlass jdk/internal/logger/BootstrapLogger$DetectBackend$1
instanceKlass jdk/internal/logger/BootstrapLogger$DetectBackend
instanceKlass jdk/internal/logger/BootstrapLogger
instanceKlass sun/util/logging/PlatformLogger$ConfigurableBridge
instanceKlass sun/util/logging/PlatformLogger$Bridge
instanceKlass java/lang/System$Logger
instanceKlass jdk/internal/logger/DefaultLoggerFinder$1
instanceKlass java/lang/System$LoggerFinder
instanceKlass jdk/internal/logger/LazyLoggers$LazyLoggerFactories
instanceKlass jdk/internal/logger/LazyLoggers$1
instanceKlass jdk/internal/logger/LazyLoggers
instanceKlass sun/management/jmxremote/ConnectorBootstrap
instanceKlass java/util/concurrent/ConcurrentHashMap$MapEntry
instanceKlass java/util/concurrent/ConcurrentHashMap$Traverser
instanceKlass java/util/Collections$SynchronizedCollection
instanceKlass java/util/concurrent/ConcurrentHashMap$CollectionView
instanceKlass java/util/Properties$EntrySet
instanceKlass java/io/FileInputStream$1
instanceKlass java/util/Properties$LineReader
instanceKlass jdk/internal/agent/Agent
instanceKlass java/lang/invoke/StringConcatFactory$3
instanceKlass java/lang/invoke/StringConcatFactory$2
instanceKlass java/lang/invoke/StringConcatFactory$1
instanceKlass java/lang/invoke/StringConcatFactory
instanceKlass jdk/internal/module/ModuleBootstrap$SafeModuleFinder
instanceKlass java/lang/ModuleLayer$Controller
instanceKlass java/util/concurrent/CopyOnWriteArrayList
instanceKlass jdk/internal/module/ServicesCatalog$ServiceProvider
instanceKlass jdk/internal/loader/AbstractClassLoaderValue$Memoizer
instanceKlass jdk/internal/module/ModuleLoaderMap$Modules
instanceKlass jdk/internal/module/ModuleLoaderMap$Mapper
instanceKlass jdk/internal/module/ModuleLoaderMap
instanceKlass java/lang/module/ResolvedModule
instanceKlass java/util/Collections$UnmodifiableCollection$1
instanceKlass java/lang/ModuleLayer
instanceKlass java/util/ImmutableCollections$ListItr
instanceKlass java/util/ListIterator
instanceKlass java/lang/module/ModuleFinder$1
instanceKlass java/nio/file/Path
instanceKlass java/nio/file/Watchable
instanceKlass java/lang/module/Resolver
instanceKlass java/lang/module/Configuration
instanceKlass java/util/stream/FindOps$FindOp
instanceKlass java/util/stream/FindOps$FindSink
instanceKlass java/util/stream/FindOps
instanceKlass java/util/stream/Sink$ChainedReference
instanceKlass java/util/stream/ReduceOps$AccumulatingSink
instanceKlass java/util/stream/TerminalSink
instanceKlass java/util/stream/Sink
instanceKlass java/util/function/Consumer
instanceKlass java/util/stream/ReduceOps$Box
instanceKlass java/util/stream/ReduceOps$ReduceOp
instanceKlass java/util/stream/TerminalOp
instanceKlass java/util/stream/ReduceOps
instanceKlass java/util/function/BinaryOperator
instanceKlass java/util/function/BiFunction
instanceKlass java/util/function/BiConsumer
instanceKlass java/util/stream/Collectors$CollectorImpl
instanceKlass java/util/stream/Collector
instanceKlass java/util/Collections$UnmodifiableCollection
instanceKlass java/util/stream/Collectors
instanceKlass java/lang/ref/Cleaner$Cleanable
instanceKlass jdk/internal/ref/CleanerImpl
instanceKlass java/lang/ref/Cleaner$1
instanceKlass java/lang/ref/Cleaner
instanceKlass jdk/internal/ref/CleanerFactory$1
instanceKlass java/util/concurrent/ThreadFactory
instanceKlass jdk/internal/ref/CleanerFactory
instanceKlass java/lang/invoke/MethodHandles$Lookup$ClassDefiner
instanceKlass java/lang/invoke/MethodHandles$Lookup$ClassFile
instanceKlass jdk/internal/org/objectweb/asm/Handler
instanceKlass jdk/internal/org/objectweb/asm/Attribute
instanceKlass jdk/internal/org/objectweb/asm/FieldVisitor
instanceKlass java/util/ArrayList$Itr
instanceKlass java/lang/invoke/InvokerBytecodeGenerator$ClassData
instanceKlass jdk/internal/org/objectweb/asm/AnnotationVisitor
instanceKlass jdk/internal/org/objectweb/asm/Frame
instanceKlass jdk/internal/org/objectweb/asm/Label
instanceKlass jdk/internal/org/objectweb/asm/MethodVisitor
instanceKlass java/lang/invoke/LambdaFormBuffer
instanceKlass java/lang/invoke/LambdaFormEditor$TransformKey
instanceKlass java/lang/invoke/LambdaFormEditor
instanceKlass sun/invoke/util/Wrapper$1
instanceKlass java/lang/invoke/DelegatingMethodHandle$Holder
instanceKlass java/lang/invoke/DirectMethodHandle$2
instanceKlass sun/invoke/empty/Empty
instanceKlass sun/invoke/util/VerifyType
instanceKlass java/lang/invoke/ClassSpecializer$Factory
instanceKlass java/lang/invoke/ClassSpecializer$SpeciesData
instanceKlass java/lang/invoke/ClassSpecializer$1
instanceKlass java/util/function/Function
instanceKlass java/lang/invoke/ClassSpecializer
instanceKlass java/lang/invoke/InnerClassLambdaMetafactory$1
instanceKlass java/lang/invoke/LambdaProxyClassArchive
instanceKlass jdk/internal/org/objectweb/asm/ByteVector
instanceKlass jdk/internal/org/objectweb/asm/Symbol
instanceKlass jdk/internal/org/objectweb/asm/SymbolTable
instanceKlass jdk/internal/org/objectweb/asm/ClassVisitor
instanceKlass java/lang/invoke/InfoFromMemberName
instanceKlass java/lang/invoke/MethodHandleInfo
instanceKlass jdk/internal/org/objectweb/asm/ConstantDynamic
instanceKlass sun/invoke/util/BytecodeDescriptor
instanceKlass jdk/internal/org/objectweb/asm/Handle
instanceKlass sun/security/action/GetBooleanAction
instanceKlass jdk/internal/org/objectweb/asm/Type
instanceKlass java/lang/invoke/AbstractValidatingLambdaMetafactory
instanceKlass java/lang/invoke/MethodHandleImpl$1
instanceKlass jdk/internal/access/JavaLangInvokeAccess
instanceKlass java/lang/invoke/Invokers$Holder
instanceKlass java/lang/invoke/BootstrapMethodInvoker
instanceKlass java/util/function/Predicate
instanceKlass java/lang/WeakPairMap$Pair$Lookup
instanceKlass java/lang/WeakPairMap$Pair
instanceKlass java/lang/WeakPairMap
instanceKlass java/lang/Module$ReflectionData
instanceKlass java/lang/invoke/InvokerBytecodeGenerator$2
instanceKlass java/lang/invoke/InvokerBytecodeGenerator
instanceKlass java/lang/invoke/LambdaForm$Holder
instanceKlass java/lang/invoke/LambdaForm$Name
instanceKlass java/lang/reflect/Array
instanceKlass java/lang/invoke/Invokers
instanceKlass java/lang/invoke/MethodHandleImpl
instanceKlass sun/invoke/util/ValueConversions
instanceKlass java/lang/invoke/DirectMethodHandle$Holder
instanceKlass java/lang/invoke/LambdaForm$NamedFunction
instanceKlass sun/invoke/util/Wrapper$Format
instanceKlass java/lang/invoke/MethodTypeForm
instanceKlass java/lang/Void
instanceKlass java/lang/invoke/MethodType$ConcurrentWeakInternSet
instanceKlass java/lang/invoke/LambdaMetafactory
instanceKlass sun/reflect/annotation/AnnotationParser
instanceKlass java/lang/Class$3
instanceKlass java/lang/PublicMethods$Key
instanceKlass java/lang/PublicMethods$MethodList
instanceKlass java/util/EnumMap$1
instanceKlass java/util/stream/StreamOpFlag$MaskBuilder
instanceKlass java/util/stream/Stream
instanceKlass java/util/stream/BaseStream
instanceKlass java/util/stream/PipelineHelper
instanceKlass java/util/stream/StreamSupport
instanceKlass java/util/Spliterators$IteratorSpliterator
instanceKlass java/util/Spliterator$OfDouble
instanceKlass java/util/Spliterator$OfLong
instanceKlass java/util/Spliterator$OfInt
instanceKlass java/util/Spliterator$OfPrimitive
instanceKlass java/util/Spliterator
instanceKlass java/util/Spliterators$EmptySpliterator
instanceKlass java/util/Spliterators
instanceKlass jdk/internal/module/DefaultRoots
instanceKlass jdk/internal/loader/BuiltinClassLoader$LoadedModule
instanceKlass jdk/internal/loader/AbstractClassLoaderValue
instanceKlass jdk/internal/module/ServicesCatalog
instanceKlass jdk/internal/util/Preconditions
instanceKlass sun/net/util/IPAddressUtil
instanceKlass java/net/URLStreamHandler
instanceKlass java/util/HexFormat
instanceKlass sun/net/www/ParseUtil
instanceKlass java/net/URL$3
instanceKlass jdk/internal/access/JavaNetURLAccess
instanceKlass java/net/URL$DefaultFactory
instanceKlass java/net/URLStreamHandlerFactory
instanceKlass jdk/internal/loader/URLClassPath
instanceKlass java/security/Principal
instanceKlass java/security/ProtectionDomain$Key
instanceKlass java/security/ProtectionDomain$JavaSecurityAccessImpl
instanceKlass jdk/internal/access/JavaSecurityAccess
instanceKlass java/lang/ClassLoader$ParallelLoaders
instanceKlass java/security/cert/Certificate
instanceKlass jdk/internal/loader/ArchivedClassLoaders
instanceKlass java/util/Deque
instanceKlass java/util/Queue
instanceKlass jdk/internal/loader/ClassLoaderHelper
instanceKlass jdk/internal/loader/NativeLibraries
instanceKlass jdk/internal/loader/BootLoader
instanceKlass java/util/Optional
instanceKlass jdk/internal/module/SystemModuleFinders$SystemModuleFinder
instanceKlass java/lang/module/ModuleFinder
instanceKlass jdk/internal/module/SystemModuleFinders$3
instanceKlass jdk/internal/module/ModuleHashes$HashSupplier
instanceKlass jdk/internal/module/SystemModuleFinders$2
instanceKlass java/util/function/Supplier
instanceKlass java/lang/module/ModuleReference
instanceKlass jdk/internal/module/ModuleResolution
instanceKlass java/util/Collections$UnmodifiableMap
instanceKlass jdk/internal/module/ModuleHashes$Builder
instanceKlass jdk/internal/module/ModuleHashes
instanceKlass jdk/internal/module/ModuleTarget
instanceKlass java/util/ImmutableCollections$Set12$1
instanceKlass java/lang/Enum
instanceKlass java/lang/module/ModuleDescriptor$Version
instanceKlass java/lang/module/ModuleDescriptor$Provides
instanceKlass java/lang/module/ModuleDescriptor$Opens
instanceKlass java/util/ImmutableCollections$SetN$SetNIterator
instanceKlass java/lang/module/ModuleDescriptor$Exports
instanceKlass java/lang/module/ModuleDescriptor$Requires
instanceKlass jdk/internal/module/Builder
instanceKlass jdk/internal/module/SystemModules$all
instanceKlass jdk/internal/module/SystemModules
instanceKlass jdk/internal/module/SystemModulesMap
instanceKlass java/net/URI$1
instanceKlass jdk/internal/access/JavaNetUriAccess
instanceKlass java/net/URI
instanceKlass jdk/internal/module/SystemModuleFinders
instanceKlass jdk/internal/module/ArchivedModuleGraph
instanceKlass jdk/internal/module/ArchivedBootLayer
instanceKlass jdk/internal/module/ModuleBootstrap$Counters
instanceKlass jdk/internal/module/ModulePatcher
instanceKlass java/io/FileSystem
instanceKlass java/io/DefaultFileSystem
instanceKlass java/io/File
instanceKlass java/lang/module/ModuleDescriptor$1
instanceKlass jdk/internal/access/JavaLangModuleAccess
instanceKlass sun/invoke/util/VerifyAccess
instanceKlass java/lang/module/ModuleDescriptor
instanceKlass jdk/internal/module/ModuleBootstrap
instanceKlass sun/security/action/GetPropertyAction
instanceKlass java/lang/invoke/MethodHandleStatics
instanceKlass java/util/Collections
instanceKlass sun/io/Win32ErrorMode
instanceKlass jdk/internal/misc/OSEnvironment
instanceKlass jdk/internal/misc/Signal$NativeHandler
instanceKlass java/util/Hashtable$Entry
instanceKlass jdk/internal/misc/Signal
instanceKlass java/lang/Terminator$1
instanceKlass jdk/internal/misc/Signal$Handler
instanceKlass java/lang/Terminator
instanceKlass java/nio/ByteOrder
instanceKlass java/nio/Buffer$1
instanceKlass jdk/internal/access/JavaNioAccess
instanceKlass jdk/internal/misc/ScopedMemoryAccess
instanceKlass java/nio/charset/CodingErrorAction
instanceKlass sun/nio/cs/SingleByte
instanceKlass java/lang/StringUTF16
instanceKlass sun/nio/cs/IBM437$Holder
instanceKlass sun/nio/cs/ArrayEncoder
instanceKlass java/nio/charset/CharsetEncoder
instanceKlass java/io/Writer
instanceKlass java/lang/reflect/Modifier
instanceKlass java/lang/Class$1
instanceKlass java/lang/Class$Atomic
instanceKlass java/lang/Class$ReflectionData
instanceKlass jdk/internal/util/ArraysSupport
instanceKlass java/nio/charset/StandardCharsets
instanceKlass sun/nio/cs/HistoricallyNamedCharset
instanceKlass java/lang/ThreadLocal
instanceKlass java/nio/charset/spi/CharsetProvider
instanceKlass java/nio/charset/Charset
instanceKlass java/io/OutputStream
instanceKlass java/io/Flushable
instanceKlass java/io/FileDescriptor$1
instanceKlass jdk/internal/access/JavaIOFileDescriptorAccess
instanceKlass java/io/FileDescriptor
instanceKlass jdk/internal/util/StaticProperty
instanceKlass java/util/HashMap$HashIterator
instanceKlass java/lang/Integer$IntegerCache
instanceKlass java/lang/CharacterData
instanceKlass java/util/Arrays
instanceKlass java/lang/VersionProps
instanceKlass java/lang/StringConcatHelper
instanceKlass jdk/internal/misc/VM
instanceKlass jdk/internal/util/SystemProps$Raw
instanceKlass jdk/internal/util/SystemProps
instanceKlass java/lang/System$2
instanceKlass jdk/internal/access/JavaLangAccess
instanceKlass java/lang/ref/Reference$1
instanceKlass jdk/internal/access/JavaLangRefAccess
instanceKlass java/lang/ref/ReferenceQueue$Lock
instanceKlass java/lang/ref/ReferenceQueue
instanceKlass jdk/internal/reflect/ReflectionFactory
instanceKlass jdk/internal/reflect/ReflectionFactory$GetReflectionFactoryAction
instanceKlass java/security/PrivilegedAction
instanceKlass java/util/concurrent/locks/LockSupport
instanceKlass java/util/concurrent/ConcurrentHashMap$Node
instanceKlass java/util/concurrent/ConcurrentHashMap$CounterCell
instanceKlass java/util/concurrent/locks/ReentrantLock
instanceKlass java/util/concurrent/locks/Lock
instanceKlass java/lang/Runtime
instanceKlass java/util/HashMap$Node
instanceKlass java/util/KeyValueHolder
instanceKlass java/util/Map$Entry
instanceKlass java/util/ImmutableCollections$MapN$MapNIterator
instanceKlass java/lang/Math
instanceKlass jdk/internal/reflect/Reflection
instanceKlass java/lang/invoke/MethodHandles$Lookup
instanceKlass java/lang/StringLatin1
instanceKlass java/security/Permission
instanceKlass java/security/Guard
instanceKlass java/lang/invoke/MemberName$Factory
instanceKlass java/lang/invoke/MethodHandles
instanceKlass jdk/internal/access/SharedSecrets
instanceKlass java/lang/reflect/ReflectAccess
instanceKlass jdk/internal/access/JavaLangReflectAccess
instanceKlass java/util/ImmutableCollections
instanceKlass java/util/Objects
instanceKlass java/util/Set
instanceKlass jdk/internal/misc/CDS
instanceKlass java/lang/Module$ArchivedData
instanceKlass java/lang/String$CaseInsensitiveComparator
instanceKlass java/util/Comparator
instanceKlass java/io/ObjectStreamField
instanceKlass jdk/internal/vm/vector/VectorSupport$VectorPayload
instanceKlass jdk/internal/vm/vector/VectorSupport
instanceKlass java/lang/reflect/RecordComponent
instanceKlass java/util/Iterator
instanceKlass java/lang/Number
instanceKlass java/lang/Character
instanceKlass java/lang/Boolean
instanceKlass java/util/concurrent/locks/AbstractOwnableSynchronizer
instanceKlass java/lang/LiveStackFrame
instanceKlass java/lang/StackFrameInfo
instanceKlass java/lang/StackWalker$StackFrame
instanceKlass java/lang/StackStreamFactory$AbstractStackWalker
instanceKlass java/lang/StackWalker
instanceKlass java/nio/Buffer
instanceKlass java/lang/StackTraceElement
instanceKlass java/util/RandomAccess
instanceKlass java/util/List
instanceKlass java/util/AbstractCollection
instanceKlass java/util/Collection
instanceKlass java/lang/Iterable
instanceKlass java/util/concurrent/ConcurrentMap
instanceKlass java/util/AbstractMap
instanceKlass java/security/CodeSource
instanceKlass jdk/internal/loader/ClassLoaders
instanceKlass java/util/jar/Manifest
instanceKlass java/net/URL
instanceKlass java/io/InputStream
instanceKlass java/io/Closeable
instanceKlass java/lang/AutoCloseable
instanceKlass jdk/internal/module/Modules
instanceKlass jdk/internal/misc/Unsafe
instanceKlass jdk/internal/misc/UnsafeConstants
instanceKlass java/lang/AbstractStringBuilder
instanceKlass java/lang/Appendable
instanceKlass java/lang/AssertionStatusDirectives
instanceKlass java/lang/invoke/MethodHandleNatives$CallSiteContext
instanceKlass jdk/internal/invoke/NativeEntryPoint
instanceKlass java/lang/invoke/CallSite
instanceKlass java/lang/invoke/MethodType
instanceKlass java/lang/invoke/TypeDescriptor$OfMethod
instanceKlass java/lang/invoke/LambdaForm
instanceKlass java/lang/invoke/MethodHandleNatives
instanceKlass java/lang/invoke/ResolvedMethodName
instanceKlass java/lang/invoke/MemberName
instanceKlass java/lang/invoke/VarHandle
instanceKlass java/lang/invoke/MethodHandle
instanceKlass jdk/internal/reflect/CallerSensitive
instanceKlass java/lang/annotation/Annotation
instanceKlass jdk/internal/reflect/FieldAccessor
instanceKlass jdk/internal/reflect/ConstantPool
instanceKlass jdk/internal/reflect/ConstructorAccessor
instanceKlass jdk/internal/reflect/MethodAccessor
instanceKlass jdk/internal/reflect/MagicAccessorImpl
instanceKlass java/lang/reflect/Parameter
instanceKlass java/lang/reflect/Member
instanceKlass java/lang/reflect/AccessibleObject
instanceKlass java/lang/Module
instanceKlass java/util/Map
instanceKlass java/util/Dictionary
instanceKlass java/lang/ThreadGroup
instanceKlass java/lang/Thread$UncaughtExceptionHandler
instanceKlass java/lang/Thread
instanceKlass java/lang/Runnable
instanceKlass java/lang/ref/Reference
instanceKlass java/lang/Record
instanceKlass java/security/AccessController
instanceKlass java/security/AccessControlContext
instanceKlass java/security/ProtectionDomain
instanceKlass java/lang/SecurityManager
instanceKlass java/lang/Throwable
instanceKlass java/lang/System
instanceKlass java/lang/ClassLoader
instanceKlass java/lang/Cloneable
instanceKlass java/lang/Class
instanceKlass java/lang/invoke/TypeDescriptor$OfField
instanceKlass java/lang/invoke/TypeDescriptor
instanceKlass java/lang/reflect/Type
instanceKlass java/lang/reflect/GenericDeclaration
instanceKlass java/lang/reflect/AnnotatedElement
instanceKlass java/lang/String
instanceKlass java/lang/constant/ConstantDesc
instanceKlass java/lang/constant/Constable
instanceKlass java/lang/CharSequence
instanceKlass java/lang/Comparable
instanceKlass java/io/Serializable
ciInstanceKlass java/lang/Object 1 1 92 7 1 10 12 1 1 10 7 12 1 1 1 10 7 12 1 1 1 10 12 1 1 8 1 10 12 1 1 10 7 12 1 1 1 10 12 1 10 12 1 1 100 1 8 1 10 12 1 3 8 1 100 1 5 0 1 1 1 1 1 1 1 1 1 1 1 1 1 1 1 1 7 1 1 1 7 1 1 1 1 1 1 1 7 1 1 1 1 1 1 1
ciMethod java/lang/Object equals (Ljava/lang/Object;)Z 1024 0 20879 0 -1
ciMethod java/lang/Object hashCode ()I 256 0 128 0 -1
ciMethod java/lang/Object clone ()Ljava/lang/Object; 256 0 128 0 -1
ciInstanceKlass java/lang/Class 1 1 1611 10 7 12 1 1 1 9 7 12 1 1 1 9 12 1 1 7 1 10 10 12 1 1 8 1 10 12 1 8 1 8 1 10 12 1 1 10 12 1 1 10 12 1 10 10 12 1 10 12 1 1 10 12 1 1 10 7 12 1 1 10 12 1 10 12 1 10 12 1 8 1 10 12 1 8 1 10 12 1 8 1 8 1 10 12 1 1 10 7 12 1 1 1 18 12 1 1 11 7 12 1 1 1 8 1 8 1 8 1 10 7 12 1 1 1 11 12 1 1 7 1 8 1 10 12 1 11 7 12 1 1 1 10 12 1 1 11 8 1 18 8 1 10 12 1 10 7 12 1 1 10 7 12 1 1 1 10 12 1 1 10 7 12 1 1 1 9 100 12 1 1 1 10 100 12 1 1 1 10 7 12 1 1 1 10 12 1 1 18 12 1 1 10 7 12 1 1 1 10 7 12 1 1 10 12 1 1 10 7 1 100 1 10 12 1 1 9 12 1 1 7 1 8 1 10 12 1 10 12 1 1 10 12 1 1 10 7 12 1 1 1 7 1 10 12 1 7 1 7 1 10 10 12 1 1 10 12 1 1 100 1 10 100 12 1 1 1 10 12 1 1 10 12 1 1 9 12 1 1 10 12 1 10 12 1 10 12 1 1 9 12 1 1 9 12 1 1 10 12 1 1 10 7 1 10 12 1 10 12 1 10 12 1 1 10 9 12 1 10 12 1 8 1 10 12 1 1 10 12 1 1 10 12 1 10 12 1 1 10 12 1 1 10 12 1 1 9 7 12 1 1 1 10 7 12 1 1 10 12 10 12 1 10 12 1 1 10 100 12 1 1 10 12 1 10 12 1 1 10 100 12 1 1 1 10 12 1 10 12 1 1 10 12 1 10 12 1 10 12 1 1 10 7 1 10 10 10 12 1 1 10 12 1 1 10 12 10 12 1 1 100 1 8 1 10 10 12 1 1 10 12 1 100 1 11 12 1 10 7 12 1 1 10 12 1 10 12 1 10 100 12 1 1 10 10 12 1 1 8 1 10 12 1 10 12 1 1 8 1 9 12 1 10 12 1 10 12 1 10 12 1 10 12 100 1 9 12 1 10 12 1 9 12 1 10 12 1 10 12 1 10 12 1 10 10 12 1 10 12 1 10 12 1 10 12 1 10 12 1 10 12 1 100 1 10 12 1 10 12 1 1 10 12 1 1 10 12 1 1 10 12 1 1 10 12 1 1 10 12 1 1 7 1 10 10 12 1 1 10 12 1 1 10 12 1 1 10 10 12 1 10 12 1 1 10 12 1 1 10 12 1 1 10 12 1 1 7 1 10 10 12 11 100 12 1 1 10 12 1 1 10 12 1 10 7 12 1 1 1 10 12 1 1 10 10 12 1 1 100 1 10 10 12 1 1 10 100 12 1 1 1 100 1 7 1 10 12 1 1 10 12 1 10 10 12 1 1 10 12 1 10 12 1 10 12 1 10 100 12 1 1 1 11 7 12 1 1 10 12 1 10 12 1 9 12 1 10 12 1 1 10 12 1 9 12 1 1 7 1 10 9 12 1 1 10 12 7 1 10 12 1 9 12 1 10 100 12 1 1 1 10 12 1 10 12 1 10 100 12 1 1 1 10 12 1 10 12 10 12 1 1 100 1 10 8 1 10 12 1 11 11 12 1 1 11 7 12 1 1 11 12 1 8 1 10 12 1 10 12 1 1 9 12 1 9 12 1 1 10 7 12 1 1 9 12 1 10 12 1 1 10 10 12 1 10 7 12 1 1 1 10 7 12 1 1 10 7 12 1 1 9 12 1 1 10 12 1 9 12 1 10 12 1 10 12 1 1 9 12 1 1 9 12 1 10 12 1 10 12 1 1 9 12 1 7 1 10 10 12 1 1 7 1 10 12 1 1 7 11 7 1 9 12 1 1 9 12 1 100 1 10 12 1 9 12 1 1 9 12 1 10 12 1 10 12 1 1 9 12 1 7 1 10 10 12 1 1 10 10 12 1 1 10 12 10 10 12 1 9 12 1 10 12 1 1 10 7 12 1 1 1 10 12 1 1 10 12 1 8 10 7 8 1 18 8 1 8 1 10 12 1 9 12 1 9 12 1 1 10 12 1 7 1 7 1 10 12 1 9 12 1 1 7 1 10 10 12 1 10 7 1 9 12 1 8 1 10 12 1 7 1 10 12 1 10 12 1 1 9 12 1 100 1 8 1 10 7 1 4 10 10 12 11 7 12 1 1 1 10 12 1 7 1 10 12 1 1 10 8 1 8 1 10 12 1 1 9 7 12 1 1 11 12 7 1 11 7 12 1 1 9 12 1 10 100 12 1 1 1 10 7 12 1 1 10 12 1 1 9 12 1 9 10 12 1 1 10 12 1 1 10 12 1 1 10 12 1 1 10 12 1 1 11 12 1 7 1 11 12 1 10 7 12 1 1 1 10 12 1 100 1 11 12 1 10 100 12 1 1 1 10 12 1 10 11 12 1 11 12 1 1 10 12 1 10 12 1 1 9 12 1 1 9 100 12 1 1 10 12 1 10 100 12 1 1 1 10 12 1 1 10 12 1 10 12 1 10 12 1 10 7 12 1 1 1 10 12 1 8 1 10 12 1 10 12 1 10 12 1 10 100 12 1 1 1 11 100 12 1 1 1 10 12 1 1 10 12 1 18 12 1 1 11 12 1 1 18 11 12 1 18 12 1 11 12 1 10 12 1 1 10 12 1 10 12 1 10 12 10 12 1 8 1 10 12 1 7 1 9 12 1 1 100 1 100 1 100 1 100 1 100 1 1 1 3 1 3 1 3 1 1 1 1 1 1 1 5 0 1 1 1 1 1 1 1 1 1 1 1 1 1 1 1 1 1 1 1 1 1 1 1 100 1 1 1 1 1 1 1 100 1 1 1 1 1 1 7 1 1 1 1 1 1 1 1 1 1 1 1 1 1 1 1 1 1 1 1 1 1 1 1 1 1 1 1 1 1 1 1 1 1 1 1 1 1 100 1 1 1 1 1 1 1 1 1 1 1 1 1 1 1 1 1 1 1 1 1 1 1 1 1 1 1 1 100 1 1 1 1 1 1 1 1 1 1 1 1 1 1 1 1 1 1 1 1 1 1 1 1 1 1 1 1 1 1 1 1 1 1 1 1 1 1 1 1 1 1 1 1 1 1 1 1 1 1 1 1 1 100 1 100 1 1 1 1 1 1 1 1 1 1 1 1 1 1 1 1 1 1 1 1 1 1 1 1 1 1 1 1 1 1 1 1 1 1 1 1 1 1 1 1 1 1 1 1 1 1 1 1 1 1 1 1 1 1 1 1 1 1 1 1 1 1 1 100 1 1 1 1 1 1 1 1 1 1 1 1 1 1 1 1 1 1 1 1 1 1 1 1 1 1 1 1 1 1 1 1 1 1 1 1 1 1 1 1 1 1 1 1 1 1 1 1 1 1 1 1 1 1 1 1 1 1 1 1 1 1 1 1 1 1 1 1 15 10 7 12 1 1 1 16 15 10 12 16 15 11 12 16 1 16 15 16 15 10 12 16 16 15 10 12 16 15 16 1 15 10 12 16 1 1 1 1 1 1 1 1 100 1 1 100 1 100 1 1 100 1 100 1 1
staticfield java/lang/Class EMPTY_CLASS_ARRAY [Ljava/lang/Class; 0 [Ljava/lang/Class;
staticfield java/lang/Class serialPersistentFields [Ljava/io/ObjectStreamField; 0 [Ljava/io/ObjectStreamField;
ciInstanceKlass java/lang/reflect/Type 1 1 17 10 100 12 1 1 1 100 1 1 1 1 1 1 1 1 1
ciMethod java/lang/Class isPrimitive ()Z 256 0 128 0 -1
ciInstanceKlass java/io/Serializable 1 0 7 100 1 100 1 1 1
instanceKlass jdk/internal/vm/vector/VectorSupport$VectorShuffle
instanceKlass jdk/internal/vm/vector/VectorSupport$VectorMask
instanceKlass jdk/internal/vm/vector/VectorSupport$Vector
ciInstanceKlass jdk/internal/vm/vector/VectorSupport$VectorPayload 0 0 32 10 100 12 1 1 1 9 100 12 1 1 1 10 100 12 1 1 1 1 1 1 1 1 1 1 1 1 1 1 1 1
ciInstanceKlass jdk/internal/vm/vector/VectorSupport$VectorShuffle 0 0 28 10 100 12 1 1 1 100 1 1 1 1 1 1 1 1 1 1 1 1 1 1 1 100 1 1 1 1
ciInstanceKlass jdk/internal/vm/vector/VectorSupport$VectorMask 0 0 28 10 100 12 1 1 1 100 1 1 1 1 1 1 1 1 1 1 1 1 1 1 1 100 1 1 1 1
ciInstanceKlass jdk/internal/vm/vector/VectorSupport$Vector 0 0 28 10 100 12 1 1 1 100 1 1 1 1 1 1 1 1 1 1 1 1 1 1 1 100 1 1 1 1
ciInstanceKlass jdk/internal/vm/vector/VectorSupport 0 0 487 100 1 10 100 12 1 1 1 9 12 1 1 10 12 1 1 100 1 10 12 1 11 100 12 1 1 1 11 100 12 1 1 1 11 100 12 1 1 11 100 12 1 1 1 11 100 1 100 1 10 12 1 1 11 100 12 1 1 11 100 12 1 1 100 1 11 100 12 1 1 11 100 12 1 1 11 100 12 1 1 1 11 100 12 1 1 1 11 100 12 1 1 1 11 100 12 1 1 1 100 1 10 12 1 1 11 100 12 1 1 100 1 11 100 12 1 1 11 100 12 1 1 11 100 12 1 1 11 100 1 100 1 9 12 1 1 10 100 12 1 1 11 100 12 1 1 10 12 1 1 10 100 12 1 1 1 10 12 1 10 12 1 1 10 12 1 1 1 1 1 3 1 3 1 3 1 3 1 3 1 3 1 3 1 3 1 3 1 3 1 3 1 3 1 3 1 3 1 3 1 3 1 3 1 3 1 3 1 3 1 3 1 3 1 3 1 3 1 3 1 3 1 3 1 3 1 3 1 3 1 3 1 3 1 3 1 3 1 3 1 3 1 3 1 3 1 3 1 1 1 1 1 3 1 1 1 1 1 1 3 1 1 1 1 1 1 1 1 1 1 1 1 1 1 1 1 1 1 1 1 1 1 1 1 1 1 1 1 1 1 1 1 1 1 1 1 1 1 1 1 1 1 1 1 1 1 1 1 1 1 1 1 1 1 1 1 1 1 1 1 1 1 1 1 1 1 1 1 1 1 1 1 1 1 1 1 1 1 1 1 1 1 1 1 1 1 1 1 1 1 1 1 1 1 1 1 1 1 1 1 1 1 1 1 1 1 1 1 1 1 1 1 1 1 1 1 1 1 1 1 1 1 1 1 1 1 1 1 1 1 1 1 1 1 1 1 1 1 1 1 1 1 1 1 1 1 1 1 1 1 1 1 1 1 1 1 1 1 1 1 1 1 1 1 1 1 1 1 1 1 1 1 1 1 1 1 1 1 1 1 1 1 1 1 1 1 1 1 1 1 1 1 1 1 1 1 1 1 1 100 1 100 1 1 1 1 1 1 1 1 1 1 1 1 1 1 1 1 1 1 1 1 1 1 1 1
ciInstanceKlass java/lang/reflect/RecordComponent 0 0 196 10 100 12 1 1 1 9 100 12 1 1 1 9 12 1 1 9 12 1 10 12 1 1 10 12 1 1 10 100 12 1 1 1 10 12 1 1 9 12 1 1 10 12 1 1 10 12 1 1 10 12 1 10 100 12 1 1 10 100 12 1 1 9 12 1 1 10 100 12 1 1 1 11 100 12 1 1 1 10 9 100 12 1 1 1 10 100 12 1 1 1 9 12 1 1 10 100 12 1 1 1 10 12 1 1 11 100 12 1 1 10 100 12 1 1 100 1 9 12 1 9 12 1 1 9 12 1 10 100 12 1 1 1 10 12 1 1 10 12 1 1 100 1 10 10 12 1 10 12 1 1 8 1 10 12 1 10 12 1 9 12 1 100 1 1 1 1 1 1 1 1 1 1 1 1 1 1 1 1 1 1 1 1 1 1 100 1 1 1 1 1 1 100 1 1
ciInstanceKlass java/util/Iterator 1 1 53 100 1 8 1 10 12 1 1 10 7 12 1 1 1 11 7 12 1 1 1 11 12 1 1 11 7 12 1 1 1 100 1 1 1 1 1 1 1 1 1 1 1 1 1 1 1 1 1 1 1 1 1
ciInstanceKlass java/lang/System 1 1 803 10 100 12 1 1 1 9 7 12 1 1 1 10 12 1 10 12 1 1 10 12 1 1 10 12 1 9 12 1 1 10 7 12 1 1 1 11 7 12 1 1 1 10 100 12 1 1 1 10 12 1 1 10 12 1 1 100 1 8 1 10 12 1 10 100 12 1 1 1 10 7 12 1 1 1 18 12 1 1 10 100 12 1 1 1 100 1 10 12 1 1 10 100 12 1 1 1 10 12 1 10 7 12 1 1 1 9 100 12 1 1 1 10 100 12 1 1 1 11 7 12 1 1 1 10 12 1 1 10 7 12 1 1 1 100 1 10 10 12 1 1 8 1 10 12 1 8 1 10 12 1 9 12 1 1 8 1 10 7 12 1 1 1 10 12 1 1 100 1 8 1 10 9 12 1 1 8 1 10 12 1 1 10 100 12 1 1 1 8 1 10 12 1 100 1 10 12 1 8 1 10 12 1 10 12 1 1 100 1 10 12 10 12 1 9 12 1 1 9 12 1 1 10 7 12 1 1 1 10 7 12 1 1 1 10 12 1 1 10 12 1 10 12 1 10 7 12 1 1 1 10 12 1 100 1 100 1 8 1 10 12 1 10 12 1 1 7 1 10 12 1 100 1 8 1 10 10 12 1 100 1 8 1 10 8 1 10 7 12 1 1 8 1 10 12 100 1 8 1 10 10 12 1 1 10 7 12 1 1 1 100 1 18 12 1 100 1 9 100 12 1 1 1 10 12 1 100 1 10 12 1 1 10 12 1 1 10 7 12 1 1 1 10 12 1 1 10 12 1 10 12 1 10 12 1 1 10 12 1 7 1 10 12 1 10 12 1 100 1 10 12 1 10 7 12 1 1 1 100 1 8 1 10 9 12 1 9 12 1 10 12 1 10 100 12 1 1 10 12 1 10 12 1 1 8 1 10 12 1 1 8 1 11 12 1 10 12 11 12 1 1 11 7 12 1 1 1 11 7 12 1 1 11 12 1 1 7 1 11 12 1 10 12 1 8 1 10 12 1 1 8 1 8 1 8 1 8 1 11 12 1 10 12 1 10 12 1 10 12 1 10 7 12 1 1 8 1 7 1 9 7 12 1 1 1 10 12 1 7 1 9 12 10 9 12 7 1 10 12 8 1 10 12 1 1 8 1 10 7 12 1 1 10 12 1 10 7 12 1 1 1 10 12 1 1 10 7 12 1 1 1 10 12 10 7 12 1 1 1 9 12 1 1 100 1 8 1 10 12 1 1 10 7 12 1 1 1 7 1 10 12 1 1 8 1 10 8 1 8 1 8 1 8 1 10 10 7 12 1 1 10 12 1 1 10 12 1 1 10 12 1 1 10 12 1 10 100 12 1 1 1 10 100 1 8 1 10 10 10 12 1 1 10 12 1 1 8 1 10 12 1 8 1 10 12 1 10 12 1 1 7 1 10 10 12 1 10 12 1 9 12 1 1 1 3 1 3 1 1 1 1 1 1 1 1 1 1 1 1 100 1 1 100 1 1 1 1 1 1 1 1 1 1 1 100 1 100 1 1 1 1 1 1 1 1 1 1 1 1 1 1 1 1 1 1 1 1 1 1 1 1 1 1 1 1 1 1 1 1 1 1 1 1 1 1 1 1 1 1 1 1 1 1 1 1 1 1 1 1 1 1 1 1 1 1 100 1 1 1 1 1 1 1 1 1 1 1 1 1 1 1 1 1 1 1 1 1 1 1 1 1 1 1 1 1 1 1 1 1 100 1 1 15 10 100 12 1 1 1 16 15 10 12 1 1 16 15 10 12 16 1 1 1 1 1 1 1 100 1 100 1 1
staticfield java/lang/System in Ljava/io/InputStream; java/io/BufferedInputStream
staticfield java/lang/System out Ljava/io/PrintStream; java/io/PrintStream
staticfield java/lang/System err Ljava/io/PrintStream; java/io/PrintStream
instanceKlass com/sun/jmx/remote/util/OrderClassLoaders
instanceKlass org/springframework/core/DecoratingClassLoader
instanceKlass javax/management/remote/rmi/RMIConnectionImpl$CombinedClassLoader$ClassLoaderWrapper
instanceKlass javax/management/remote/rmi/RMIConnectionImpl$CombinedClassLoader
instanceKlass com/sun/jmx/remote/util/ClassLoaderWithRepository
instanceKlass jdk/internal/reflect/DelegatingClassLoader
instanceKlass java/security/SecureClassLoader
ciInstanceKlass java/lang/ClassLoader 1 1 1098 9 7 12 1 1 1 10 7 12 1 1 1 9 12 1 1 10 7 12 1 1 1 7 1 10 12 1 1 10 12 1 1 9 12 1 1 10 12 1 1 100 1 10 12 1 10 12 1 1 10 7 12 1 1 1 100 1 8 1 10 12 1 10 7 12 1 1 1 10 100 12 1 10 7 1 10 7 1 7 1 7 1 10 12 1 10 12 1 9 12 1 1 10 10 7 12 1 1 1 9 12 1 1 9 12 1 9 12 1 1 9 12 1 9 12 1 1 9 12 1 1 7 1 10 12 1 9 12 1 1 10 12 1 1 10 7 12 1 1 1 9 12 1 9 12 1 1 9 12 1 10 12 1 1 9 12 10 12 1 1 7 1 10 8 1 10 12 1 1 10 12 1 10 7 1 7 1 10 12 1 1 10 7 12 1 1 1 8 1 10 12 1 10 12 1 10 12 1 1 10 12 1 1 10 12 1 1 10 12 1 1 10 12 1 1 10 12 1 7 1 10 12 1 10 100 12 1 1 1 10 12 1 1 10 12 1 10 12 1 10 12 1 10 12 1 10 12 1 1 10 10 12 1 10 12 1 10 100 12 1 1 10 12 1 1 10 12 1 1 10 12 1 100 1 10 12 1 100 1 10 12 1 10 100 12 1 1 1 10 10 12 1 1 10 12 1 1 100 1 8 1 10 8 1 10 12 1 10 12 1 100 1 8 1 10 12 1 1 10 12 1 1 10 10 12 1 1 10 12 1 1 10 12 1 1 10 7 1 10 12 1 1 10 12 1 1 10 12 1 1 10 12 1 1 10 12 1 1 10 12 1 1 10 12 1 10 7 12 1 1 1 10 12 1 10 12 1 10 12 1 1 10 12 1 10 12 1 10 12 1 10 12 1 1 10 12 1 10 12 1 1 8 1 9 12 1 10 12 1 1 8 1 8 1 10 7 12 1 1 100 1 10 10 12 10 12 1 10 12 1 10 12 1 10 12 1 1 10 7 12 1 1 10 12 1 10 7 1 7 1 10 12 1 1 10 12 1 10 7 1 10 12 1 100 1 18 12 1 10 100 12 1 1 1 10 100 12 1 1 1 10 7 12 1 1 10 12 1 1 10 12 1 10 12 1 1 7 1 10 12 1 10 12 1 1 10 7 12 1 1 10 12 1 8 1 100 1 10 10 12 1 9 12 1 10 7 12 1 1 10 12 1 100 1 8 1 10 12 1 10 8 1 8 1 10 12 1 1 10 12 1 1 10 12 1 1 10 100 12 1 1 1 100 1 100 1 10 12 1 1 100 1 100 1 10 100 12 1 1 10 12 1 10 12 1 1 10 12 1 10 12 1 1 10 12 1 1 9 100 12 1 1 1 10 12 1 1 10 12 1 10 12 1 10 12 1 1 10 12 1 8 1 10 12 1 7 1 18 12 1 1 10 12 1 1 10 12 1 10 12 1 10 12 1 8 1 10 12 1 10 12 1 18 12 1 11 100 12 1 1 1 100 1 10 12 1 1 10 12 1 10 11 12 1 1 10 18 10 12 1 1 11 100 12 1 18 12 1 11 12 1 1 10 12 10 12 1 1 10 12 1 1 7 1 8 1 10 10 12 1 8 1 8 1 10 7 12 1 1 10 12 1 100 1 10 10 12 1 8 1 8 1 8 1 10 12 1 10 12 1 1 10 12 1 10 100 12 1 1 1 11 100 12 1 1 100 1 10 11 10 12 1 10 12 1 10 12 1 1 9 100 12 1 1 9 12 1 1 9 12 9 12 1 9 12 1 9 12 1 8 10 12 1 1 10 7 12 1 1 1 10 12 1 1 10 12 1 1 10 12 1 10 10 12 1 11 12 1 1 10 100 12 1 1 1 100 1 10 12 1 10 12 1 10 12 1 1 1 1 1 1 1 1 1 1 1 1 1 1 1 1 1 1 1 1 1 1 1 1 1 1 1 1 100 1 1 1 1 1 1 1 1 1 1 1 1 1 1 1 1 1 1 1 1 1 100 1 1 1 1 1 1 1 1 1 1 7 1 1 1 1 1 1 1 1 1 1 1 1 1 1 1 1 1 1 1 1 1 1 1 1 1 1 1 1 1 1 1 1 1 1 1 1 1 1 1 1 1 100 1 1 1 1 1 1 1 1 1 1 1 1 1 1 1 1 1 1 100 1 1 1 1 1 1 1 1 1 1 1 1 1 1 1 1 1 1 1 1 1 1 1 1 1 1 1 1 1 1 1 1 1 1 1 1 1 1 1 1 1 1 1 1 1 1 1 1 1 1 1 100 1 1 1 1 1 1 1 1 1 1 1 1 1 1 1 1 1 1 1 1 1 1 1 1 1 1 1 1 1 1 1 1 1 1 1 1 1 1 1 1 1 1 1 1 1 1 15 10 7 12 1 1 1 16 1 15 10 12 16 1 16 15 10 12 16 1 16 1 15 10 12 16 15 10 12 16 15 10 12 16 1 1 100 1 100 1 1
staticfield java/lang/ClassLoader nocerts [Ljava/security/cert/Certificate; 0 [Ljava/security/cert/Certificate;
staticfield java/lang/ClassLoader $assertionsDisabled Z 1
ciInstanceKlass jdk/internal/reflect/DelegatingClassLoader 1 1 18 10 7 12 1 1 1 100 1 1 1 1 1 1 1 1 1 1
instanceKlass sun/reflect/misc/MethodUtil
instanceKlass java/net/URLClassLoader
instanceKlass jdk/internal/loader/BuiltinClassLoader
ciInstanceKlass java/security/SecureClassLoader 1 1 102 10 7 12 1 1 1 7 1 10 12 1 9 7 12 1 1 1 10 12 1 10 12 1 10 12 1 1 10 12 1 1 10 12 1 7 1 10 7 1 10 12 1 7 1 10 12 1 11 7 12 1 1 1 7 1 11 12 1 10 12 1 1 1 1 1 1 1 1 1 1 1 1 1 1 1 1 1 1 1 1 1 1 1 1 1 1 1 1 1 1 1 1 1 1 1 1 100 1 1 1 1
instanceKlass jdk/internal/loader/ClassLoaders$BootClassLoader
instanceKlass jdk/internal/loader/ClassLoaders$PlatformClassLoader
instanceKlass jdk/internal/loader/ClassLoaders$AppClassLoader
ciInstanceKlass jdk/internal/loader/BuiltinClassLoader 1 1 737 9 7 12 1 1 1 10 7 12 1 1 1 10 7 12 1 1 1 9 12 1 1 9 12 1 1 7 1 10 12 1 9 12 1 10 12 1 9 12 1 10 7 12 1 1 1 10 7 12 1 1 1 10 7 12 1 1 1 11 7 12 1 1 1 100 1 100 1 10 10 12 1 1 8 1 10 12 1 10 12 7 1 10 12 1 10 12 1 1 11 7 12 1 1 1 11 7 12 1 1 1 11 12 1 1 7 1 8 1 8 1 10 9 12 1 1 10 7 12 1 1 11 12 1 1 10 12 1 1 10 12 1 1 10 12 1 1 10 7 12 1 1 1 10 12 1 10 100 12 1 1 1 10 12 1 1 11 7 12 1 1 1 10 7 12 1 1 7 1 10 7 12 1 1 1 10 12 1 100 1 8 1 10 12 1 1 10 8 1 10 12 1 1 10 12 1 1 10 12 1 1 11 7 12 1 1 11 12 1 7 1 10 11 12 1 1 11 10 12 1 1 7 1 10 12 1 10 7 12 1 10 12 1 7 1 10 12 1 10 7 12 1 1 1 100 1 10 12 1 1 11 12 1 100 1 100 1 10 12 1 10 12 1 1 100 1 100 1 10 12 1 10 12 1 18 12 1 1 10 12 1 10 12 1 1 18 100 1 10 7 12 1 1 1 7 1 10 10 12 1 1 10 12 1 1 10 12 1 1 10 12 1 9 12 1 1 100 1 10 10 12 1 1 10 12 1 1 10 12 1 10 12 10 12 1 1 10 12 1 1 10 12 1 1 10 12 1 10 12 1 1 18 12 1 7 1 10 12 1 1 10 12 1 10 12 1 1 10 12 1 100 1 10 12 1 7 1 10 12 1 10 7 12 1 1 1 10 12 1 11 12 1 7 1 10 12 1 7 1 100 1 10 12 1 10 12 1 11 12 1 1 10 12 1 1 10 12 1 1 10 12 1 1 10 12 1 1 10 12 1 10 12 1 10 12 1 10 12 1 8 1 10 12 1 1 10 7 12 1 1 10 12 1 100 1 8 1 8 1 10 10 12 1 8 1 8 1 10 7 12 1 1 1 11 7 12 1 1 1 9 7 12 1 1 1 10 7 12 1 1 1 9 12 1 9 12 1 9 12 1 9 12 1 9 12 1 9 12 1 10 7 12 1 1 1 8 1 10 12 1 7 1 10 12 1 1 10 12 1 7 1 10 11 12 1 1 10 12 10 12 1 10 12 1 100 1 10 12 1 10 12 1 10 10 12 1 10 7 12 1 1 8 1 10 7 12 1 1 10 12 1 1 1 1 1 1 1 1 1 1 1 1 1 1 1 1 1 1 1 1 1 1 1 1 1 1 1 1 1 1 1 1 1 1 1 1 1 1 1 1 1 1 1 1 1 1 1 1 1 1 1 1 1 1 1 1 100 1 1 1 1 1 1 1 1 1 1 1 1 1 1 1 1 1 1 100 1 100 1 1 1 1 1 1 1 1 1 1 1 1 1 1 1 1 1 1 1 1 1 1 1 1 1 1 1 1 1 1 1 1 1 1 1 1 1 1 1 1 1 1 1 1 1 1 1 1 1 1 1 100 1 1 15 10 100 12 1 1 1 16 15 10 12 16 15 10 12 16 15 10 12 16 1 1 1 100 1 1 1 1 1 100 1 100 1 1
staticfield jdk/internal/loader/BuiltinClassLoader packageToModule Ljava/util/Map; java/util/concurrent/ConcurrentHashMap
staticfield jdk/internal/loader/BuiltinClassLoader $assertionsDisabled Z 1
ciInstanceKlass java/security/AccessController 1 1 295 10 100 12 1 1 1 10 7 12 1 1 1 10 7 12 1 1 1 10 12 1 1 10 12 1 1 10 7 12 1 1 1 10 12 1 1 10 12 1 10 12 1 1 10 12 1 100 1 8 1 10 12 1 10 12 1 10 12 1 1 10 12 1 7 1 7 1 10 12 1 1 10 12 1 10 12 1 10 12 1 1 10 7 12 1 1 1 10 12 1 1 9 100 12 1 1 1 10 100 12 1 1 1 10 12 1 10 12 1 9 100 12 1 1 1 10 12 1 10 12 1 1 9 12 1 1 10 100 1 10 11 7 12 1 1 1 10 7 12 1 1 11 7 1 7 1 10 12 1 10 12 1 10 12 1 8 1 10 12 1 1 8 1 10 100 12 1 1 1 8 1 100 1 10 10 12 1 1 10 12 1 10 7 12 1 1 1 10 12 1 8 1 10 100 12 1 1 8 1 8 1 10 12 1 8 1 10 12 1 10 12 1 1 10 12 1 1 1 1 1 1 1 1 1 1 1 1 1 1 1 1 1 1 1 1 1 1 1 1 1 1 1 1 100 1 1 1 1 1 1 1 1 1 1 1 1 1 1 1 1 1 1 1 1 1 1 1 1 1 1 1 1 1 1 1 1 1 1 100 1 100 1 1 1 1 1 1 1 1 1 3 1 1 1
staticfield java/security/AccessController $assertionsDisabled Z 1
instanceKlass jdk/internal/reflect/GeneratedConstructorAccessor53
instanceKlass jdk/internal/reflect/GeneratedConstructorAccessor52
instanceKlass jdk/internal/reflect/GeneratedConstructorAccessor51
instanceKlass jdk/internal/reflect/GeneratedConstructorAccessor50
instanceKlass jdk/internal/reflect/GeneratedConstructorAccessor49
instanceKlass jdk/internal/reflect/GeneratedConstructorAccessor48
instanceKlass jdk/internal/reflect/GeneratedConstructorAccessor47
instanceKlass jdk/internal/reflect/GeneratedConstructorAccessor46
instanceKlass jdk/internal/reflect/GeneratedConstructorAccessor45
instanceKlass jdk/internal/reflect/GeneratedConstructorAccessor44
instanceKlass jdk/internal/reflect/GeneratedConstructorAccessor43
instanceKlass jdk/internal/reflect/GeneratedConstructorAccessor42
instanceKlass jdk/internal/reflect/GeneratedConstructorAccessor41
instanceKlass jdk/internal/reflect/GeneratedConstructorAccessor40
instanceKlass jdk/internal/reflect/GeneratedConstructorAccessor39
instanceKlass jdk/internal/reflect/GeneratedConstructorAccessor38
instanceKlass jdk/internal/reflect/GeneratedConstructorAccessor37
instanceKlass jdk/internal/reflect/GeneratedConstructorAccessor36
instanceKlass jdk/internal/reflect/GeneratedConstructorAccessor35
instanceKlass jdk/internal/reflect/GeneratedConstructorAccessor34
instanceKlass jdk/internal/reflect/GeneratedConstructorAccessor33
instanceKlass jdk/internal/reflect/GeneratedConstructorAccessor32
instanceKlass jdk/internal/reflect/GeneratedConstructorAccessor31
instanceKlass jdk/internal/reflect/GeneratedConstructorAccessor30
instanceKlass jdk/internal/reflect/GeneratedConstructorAccessor29
instanceKlass jdk/internal/reflect/GeneratedConstructorAccessor28
instanceKlass jdk/internal/reflect/GeneratedConstructorAccessor27
instanceKlass jdk/internal/reflect/GeneratedConstructorAccessor26
instanceKlass jdk/internal/reflect/GeneratedConstructorAccessor25
instanceKlass jdk/internal/reflect/GeneratedConstructorAccessor24
instanceKlass jdk/internal/reflect/GeneratedConstructorAccessor23
instanceKlass jdk/internal/reflect/GeneratedConstructorAccessor22
instanceKlass jdk/internal/reflect/GeneratedConstructorAccessor21
instanceKlass jdk/internal/reflect/GeneratedConstructorAccessor20
instanceKlass jdk/internal/reflect/GeneratedConstructorAccessor19
instanceKlass jdk/internal/reflect/GeneratedConstructorAccessor18
instanceKlass jdk/internal/reflect/GeneratedConstructorAccessor17
instanceKlass jdk/internal/reflect/GeneratedConstructorAccessor16
instanceKlass jdk/internal/reflect/GeneratedConstructorAccessor15
instanceKlass jdk/internal/reflect/GeneratedConstructorAccessor14
instanceKlass jdk/internal/reflect/GeneratedConstructorAccessor13
instanceKlass jdk/internal/reflect/GeneratedConstructorAccessor12
instanceKlass jdk/internal/reflect/GeneratedConstructorAccessor11
instanceKlass jdk/internal/reflect/GeneratedConstructorAccessor10
instanceKlass jdk/internal/reflect/GeneratedConstructorAccessor9
instanceKlass jdk/internal/reflect/GeneratedConstructorAccessor8
instanceKlass jdk/internal/reflect/GeneratedConstructorAccessor7
instanceKlass jdk/internal/reflect/GeneratedConstructorAccessor6
instanceKlass jdk/internal/reflect/GeneratedConstructorAccessor5
instanceKlass jdk/internal/reflect/GeneratedConstructorAccessor4
instanceKlass jdk/internal/reflect/GeneratedConstructorAccessor3
instanceKlass jdk/internal/reflect/GeneratedConstructorAccessor2
instanceKlass jdk/internal/reflect/SerializationConstructorAccessorImpl
instanceKlass jdk/internal/reflect/BootstrapConstructorAccessorImpl
instanceKlass jdk/internal/reflect/GeneratedConstructorAccessor1
instanceKlass jdk/internal/reflect/DelegatingConstructorAccessorImpl
instanceKlass jdk/internal/reflect/NativeConstructorAccessorImpl
ciInstanceKlass jdk/internal/reflect/ConstructorAccessorImpl 1 1 27 10 7 12 1 1 1 100 1 100 1 1 1 1 1 1 1 1 1 100 1 100 1 100 1 1 1
instanceKlass jdk/internal/reflect/FieldAccessorImpl
instanceKlass jdk/internal/reflect/ConstructorAccessorImpl
instanceKlass jdk/internal/reflect/MethodAccessorImpl
ciInstanceKlass jdk/internal/reflect/MagicAccessorImpl 1 1 16 10 7 12 1 1 1 100 1 1 1 1 1 1 1 1
instanceKlass jdk/internal/reflect/GeneratedMethodAccessor42
instanceKlass jdk/internal/reflect/GeneratedMethodAccessor41
instanceKlass jdk/internal/reflect/GeneratedMethodAccessor40
instanceKlass jdk/internal/reflect/GeneratedMethodAccessor39
instanceKlass jdk/internal/reflect/GeneratedMethodAccessor38
instanceKlass jdk/internal/reflect/GeneratedMethodAccessor37
instanceKlass jdk/internal/reflect/GeneratedMethodAccessor36
instanceKlass jdk/internal/reflect/GeneratedMethodAccessor35
instanceKlass jdk/internal/reflect/GeneratedMethodAccessor34
instanceKlass jdk/internal/reflect/GeneratedMethodAccessor33
instanceKlass jdk/internal/reflect/GeneratedMethodAccessor32
instanceKlass jdk/internal/reflect/GeneratedMethodAccessor31
instanceKlass jdk/internal/reflect/GeneratedMethodAccessor30
instanceKlass jdk/internal/reflect/GeneratedMethodAccessor29
instanceKlass jdk/internal/reflect/GeneratedMethodAccessor28
instanceKlass jdk/internal/reflect/GeneratedMethodAccessor27
instanceKlass jdk/internal/reflect/GeneratedMethodAccessor26
instanceKlass jdk/internal/reflect/GeneratedMethodAccessor25
instanceKlass jdk/internal/reflect/GeneratedMethodAccessor24
instanceKlass jdk/internal/reflect/GeneratedMethodAccessor23
instanceKlass jdk/internal/reflect/GeneratedMethodAccessor22
instanceKlass jdk/internal/reflect/GeneratedMethodAccessor21
instanceKlass jdk/internal/reflect/GeneratedMethodAccessor20
instanceKlass jdk/internal/reflect/GeneratedMethodAccessor19
instanceKlass jdk/internal/reflect/GeneratedMethodAccessor18
instanceKlass jdk/internal/reflect/GeneratedMethodAccessor17
instanceKlass jdk/internal/reflect/GeneratedMethodAccessor16
instanceKlass jdk/internal/reflect/GeneratedMethodAccessor15
instanceKlass jdk/internal/reflect/GeneratedMethodAccessor14
instanceKlass jdk/internal/reflect/GeneratedMethodAccessor13
instanceKlass jdk/internal/reflect/GeneratedMethodAccessor12
instanceKlass jdk/internal/reflect/GeneratedMethodAccessor11
instanceKlass jdk/internal/reflect/GeneratedMethodAccessor10
instanceKlass jdk/internal/reflect/GeneratedMethodAccessor9
instanceKlass jdk/internal/reflect/GeneratedMethodAccessor8
instanceKlass jdk/internal/reflect/GeneratedMethodAccessor7
instanceKlass jdk/internal/reflect/GeneratedMethodAccessor6
instanceKlass jdk/internal/reflect/GeneratedMethodAccessor5
instanceKlass jdk/internal/reflect/GeneratedMethodAccessor4
instanceKlass jdk/internal/reflect/GeneratedMethodAccessor3
instanceKlass jdk/internal/reflect/GeneratedMethodAccessor2
instanceKlass jdk/internal/reflect/GeneratedMethodAccessor1
instanceKlass jdk/internal/reflect/DelegatingMethodAccessorImpl
instanceKlass jdk/internal/reflect/NativeMethodAccessorImpl
ciInstanceKlass jdk/internal/reflect/MethodAccessorImpl 1 1 25 10 7 12 1 1 1 100 1 100 1 1 1 1 1 1 1 1 1 100 1 100 1 1 1
ciInstanceKlass java/lang/Module 1 1 959 10 7 12 1 1 1 9 7 12 1 1 1 10 7 12 1 1 1 9 12 1 9 12 1 1 9 12 1 1 10 12 1 1 10 12 1 10 12 1 1 10 7 12 1 1 1 7 1 10 7 12 1 1 1 10 12 1 1 11 7 12 1 1 1 10 12 1 1 10 7 12 1 1 1 10 12 1 1 10 7 12 1 1 1 9 100 12 1 1 1 10 100 12 1 1 1 10 12 1 8 1 10 7 12 1 1 1 10 7 12 1 1 1 9 12 1 1 9 12 1 1 10 12 1 9 12 1 1 11 12 1 9 7 12 1 1 10 7 12 1 1 1 10 7 12 1 1 1 10 12 1 1 100 1 7 1 10 10 12 1 1 8 1 10 12 1 10 12 10 12 1 10 12 1 1 10 12 1 1 10 12 1 1 9 7 12 1 1 1 10 12 1 1 10 12 1 1 9 12 1 10 12 1 10 12 1 9 12 1 1 11 7 12 1 1 10 12 1 1 9 12 1 9 12 1 10 12 1 10 12 1 100 1 8 1 10 10 12 1 1 10 12 1 8 1 10 12 1 1 8 1 8 1 10 12 1 1 10 12 1 10 12 1 1 18 12 1 1 10 12 1 1 11 12 1 9 12 1 11 12 10 100 12 1 1 100 1 8 1 10 7 1 11 12 1 1 10 12 1 10 12 1 10 12 1 1 11 12 1 1 11 7 12 1 1 11 12 1 1 9 12 1 11 12 1 10 12 1 1 10 12 1 1 9 12 1 10 12 10 7 12 1 1 10 7 12 1 1 10 7 1 18 12 1 1 11 100 12 1 1 1 18 12 1 11 12 1 1 10 100 12 1 1 1 11 12 1 1 10 7 12 1 1 4 7 1 11 12 1 7 1 7 1 10 10 7 12 1 1 1 10 11 7 12 1 8 1 10 10 12 1 1 10 7 12 1 1 10 12 1 10 12 1 7 1 10 12 1 10 11 12 1 1 10 12 10 12 1 1 9 12 1 100 1 10 10 12 1 1 11 100 1 10 12 1 1 11 12 1 10 10 12 1 11 10 12 1 1 10 12 1 1 10 12 1 1 10 7 12 1 1 10 12 1 10 12 1 1 10 10 12 1 1 10 12 1 18 12 1 11 12 1 18 12 1 10 12 1 10 12 1 10 12 7 1 10 12 1 10 12 1 10 12 1 9 12 1 7 1 10 10 10 10 12 1 10 12 1 10 12 1 10 12 1 1 10 12 1 1 10 12 1 9 12 1 18 12 1 1 10 100 12 1 1 1 100 1 8 1 10 12 1 1 10 12 1 1 10 100 12 1 1 100 1 10 12 1 1 100 1 8 1 100 1 10 100 1 100 1 3 10 12 1 100 1 10 12 1 10 12 1 1 10 12 1 1 100 1 10 12 1 10 12 1 1 100 1 100 1 10 12 8 1 10 12 1 1 10 12 1 1 10 7 12 1 1 10 12 1 1 10 12 1 10 12 10 12 1 1 100 1 10 10 12 1 1 10 100 12 1 1 1 100 1 8 1 10 12 1 1 10 7 12 1 1 8 1 10 12 1 8 1 10 12 1 10 12 10 12 1 8 1 10 10 100 12 1 1 7 1 10 10 12 1 10 7 12 1 1 9 12 1 9 12 1 9 12 1 9 12 1 10 12 11 12 1 10 12 1 100 1 1 1 1 1 1 1 1 1 1 1 1 1 1 1 1 100 1 1 1 1 1 1 1 1 1 1 1 1 1 1 1 1 1 1 1 1 1 1 1 1 1 1 1 1 1 1 1 1 1 1 1 1 1 1 1 1 1 1 1 1 1 1 1 1 1 1 1 1 1 1 1 1 1 1 1 1 1 1 1 1 1 1 1 1 1 1 1 1 1 1 1 1 1 1 1 1 1 1 1 100 100 1 1 1 1 1 1 1 1 1 1 1 1 1 1 1 1 1 1 1 1 1 1 1 1 1 1 1 1 1 1 1 1 1 1 100 1 100 1 7 1 1 1 1 1 1 1 1 1 1 1 1 1 1 1 1 1 1 1 1 1 1 1 1 1 1 1 1 15 10 7 12 1 1 1 16 15 10 12 16 16 15 10 12 16 16 15 10 16 1 15 10 12 16 1 15 10 12 16 1 16 15 10 12 16 1 1 1 1 1 1 1 100 1 100 1 1
staticfield java/lang/Module ALL_UNNAMED_MODULE Ljava/lang/Module; java/lang/Module
staticfield java/lang/Module ALL_UNNAMED_MODULE_SET Ljava/util/Set; java/util/ImmutableCollections$Set12
staticfield java/lang/Module EVERYONE_MODULE Ljava/lang/Module; java/lang/Module
staticfield java/lang/Module EVERYONE_SET Ljava/util/Set; java/util/ImmutableCollections$Set12
staticfield java/lang/Module $assertionsDisabled Z 1
instanceKlass org/springframework/beans/factory/support/ManagedList
instanceKlass javax/management/AttributeList
ciInstanceKlass java/util/ArrayList 1 1 492 10 7 12 1 1 1 7 1 9 7 12 1 1 1 9 12 1 100 1 100 1 10 8 1 10 12 1 1 10 12 1 10 12 1 1 10 12 1 9 12 1 11 7 12 1 1 1 9 12 1 1 10 12 1 1 7 10 7 12 1 1 1 9 12 1 10 12 1 10 12 1 1 10 7 12 1 1 1 10 7 12 1 1 1 10 12 1 1 10 12 1 1 10 12 1 1 10 12 1 10 12 1 1 100 1 100 1 10 12 1 10 7 12 1 1 1 10 7 12 1 1 10 12 1 10 12 10 12 1 1 10 12 1 1 10 12 1 1 7 1 10 12 1 1 10 12 1 1 10 12 1 100 1 10 11 12 1 1 11 7 12 1 1 1 11 12 1 10 12 1 10 12 1 10 12 1 1 100 1 10 12 1 1 10 10 12 1 1 10 12 1 8 1 8 1 8 1 8 1 10 12 1 1 10 12 1 1 11 12 1 100 1 10 7 12 1 1 10 12 1 10 12 1 1 10 100 12 1 1 10 12 1 10 100 12 1 1 1 11 100 12 1 1 1 10 12 1 100 1 8 1 10 7 1 10 12 1 7 1 10 12 1 10 12 1 1 7 1 10 12 1 10 12 1 1 11 7 12 1 1 7 1 10 12 1 10 12 1 1 11 7 12 1 1 10 12 1 1 10 12 1 1 10 12 1 1 10 12 1 1 11 100 12 1 1 10 12 1 1 100 1 100 1 100 1 1 1 1 5 0 1 3 1 1 1 1 1 1 1 1 1 1 1 1 1 1 1 1 1 1 1 1 1 1 1 1 1 1 1 1 1 1 1 1 1 1 1 1 1 1 1 1 1 1 1 1 1 1 1 1 1 1 1 1 1 1 1 1 1 1 1 1 1 1 1 1 1 1 1 1 1 1 1 1 1 1 1 1 1 1 1 1 1 1 1 1 1 1 1 1 1 1 1 1 1 1 1 1 7 1 1 1 1 7 1 1 1 1 1 1 1 1 1 1 1 1 1 1 1 1 1 1 1 1 1 1 1 1 1 1 1 1 1 100 1 1 1 1 1 1 1 1 1 1 1 1 1 1 1 1 1 1 100 1 100 1 1 1 1 1 1
staticfield java/util/ArrayList EMPTY_ELEMENTDATA [Ljava/lang/Object; 0 [Ljava/lang/Object;
staticfield java/util/ArrayList DEFAULTCAPACITY_EMPTY_ELEMENTDATA [Ljava/lang/Object; 0 [Ljava/lang/Object;
instanceKlass com/fasterxml/jackson/core/util/InternCache
ciInstanceKlass java/util/concurrent/ConcurrentHashMap 1 1 1210 7 1 7 1 3 10 12 1 1 3 100 1 10 7 12 1 1 1 100 1 10 100 12 1 1 1 100 1 11 12 1 1 11 12 1 11 12 1 1 9 12 1 1 9 12 1 1 9 12 1 10 7 12 1 1 1 7 1 10 12 1 1 10 12 1 1 10 7 12 1 1 1 4 10 12 1 9 12 1 10 12 1 1 100 1 10 5 0 10 12 1 10 12 1 1 5 0 10 12 1 1 10 12 1 9 12 1 1 10 12 1 1 9 12 1 9 12 1 1 10 12 1 1 9 12 1 10 12 1 1 9 12 1 1 10 12 1 1 100 1 10 7 1 10 12 1 10 12 1 1 10 12 1 1 10 12 1 1 10 12 1 10 12 1 1 10 12 1 1 100 1 10 12 1 1 7 1 100 1 8 1 10 12 1 10 12 1 1 10 12 1 1 11 7 12 1 1 10 12 1 1 11 12 1 1 11 7 12 1 1 1 11 7 12 1 1 1 11 12 1 7 1 11 12 1 11 12 1 10 12 1 1 10 12 1 1 9 12 1 1 10 100 12 1 1 1 9 10 12 1 1 9 12 1 10 12 1 1 5 0 9 12 1 1 7 1 10 12 1 9 12 1 1 7 1 10 12 1 9 12 1 7 1 10 100 1 10 10 12 1 1 8 1 10 12 1 10 12 1 1 11 100 1 10 12 1 10 100 12 1 1 1 8 1 10 100 12 1 1 1 8 1 10 12 1 8 1 10 12 1 10 12 1 1 10 100 12 1 1 10 12 1 10 12 1 10 12 1 9 12 1 9 10 12 1 9 12 1 1 11 7 12 1 1 1 11 7 12 1 1 1 100 1 10 12 11 100 12 1 1 10 11 7 12 1 10 12 1 100 1 10 12 1 100 1 10 10 9 7 12 1 1 1 10 12 3 10 100 12 1 1 9 12 1 10 12 1 1 9 12 1 1 9 12 1 10 12 1 1 10 100 12 1 1 9 12 1 9 7 12 1 1 10 12 1 1 10 12 1 3 9 12 1 9 12 1 10 12 1 1 7 1 9 3 9 12 1 100 1 10 12 1 9 12 1 10 12 1 9 12 1 10 12 1 9 12 1 10 100 12 1 1 1 100 10 12 1 100 1 5 0 10 100 12 1 1 100 1 10 12 1 1 10 12 1 10 12 1 100 1 10 12 1 10 100 1 100 1 10 10 12 1 10 100 1 10 12 1 10 100 1 10 12 1 10 100 1 10 12 1 1 100 1 10 12 1 10 10 12 1 100 1 10 12 1 10 10 12 1 100 1 10 12 1 10 100 1 10 12 1 10 100 1 10 12 1 10 100 1 10 12 1 10 100 1 10 12 1 10 100 1 10 12 1 10 100 1 10 12 1 10 100 1 10 12 1 10 100 1 10 10 100 1 10 10 100 1 10 10 100 1 10 12 1 10 100 1 10 12 1 10 100 1 10 12 1 10 100 1 10 12 1 10 100 1 10 12 1 10 100 1 10 10 100 1 10 10 100 1 10 10 100 1 10 12 1 10 100 1 10 12 1 10 100 1 10 12 1 10 100 1 10 12 1 10 100 1 10 12 1 10 10 12 1 10 7 12 1 1 1 10 12 1 7 1 7 1 10 12 1 9 12 1 1 9 12 1 1 10 12 1 1 8 10 12 1 1 8 8 8 8 7 10 12 1 1 10 12 1 100 1 8 1 10 7 1 100 1 100 1 1 1 5 0 1 1 3 1 3 1 1 1 1 3 1 3 1 3 1 1 1 1 1 3 1 3 1 3 1 1 1 1 1 1 1 1 1 1 1 1 1 1 1 1 1 1 1 1 1 1 1 1 1 100 1 1 1 1 1 1 1 1 1 1 1 1 1 1 1 1 1 1 1 1 1 1 1 1 1 1 1 1 1 1 1 1 1 1 1 1 1 1 1 1 1 1 1 1 1 1 1 1 1 1 1 1 1 1 1 1 1 1 1 1 1 1 1 1 1 1 1 1 1 1 1 1 1 1 1 1 1 1 1 1 1 1 1 1 100 1 1 1 1 1 1 1 1 1 1 1 100 1 1 1 1 1 1 1 1 1 1 1 1 1 1 1 1 1 1 1 1 1 1 1 1 1 1 1 1 1 1 1 1 1 1 1 1 1 1 1 1 1 1 1 1 1 1 1 1 1 1 1 1 1 1 1 1 1 1 1 1 1 1 1 1 1 1 1 1 1 1 1 1 1 1 1 1 1 1 1 1 1 1 1 1 1 1 1 1 1 1 1 1 1 1 1 1 1 1 1 1 1 1 1 1 1 1 1 1 1 1 1 1 1 1 1 1 1 1 1 1 1 1 1 1 1 1 1 1 1 1 1 1 1 1 1 1 1 1 1 1 1 1 1 1 1 1 1 1 1 1 1 1 1 1 1 1 1 1 1 1 1 1 1 1 1 1 1 1 1 1 1 1 1 1 1 1 1 1 1 1 1 1 1 1 1 1 1 1 1 1 1 1 1 1 1 1 1 1 1 1 1 1 1 1 1 1 1 1 1 1 1 1 1 1 1 1 1 1 1 1 1 1 1 100 1 100 1 100 1 100 1 100 1 100 1 100 1 100 1 100 1 1 1 1 1 1 1 1 1 1 1 1 1 1 1 1 1 1 1 1 1 1 1 1 1 1 1 1 1 1 1 1 1 1 1 1 1 1 1 1 1 1 1 1 1 1 1 1 1 1 1 1 1 1 1 1 1 1
staticfield java/util/concurrent/ConcurrentHashMap NCPU I 20
staticfield java/util/concurrent/ConcurrentHashMap serialPersistentFields [Ljava/io/ObjectStreamField; 3 [Ljava/io/ObjectStreamField;
staticfield java/util/concurrent/ConcurrentHashMap U Ljdk/internal/misc/Unsafe; jdk/internal/misc/Unsafe
staticfield java/util/concurrent/ConcurrentHashMap SIZECTL J 20
staticfield java/util/concurrent/ConcurrentHashMap TRANSFERINDEX J 32
staticfield java/util/concurrent/ConcurrentHashMap BASECOUNT J 24
staticfield java/util/concurrent/ConcurrentHashMap CELLSBUSY J 36
staticfield java/util/concurrent/ConcurrentHashMap CELLVALUE J 144
staticfield java/util/concurrent/ConcurrentHashMap ABASE I 16
staticfield java/util/concurrent/ConcurrentHashMap ASHIFT I 2
ciInstanceKlass java/lang/String 1 1 1396 10 7 12 1 1 1 8 1 9 7 12 1 1 1 9 12 1 1 9 12 1 1 10 12 1 10 12 1 1 10 12 1 1 9 12 1 1 10 7 12 1 1 1 10 7 1 10 7 12 1 1 1 10 12 1 1 10 12 1 1 10 12 1 10 12 1 1 10 12 1 10 7 12 1 1 1 9 7 12 1 1 1 10 7 12 1 1 1 10 12 1 1 10 12 1 1 10 12 1 1 10 12 1 1 10 12 1 1 9 7 12 1 1 10 12 9 7 12 1 1 3 10 7 12 1 1 1 7 1 11 12 1 1 11 12 1 11 12 1 1 10 100 12 1 1 1 10 12 1 1 9 100 12 1 1 1 10 12 1 1 10 12 1 11 12 1 1 10 12 1 1 10 12 10 12 1 1 10 100 12 1 1 1 10 7 12 1 1 1 10 12 1 1 7 1 100 1 10 12 1 10 12 1 10 12 1 1 100 1 10 12 1 1 100 1 10 12 1 1 10 12 1 1 10 10 12 1 100 1 100 1 7 1 10 12 1 10 12 1 1 10 12 1 1 10 12 1 10 12 1 1 10 12 1 1 10 7 12 1 1 7 1 11 11 12 1 11 12 1 10 12 1 1 10 12 1 10 12 10 12 1 1 10 10 100 12 1 1 1 10 100 12 1 1 10 12 1 1 10 100 12 1 1 10 12 1 10 12 1 1 10 12 1 1 10 12 1 10 12 1 10 12 1 1 100 1 10 12 1 1 10 12 10 12 1 10 12 1 1 10 100 12 1 1 1 10 12 1 10 12 1 1 10 12 1 10 12 1 3 3 10 12 1 10 12 1 1 10 12 1 1 10 12 1 1 10 12 1 10 12 1 1 10 12 1 1 10 12 1 10 12 1 10 12 1 10 12 1 1 10 12 1 10 12 1 10 12 1 10 12 1 10 12 1 10 12 1 10 100 1 10 8 1 10 12 1 1 10 12 1 8 1 10 12 1 1 10 12 10 12 1 8 1 10 10 12 1 1 10 12 1 1 10 12 1 10 12 1 1 10 12 10 100 1 10 10 12 1 10 12 1 10 12 1 10 10 12 1 10 12 1 1 10 12 1 100 1 10 10 12 1 100 1 10 10 12 1 10 12 1 1 10 12 1 10 12 1 1 10 10 12 1 1 10 100 1 10 10 12 1 10 12 1 1 10 12 1 1 10 100 1 10 12 1 10 12 1 10 12 1 10 12 1 1 10 12 1 11 7 1 11 12 10 12 1 10 12 1 1 10 12 1 1 10 10 12 1 10 12 1 9 12 1 1 11 7 12 1 1 1 10 10 12 1 10 12 1 1 10 10 12 1 10 12 1 10 12 1 1 9 12 1 10 12 1 1 10 10 12 1 1 10 12 10 10 12 1 10 12 10 10 12 10 10 12 1 10 12 1 10 12 10 10 12 10 12 1 10 12 10 12 10 10 12 1 10 12 1 1 10 12 1 10 10 12 1 10 7 12 1 1 1 10 12 1 1 10 10 7 12 1 1 1 11 10 12 1 10 12 1 1 10 12 1 1 10 7 12 1 1 1 10 12 1 10 10 12 1 10 12 1 10 12 1 10 100 12 1 1 10 12 1 100 1 100 1 8 1 10 10 10 12 1 8 1 10 12 1 3 3 7 1 10 10 12 1 10 12 1 10 12 1 1 10 12 1 1 11 7 12 1 1 1 7 1 10 12 1 1 10 12 1 10 12 1 1 10 12 1 1 8 1 10 12 1 1 10 12 1 11 100 12 1 1 1 11 100 12 1 1 11 12 1 1 10 12 1 10 12 1 1 10 10 7 12 1 1 1 10 12 1 10 12 1 10 10 12 10 12 1 1 10 10 12 1 10 10 12 1 10 10 12 1 10 10 12 1 10 12 1 1 10 10 12 1 8 1 10 12 1 1 18 12 1 1 11 100 12 1 1 1 7 1 3 18 12 1 18 12 1 8 1 10 100 12 1 1 1 11 12 1 1 10 12 10 10 12 1 10 11 12 1 1 10 12 1 1 11 12 1 18 3 11 10 12 1 11 11 10 12 1 10 12 1 1 8 1 10 12 1 10 12 1 10 12 1 1 10 10 12 1 11 100 12 1 7 1 100 1 10 12 1 7 1 10 10 7 12 1 1 1 100 1 10 7 1 10 10 12 1 10 10 12 1 8 1 10 10 12 1 8 1 8 1 10 12 1 10 12 1 10 10 12 10 7 12 1 1 10 100 12 1 1 10 100 12 1 1 8 1 10 12 1 10 12 1 1 10 10 12 8 1 8 1 10 8 1 8 1 8 1 8 1 10 12 1 10 12 1 8 1 10 100 12 1 1 1 10 12 10 12 1 1 10 12 10 10 12 10 12 7 1 9 12 1 1 7 1 10 100 1 100 1 100 1 100 1 1 1 1 1 1 5 0 1 1 1 1 1 3 1 3 1 1 1 1 1 1 1 1 1 1 1 1 1 1 1 100 1 1 1 100 1 1 1 1 1 1 1 1 1 1 1 1 1 1 1 1 1 1 1 1 1 1 1 1 1 1 1 100 1 1 1 1 1 1 1 1 1 100 1 1 1 1 1 1 1 1 1 1 1 1 1 1 1 1 1 1 1 1 1 1 1 1 1 1 1 1 1 1 1 1 1 1 1 1 1 1 1 1 1 1 1 1 1 1 1 1 1 1 1 1 1 1 1 1 1 1 1 1 1 1 1 1 1 1 1 1 1 1 1 1 1 1 1 1 1 1 1 1 1 1 1 1 1 1 1 1 1 1 1 1 1 1 1 1 1 1 1 1 1 1 1 1 1 1 1 1 1 1 1 1 1 1 1 1 1 1 1 1 1 1 1 1 1 1 1 1 1 1 1 1 1 1 1 1 1 1 1 1 1 1 1 1 1 1 1 1 1 1 1 1 1 1 1 1 1 1 1 1 1 1 1 1 1 1 1 1 1 100 1 1 1 1 1 1 1 1 1 1 1 1 1 1 1 1 1 1 1 1 1 1 1 1 100 1 1 1 1 1 1 1 1 1 1 1 1 1 7 1 1 1 1 1 1 1 1 1 1 1 1 1 1 1 15 10 100 12 1 1 1 16 15 10 12 16 15 10 12 15 10 12 15 10 12 1 1 1 1 100 1 100 1 1 1
staticfield java/lang/String COMPACT_STRINGS Z 1
staticfield java/lang/String serialPersistentFields [Ljava/io/ObjectStreamField; 0 [Ljava/io/ObjectStreamField;
staticfield java/lang/String CASE_INSENSITIVE_ORDER Ljava/util/Comparator; java/lang/String$CaseInsensitiveComparator
ciInstanceKlass java/security/ProtectionDomain 1 1 324 10 7 12 1 1 1 9 7 12 1 1 1 7 1 10 9 12 1 1 9 12 1 1 9 12 1 1 10 7 12 1 1 7 1 9 12 1 9 12 1 1 7 1 9 12 1 1 9 12 1 10 100 12 1 1 10 100 12 1 1 1 10 12 1 1 10 12 1 9 12 1 9 100 12 1 1 10 12 1 1 10 100 1 10 12 1 1 8 1 100 1 8 1 10 12 1 10 10 100 12 1 1 1 10 12 1 1 8 1 11 8 1 10 12 1 8 1 8 1 10 12 1 1 10 12 1 10 12 1 1 10 12 1 8 1 10 12 1 8 1 8 1 10 100 12 1 1 1 9 100 12 1 1 1 10 12 1 1 9 100 12 1 1 1 10 100 12 1 1 1 100 1 100 1 10 12 1 10 100 12 1 1 1 10 100 1 10 12 1 10 12 1 1 11 100 12 1 1 11 12 1 100 1 11 100 12 1 1 1 10 12 1 10 11 12 1 1 11 12 1 1 10 12 1 10 7 12 1 1 10 100 12 1 1 11 12 1 10 12 8 1 8 1 10 7 12 1 1 1 7 1 10 10 7 12 1 1 1 1 1 1 1 1 1 1 100 1 1 100 1 1 1 1 1 1 1 1 1 1 1 1 1 1 1 1 1 1 1 1 1 1 1 1 1 1 1 1 1 1 1 1 1 1 1 1 1 1 1 1 1 1 100 1 1 1 1 1 100 1 1 1 1 1
staticfield java/security/ProtectionDomain filePermCompatInPD Z 0
ciInstanceKlass java/security/CodeSource 1 1 395 10 7 12 1 1 1 9 7 12 1 1 1 9 12 1 1 9 12 1 1 9 12 1 1 10 7 12 1 1 1 9 12 1 1 10 100 12 1 1 10 100 10 100 12 1 1 1 10 100 12 1 1 1 10 12 1 1 100 1 10 10 100 12 1 1 1 10 100 12 1 1 1 10 12 1 1 10 12 1 100 1 10 12 1 1 10 12 1 1 10 12 1 1 10 12 1 10 10 10 12 1 1 10 100 12 1 1 1 10 12 1 10 12 1 10 12 1 8 1 10 12 1 10 12 1 10 12 1 1 10 12 1 8 1 10 12 1 1 10 100 1 10 10 12 1 1 8 1 10 12 1 10 12 1 10 12 1 8 1 8 1 9 12 1 1 100 1 8 1 10 12 1 10 12 1 1 8 1 10 12 1 8 1 8 1 8 1 10 100 12 1 1 10 12 1 1 10 12 1 10 12 1 1 10 12 1 1 10 12 1 1 100 1 100 1 10 12 1 10 12 10 12 1 1 10 100 12 1 1 10 12 1 100 1 10 12 10 8 1 10 12 1 10 12 1 10 12 1 1 100 1 10 12 1 1 100 1 100 1 8 1 8 1 10 10 12 1 1 10 100 12 1 1 1 100 1 10 12 10 12 1 1 11 100 12 1 1 10 10 12 1 11 10 12 1 8 1 100 1 10 12 1 10 12 1 1 10 12 1 11 12 1 1 11 100 1 1 1 1 5 0 1 1 1 1 1 1 1 1 1 1 1 1 1 1 1 1 1 1 1 1 1 1 1 1 1 1 1 1 1 1 1 1 1 1 1 1 1 1 1 1 1 1 1 1 1 1 1 1 1 1 1 1 1 1 1 1 1 1 1 1 1 1 1 1 1 100 1 1 1 1 1 1 1
ciInstanceKlass java/lang/StringBuilder 1 1 409 10 7 12 1 1 1 10 12 1 10 12 1 10 12 1 1 10 7 12 1 1 1 10 7 12 1 1 1 10 12 1 10 12 1 10 12 1 10 12 1 10 12 1 10 12 1 10 12 1 10 12 1 10 12 1 10 12 1 10 12 1 10 12 1 10 12 1 10 12 1 1 10 12 1 10 12 1 1 10 12 1 1 10 12 1 10 12 1 10 12 1 10 12 1 10 12 1 10 12 1 10 12 1 10 12 10 12 1 10 12 1 10 12 1 10 12 1 1 10 12 1 10 12 1 10 12 10 12 1 1 10 12 1 1 9 12 1 1 9 12 1 1 10 7 12 1 1 1 10 7 1 10 100 12 1 1 1 10 12 1 10 12 1 1 10 12 1 1 10 10 12 1 1 10 100 12 1 1 10 12 1 10 12 1 1 100 1 100 1 8 1 10 10 12 1 1 10 12 1 1 10 12 1 10 12 1 10 12 1 10 12 1 10 12 1 10 12 1 10 12 1 10 12 1 10 12 1 10 12 1 10 12 1 10 12 1 10 12 1 10 12 1 10 12 1 1 10 12 1 1 10 12 1 10 12 1 10 12 1 10 12 10 12 10 12 1 10 12 1 10 12 1 10 12 10 12 1 10 12 1 10 12 1 10 12 1 10 12 1 10 12 1 10 12 1 10 12 1 10 12 1 1 10 12 1 10 12 1 1 10 12 1 10 12 1 1 10 12 1 10 12 1 1 10 12 1 10 12 1 10 12 1 10 10 12 1 10 12 1 100 1 100 1 100 1 1 1 1 5 0 1 1 1 1 1 1 1 1 1 1 1 1 1 1 1 1 1 1 1 1 1 1 1 1 1 1 1 1 1 1 1 1 1 1 1 1 1 1 1 1 1 1 1 100 1 1 1 100 1 1 1 1 1 1 1 1 1 1
ciInstanceKlass jdk/internal/loader/ClassLoaders 1 1 183 10 100 12 1 1 1 10 7 12 1 1 1 10 12 1 1 10 100 12 1 1 1 9 7 12 1 1 1 9 12 1 1 9 12 1 1 7 1 11 100 12 1 1 1 100 1 11 12 1 1 11 12 1 1 10 100 12 1 1 1 10 100 12 1 1 1 100 1 100 1 10 7 12 1 1 1 9 12 1 1 10 12 1 1 7 1 10 12 1 1 10 12 1 7 1 8 1 10 7 12 1 1 1 10 12 1 1 7 1 10 12 1 10 12 1 10 12 1 8 1 10 7 12 1 1 8 1 8 1 10 12 1 7 1 10 12 1 10 12 1 10 12 1 1 1 1 1 1 1 1 1 1 1 1 1 1 1 1 1 1 1 1 100 1 1 1 1 1 1 1 1 1 1 1 1 1 1 1 1 1 1 1
staticfield jdk/internal/loader/ClassLoaders JLA Ljdk/internal/access/JavaLangAccess; java/lang/System$2
staticfield jdk/internal/loader/ClassLoaders BOOT_LOADER Ljdk/internal/loader/ClassLoaders$BootClassLoader; jdk/internal/loader/ClassLoaders$BootClassLoader
staticfield jdk/internal/loader/ClassLoaders PLATFORM_LOADER Ljdk/internal/loader/ClassLoaders$PlatformClassLoader; jdk/internal/loader/ClassLoaders$PlatformClassLoader
staticfield jdk/internal/loader/ClassLoaders APP_LOADER Ljdk/internal/loader/ClassLoaders$AppClassLoader; jdk/internal/loader/ClassLoaders$AppClassLoader
ciInstanceKlass jdk/internal/misc/Unsafe 1 1 1285 10 7 12 1 1 1 9 7 12 1 1 1 9 12 1 1 10 12 1 1 10 7 12 1 1 1 10 12 1 1 10 12 1 1 10 12 1 1 10 12 1 1 10 12 1 1 10 12 1 1 10 12 1 1 10 12 1 1 10 12 1 1 10 12 1 1 10 12 1 1 10 12 1 1 10 12 1 1 10 12 1 10 12 1 100 1 10 10 12 1 1 10 12 1 1 5 0 10 12 1 1 10 12 1 1 10 7 12 1 1 1 10 12 1 1 10 12 1 10 12 1 10 12 1 1 10 12 1 1 10 12 1 10 12 1 100 1 100 1 10 8 1 10 12 1 1 10 12 1 8 1 10 12 1 1 10 12 1 10 12 1 10 12 1 1 10 12 1 10 12 1 1 10 12 1 1 10 12 1 10 12 1 10 12 1 10 12 1 1 10 12 1 10 12 1 10 12 1 1 10 12 1 5 0 5 0 5 0 10 12 1 10 12 1 10 12 1 10 12 1 10 12 1 10 12 1 10 12 1 10 12 1 10 12 1 1 10 12 1 10 12 1 100 1 8 1 10 100 1 10 10 12 1 1 10 12 1 1 10 12 1 10 12 1 1 10 12 1 1 10 12 1 10 12 1 1 10 12 1 9 7 12 1 1 9 12 1 100 1 10 10 12 1 1 8 1 10 8 1 8 1 10 12 1 1 9 7 12 1 1 1 9 100 1 9 7 1 9 7 1 9 9 100 1 9 7 1 9 100 1 10 12 1 1 10 12 1 1 10 12 1 1 10 12 1 1 5 0 5 0 9 12 1 1 10 12 1 10 12 1 10 12 1 1 10 12 1 1 10 12 1 8 1 3 10 12 1 1 10 12 1 1 10 12 1 10 12 1 1 10 12 1 1 10 12 1 10 12 1 10 12 1 10 12 1 10 12 1 10 12 1 1 10 12 1 1 10 12 1 10 12 1 10 12 1 10 12 1 10 12 1 10 12 1 1 10 12 1 1 10 12 1 10 12 1 10 12 1 10 12 1 10 12 1 10 12 1 1 10 12 1 1 10 12 1 1 10 12 1 1 10 12 1 10 12 1 10 12 1 10 12 1 10 12 1 10 12 1 10 12 1 1 10 12 1 1 10 12 1 10 12 1 10 12 1 10 12 1 10 12 1 10 12 1 10 12 1 1 10 12 1 1 10 12 1 10 12 1 10 12 1 10 12 1 10 12 1 10 12 1 10 12 1 10 12 1 1 10 12 1 10 12 1 10 12 1 10 12 1 10 12 1 1 10 12 1 10 12 1 10 12 1 10 12 1 10 12 1 10 12 1 10 12 1 10 12 1 1 10 12 1 10 12 1 10 12 1 10 12 1 10 12 1 10 12 1 1 10 12 1 10 12 1 10 12 1 1 10 12 1 10 12 1 10 12 1 10 12 1 10 12 1 10 12 1 10 12 1 10 12 1 10 12 1 10 12 1 10 12 1 10 12 1 10 12 1 10 12 1 10 12 1 10 12 1 10 12 1 10 12 1 10 12 1 10 12 1 10 12 1 10 12 1 100 1 10 100 1 10 9 12 1 5 0 10 12 1 1 5 0 10 12 1 5 0 10 12 1 10 12 1 10 12 1 1 10 12 1 1 10 12 1 10 12 1 10 12 1 10 12 1 1 10 12 1 10 12 1 10 12 1 10 12 1 10 12 1 1 10 12 1 10 12 1 10 12 1 10 12 1 1 10 12 1 10 12 1 10 12 1 1 10 12 1 10 12 1 10 12 1 10 12 1 1 10 12 1 10 10 12 1 1 10 12 1 10 12 1 1 10 12 1 10 12 5 0 5 0 5 0 10 12 1 1 10 12 1 10 12 1 10 12 10 7 12 1 1 8 1 7 1 11 12 1 1 8 1 11 12 1 1 10 7 12 1 1 10 12 1 10 12 1 10 12 1 10 12 1 10 12 1 1 10 12 1 10 12 1 10 12 1 10 12 1 10 12 1 10 12 1 10 7 1 10 12 1 9 12 1 7 1 9 12 1 7 1 9 12 1 7 1 9 12 1 7 1 9 12 1 7 1 9 12 1 7 1 9 12 1 7 1 9 12 1 7 1 9 12 1 10 12 1 9 12 1 9 12 1 9 12 1 9 12 1 9 12 1 9 12 1 9 12 1 9 12 1 9 12 1 9 12 1 1 1 3 1 1 1 1 1 1 1 1 1 1 1 1 1 1 1 1 1 1 1 1 1 1 1 1 1 1 1 1 1 1 1 1 1 1 1 1 1 1 1 1 1 1 1 1 1 1 1 1 1 1 1 1 1 1 1 1 1 1 1 1 1 1 1 1 1 1 1 1 1 1 1 1 1 1 1 1 1 1 1 1 1 1 1 1 1 1 1 1 1 7 1 1 1 1 1 1 1 1 1 1 1 1 1 1 1 1 1 1 1 1 1 1 1 1 1 1 1 1 1 1 1 1 1 1 1 1 1 1 1 1 1 1 1 1 1 1 1 1 1 1 1 1 1 1 1 1 1 1 1 1 1 1 1 1 1 1 1 1 1 1 1 1 1 1 1 1 1 1 1 1 1 1 1 1 1 1 1 1 1 1 1 1 1 1 1 1 1 1 1 1 1 1 1 1 1 1 1 1 1 1 1 1 1 1 1 1 1 1 1 1 1 1 1 1 1 1 1 1 1 1 1 1 1 1 1 1 1 1 1 1 1 1 1 1 1 1 1 1 1 1 1 1 1 1 1 1 1 1 1 1 1 1 1 1 1 1 1 1 1 1 1 1 1 1 1 1 1 1 1 1 1 1 1 1 1 1 1 1 1 1 1 1 1 1 1 1 1 1 1 1 1 1 1 1 1 1 1 3 1 1 1 1 1 1 1 1 1 1 1 1 1 1 1 1 1 1 1 1 1
staticfield jdk/internal/misc/Unsafe theUnsafe Ljdk/internal/misc/Unsafe; jdk/internal/misc/Unsafe
staticfield jdk/internal/misc/Unsafe ARRAY_BOOLEAN_BASE_OFFSET I 16
staticfield jdk/internal/misc/Unsafe ARRAY_BYTE_BASE_OFFSET I 16
staticfield jdk/internal/misc/Unsafe ARRAY_SHORT_BASE_OFFSET I 16
staticfield jdk/internal/misc/Unsafe ARRAY_CHAR_BASE_OFFSET I 16
staticfield jdk/internal/misc/Unsafe ARRAY_INT_BASE_OFFSET I 16
staticfield jdk/internal/misc/Unsafe ARRAY_LONG_BASE_OFFSET I 16
staticfield jdk/internal/misc/Unsafe ARRAY_FLOAT_BASE_OFFSET I 16
staticfield jdk/internal/misc/Unsafe ARRAY_DOUBLE_BASE_OFFSET I 16
staticfield jdk/internal/misc/Unsafe ARRAY_OBJECT_BASE_OFFSET I 16
staticfield jdk/internal/misc/Unsafe ARRAY_BOOLEAN_INDEX_SCALE I 1
staticfield jdk/internal/misc/Unsafe ARRAY_BYTE_INDEX_SCALE I 1
staticfield jdk/internal/misc/Unsafe ARRAY_SHORT_INDEX_SCALE I 2
staticfield jdk/internal/misc/Unsafe ARRAY_CHAR_INDEX_SCALE I 2
staticfield jdk/internal/misc/Unsafe ARRAY_INT_INDEX_SCALE I 4
staticfield jdk/internal/misc/Unsafe ARRAY_LONG_INDEX_SCALE I 8
staticfield jdk/internal/misc/Unsafe ARRAY_FLOAT_INDEX_SCALE I 4
staticfield jdk/internal/misc/Unsafe ARRAY_DOUBLE_INDEX_SCALE I 8
staticfield jdk/internal/misc/Unsafe ARRAY_OBJECT_INDEX_SCALE I 4
staticfield jdk/internal/misc/Unsafe ADDRESS_SIZE I 8
ciInstanceKlass java/util/Map 1 1 259 11 7 12 1 1 1 11 12 1 1 10 7 12 1 1 11 12 1 1 11 7 12 1 1 1 11 7 12 1 1 1 11 12 1 1 7 1 11 12 1 11 12 1 100 1 100 1 10 12 1 1 11 100 12 1 1 1 11 100 12 1 1 1 11 12 1 11 12 1 10 12 1 1 11 12 1 11 100 12 1 9 7 12 1 1 1 7 1 10 12 7 1 7 1 10 12 1 7 1 10 7 1 11 12 1 1 7 1 11 12 1 1 1 1 1 1 1 1 1 1 1 1 1 1 1 1 1 1 1 1 1 1 1 1 1 1 1 1 1 1 1 1 1 1 1 1 1 1 1 1 1 1 1 1 1 1 1 1 1 1 1 1 1 1 1 1 1 1 1 1 1 1 1 1 1 1 1 1 1 1 1 1 1 1 1 1 1 1 1 1 1 1 1 1 1 1 1 1 1 1 1 1 1 1 1 1 1 1 1 1 1 1 1 1 1 1 1 1 1 1 1 1 1 1 1 1 1 1 1 1 1 1 1 1 1 1 1 1 1 100 1 1 1 1 1 1 1 1 1 1 1 1 1 1 1 1 1 1
ciInstanceKlass java/lang/ThreadGroup 1 1 293 10 7 12 1 1 1 9 7 12 1 1 1 8 1 9 12 1 1 7 1 9 12 1 9 12 1 1 10 12 1 1 10 12 1 1 10 12 1 10 12 1 1 10 12 1 9 12 1 1 10 12 1 1 10 12 1 9 12 1 10 100 12 1 1 1 9 12 1 9 12 1 1 10 7 12 1 1 1 7 10 12 1 1 10 7 12 1 1 1 10 100 12 1 9 12 1 10 12 1 1 10 12 1 1 9 12 1 1 10 12 1 1 10 12 1 10 12 1 10 12 1 1 10 12 1 1 10 12 1 10 12 1 10 10 12 1 10 12 1 10 100 1 10 10 12 1 10 12 1 10 12 1 7 10 12 1 9 12 1 1 10 12 1 1 8 1 10 100 12 1 1 1 10 12 1 1 10 12 1 1 10 12 1 1 11 100 1 100 1 9 12 1 100 1 10 8 1 10 12 1 1 10 12 1 1 8 1 10 12 1 10 100 12 1 1 1 10 12 1 1 10 100 1 8 1 10 8 1 10 12 1 8 1 1 1 1 1 1 1 1 1 1 1 1 1 1 1 1 1 3 1 1 1 1 1 1 1 1 1 1 1 1 1 1 1 1 1 1 1 1 1 1 1 1 1 1 1 1 1 1 1 1 1 1 1 1 1 1 1 1 1 1
instanceKlass org/springframework/beans/factory/support/ManagedProperties
instanceKlass org/springframework/core/SortedProperties
instanceKlass java/security/Provider
ciInstanceKlass java/util/Properties 1 1 651 10 7 12 1 1 1 100 1 10 7 12 1 1 7 1 10 12 1 9 12 1 1 9 12 1 1 9 12 1 1 10 7 12 1 1 1 10 12 1 1 8 1 10 7 12 1 1 1 7 1 10 12 1 10 12 1 1 8 1 10 12 1 7 1 10 12 10 12 1 1 9 12 1 1 10 12 1 1 7 1 10 12 1 10 12 1 10 12 1 1 100 1 8 1 10 12 1 10 12 1 10 12 1 1 10 12 1 100 1 3 10 10 100 12 1 1 1 10 12 1 10 12 1 1 8 1 10 12 1 10 12 1 1 8 1 10 100 12 1 1 10 12 1 1 10 12 1 10 12 1 1 100 1 10 12 1 10 12 1 1 100 1 9 100 12 1 1 1 10 12 1 10 12 1 1 100 1 10 10 10 12 1 1 11 7 12 1 1 1 11 7 12 1 1 1 11 12 1 1 7 1 11 12 1 11 12 1 10 12 1 1 8 1 10 12 1 10 12 1 100 1 10 10 12 1 1 10 100 12 1 1 9 100 12 1 1 10 12 1 1 10 100 12 1 1 1 100 1 100 1 100 1 10 8 1 8 1 10 12 1 10 12 1 10 12 1 1 10 10 12 1 1 10 12 1 1 7 1 10 10 12 1 11 7 12 1 1 10 7 12 1 1 1 8 1 10 100 12 1 1 11 8 1 10 100 1 11 10 12 1 10 12 1 10 12 1 10 12 1 1 10 12 1 1 10 12 1 1 10 12 1 10 12 1 10 10 12 1 10 12 1 10 12 1 10 10 12 1 1 10 12 1 1 7 1 10 10 12 1 10 12 1 10 12 1 10 12 1 10 12 1 1 10 12 1 1 10 12 1 10 12 1 10 12 1 1 10 12 10 12 1 1 10 12 1 1 10 12 1 10 12 1 1 10 12 1 1 10 12 100 1 10 11 100 12 1 1 4 11 10 12 1 1 10 100 12 1 1 11 12 1 10 12 1 1 10 100 12 1 1 10 12 1 100 1 8 1 10 12 1 10 10 100 12 1 1 1 100 1 6 0 10 12 1 1 11 100 12 1 1 1 10 12 1 10 12 1 1 1 1 1 5 0 1 1 1 1 1 1 1 1 1 1 1 1 1 1 1 1 1 1 1 1 1 1 1 1 1 1 1 1 1 1 1 1 1 1 1 1 1 1 1 1 100 1 1 1 1 1 1 1 1 1 1 1 1 1 1 1 1 1 1 1 1 100 1 1 1 1 1 1 1 100 1 100 1 1 1 1 100 1 1 1 1 1 1 1 1 1 1 1 1 1 1 1 1 1 1 1 1 1 1 1 1 1 1 1 1 1 1 1 1 1 1 1 1 1 1 1 1 1 1 1 1 1 1 1 1 1 1 1 1 1 1 1 1 1 1 1 1 1 1 1 1 1 1 1 1 1 1 1 1 1 1 1 1 100 1 1 1 1 1 1 1 1 1 100 1 1 1
staticfield java/util/Properties UNSAFE Ljdk/internal/misc/Unsafe; jdk/internal/misc/Unsafe
instanceKlass java/util/Hashtable
ciInstanceKlass java/util/Dictionary 1 1 36 10 7 12 1 1 1 100 1 1 1 1 1 1 1 1 1 1 1 1 1 1 1 1 1 1 1 1 1 1 1 1 1 1 1 1
instanceKlass java/util/Properties
ciInstanceKlass java/util/Hashtable 1 1 512 100 1 10 7 12 1 1 1 9 7 12 1 1 1 100 1 100 1 10 8 1 10 12 1 1 10 12 1 10 12 1 1 10 12 1 10 7 12 1 1 1 8 1 10 12 1 9 12 1 1 7 1 9 12 1 1 4 10 7 12 1 1 1 9 12 1 4 10 12 1 11 7 12 1 1 1 10 12 1 1 10 12 1 1 9 12 1 10 12 1 1 100 1 10 9 12 1 1 10 7 12 1 1 1 9 12 1 1 10 12 1 10 12 1 3 9 12 1 9 12 1 3 10 12 1 10 12 1 10 12 1 1 11 12 1 1 11 7 12 1 1 1 11 7 12 1 1 1 11 12 1 7 1 11 12 1 11 12 1 10 12 1 1 10 12 1 1 10 12 1 9 12 1 1 9 12 9 12 1 1 10 100 1 100 1 10 12 1 10 8 1 10 10 12 1 8 1 10 8 1 10 7 12 1 1 1 7 1 10 12 1 10 12 1 7 1 10 12 1 10 12 1 1 7 1 10 100 1 10 10 12 1 1 11 12 1 1 11 12 1 100 1 10 10 10 100 12 1 1 11 100 12 1 1 1 100 1 10 11 100 12 1 1 11 100 12 1 10 12 1 10 12 1 1 10 100 12 1 1 10 12 1 1 10 12 1 1 10 12 1 1 10 100 12 1 1 1 8 10 100 12 1 1 100 1 8 1 10 4 10 12 4 10 12 1 8 1 10 12 10 100 12 1 1 1 100 1 11 100 12 1 1 1 10 100 12 1 1 1 10 12 1 10 12 1 1 10 100 1 100 1 1 1 1 1 1 5 0 1 1 1 1 1 3 1 3 1 3 1 1 1 1 1 1 1 1 1 1 1 1 1 1 1 1 1 1 1 1 1 1 1 1 1 100 1 1 1 1 1 1 1 1 1 1 1 1 1 1 1 1 1 1 1 1 1 1 1 1 1 1 1 1 1 100 1 1 1 1 1 1 1 1 1 1 1 1 1 1 1 1 1 1 1 1 1 1 1 1 1 1 1 1 1 1 1 1 1 1 1 1 1 1 1 1 1 1 1 1 1 1 1 1 1 1 1 1 1 1 1 1 1 1 100 1 1 1 100 1 1 1 1 1 100 1 1 1 1 1 1 1 1 1 1 1 1 1 1 1 1 1 1
instanceKlass com/mongodb/client/gridfs/GridFSDownloadStream
instanceKlass io/grpc/netty/shaded/io/netty/buffer/ByteBufInputStream
instanceKlass sun/security/ssl/SSLSocketImpl$AppInputStream
instanceKlass io/grpc/protobuf/lite/ProtoInputStream
instanceKlass com/google/protobuf/IterableByteBufferInputStream
instanceKlass java/io/SequenceInputStream
instanceKlass com/google/common/io/BaseEncoding$StandardBaseEncoding$2
instanceKlass jakarta/servlet/ServletInputStream
instanceKlass org/apache/catalina/webresources/TrackedInputStream
instanceKlass java/util/jar/JarVerifier$VerifierStream
instanceKlass sun/nio/ch/ChannelInputStream
instanceKlass java/io/ObjectInputStream$PeekInputStream
instanceKlass java/io/ObjectInputStream$BlockDataInputStream
instanceKlass sun/nio/ch/NioSocketImpl$1
instanceKlass java/net/Socket$SocketInputStream
instanceKlass java/io/ObjectInputStream
instanceKlass java/util/zip/ZipFile$ZipFileInputStream
instanceKlass java/io/FilterInputStream
instanceKlass java/io/FileInputStream
instanceKlass java/io/ByteArrayInputStream
ciInstanceKlass java/io/InputStream 1 1 184 100 1 10 7 12 1 1 1 100 1 10 10 7 12 1 1 1 10 7 12 1 1 1 10 12 1 100 1 3 10 12 1 1 100 1 8 1 10 12 1 10 7 12 1 1 1 3 100 1 8 1 10 10 100 12 1 1 1 100 1 10 11 100 12 1 1 1 10 12 1 1 11 12 1 1 11 100 12 1 1 1 11 12 1 1 100 1 10 100 12 1 1 1 5 0 10 12 1 10 12 1 1 100 1 10 8 1 10 8 1 8 1 10 12 1 1 10 100 12 1 1 1 100 1 1 1 1 3 1 3 1 1 1 1 1 1 1 1 1 1 1 1 1 1 1 1 1 1 1 1 1 1 1 1 1 1 1 1 1 1 1 1 1 1 1 1 1 1 1 1 1 1 1 1 1 1 1 1 1 1 1 1 1
ciInstanceKlass java/io/ByteArrayInputStream 1 1 117 10 7 12 1 1 1 9 7 12 1 1 1 9 12 1 1 9 12 1 9 12 1 10 100 12 1 1 1 10 7 12 1 1 1 10 7 12 1 1 1 10 7 12 1 1 1 10 12 1 1 3 10 100 1 10 100 12 1 1 1 9 12 1 1 100 1 10 10 7 12 1 1 1 1 1 1 1 1 1 1 1 1 1 1 1 1 1 1 1 1 1 1 1 1 1 1 1 1 1 1 1 100 1 1 1 1 1 1 1 1 1 1 1 1 1 1
staticfield java/io/ByteArrayInputStream $assertionsDisabled Z 1
instanceKlass io/grpc/netty/shaded/io/netty/util/concurrent/FastThreadLocalThread
instanceKlass com/mongodb/internal/connection/DefaultServerMonitor$ServerMonitor
instanceKlass java/util/concurrent/ForkJoinWorkerThread
instanceKlass org/apache/tomcat/util/threads/TaskThread
instanceKlass org/springframework/boot/web/embedded/tomcat/TomcatWebServer$1
instanceKlass org/springframework/boot/autoconfigure/ssl/FileWatcher$WatcherThread
instanceKlass org/springframework/context/support/AbstractApplicationContext$1
instanceKlass org/springframework/boot/devtools/restart/RestartLauncher
instanceKlass org/springframework/boot/devtools/restart/Restarter$LeakSafeThread
instanceKlass java/util/logging/LogManager$Cleaner
instanceKlass jdk/internal/misc/InnocuousThread
instanceKlass java/lang/ref/Finalizer$FinalizerThread
instanceKlass java/lang/ref/Reference$ReferenceHandler
ciInstanceKlass java/lang/Thread 1 1 612 9 7 12 1 1 1 9 12 1 1 10 12 1 1 9 12 1 1 9 12 1 1 100 1 8 1 10 12 1 1 3 8 1 100 1 5 0 10 12 1 1 10 7 12 1 1 9 12 1 1 9 12 1 9 12 1 1 9 12 1 100 1 8 1 10 9 12 1 1 10 7 12 1 1 1 10 100 12 1 1 1 10 10 7 12 1 1 10 12 1 1 10 12 1 1 9 100 12 1 1 1 10 12 1 1 10 12 1 9 12 1 1 10 12 1 1 10 12 1 1 9 12 1 10 12 1 1 9 12 1 1 10 7 12 1 1 1 9 12 1 1 9 12 1 1 10 12 1 1 10 7 12 1 1 1 9 12 1 10 12 1 1 9 12 1 100 1 10 7 1 10 8 1 10 12 1 1 10 12 1 10 12 1 10 12 1 1 10 12 1 10 12 1 9 12 1 100 1 10 10 12 1 1 10 12 1 10 12 1 100 1 11 7 12 1 1 9 7 12 1 1 1 10 12 1 10 12 1 10 12 9 12 1 1 10 9 12 1 10 12 1 100 1 10 10 12 1 1 9 12 1 10 12 1 11 100 12 1 1 10 12 1 9 12 1 10 12 1 10 12 1 10 10 12 1 10 12 1 10 12 1 10 12 1 10 12 1 1 100 1 10 10 12 1 10 12 1 10 12 1 9 100 12 1 1 1 10 12 1 1 10 12 1 7 1 8 1 10 10 12 1 10 12 8 1 10 12 1 8 1 10 8 1 8 1 10 100 12 1 1 10 100 12 1 1 1 100 1 8 1 10 9 12 1 9 12 1 1 10 12 1 1 10 10 12 1 1 9 12 1 10 12 1 1 100 1 10 12 11 100 12 1 1 1 9 100 12 1 1 1 9 12 1 1 10 12 1 1 100 1 10 12 1 11 100 12 1 1 1 100 1 10 12 1 10 12 1 1 11 12 1 10 12 1 100 1 10 12 1 10 12 1 1 10 7 12 1 1 1 8 1 9 12 1 10 12 1 1 11 7 12 1 1 1 10 100 12 1 1 1 11 12 1 10 12 1 7 1 1 1 1 3 1 3 1 3 1 1 1 1 1 1 1 1 1 1 1 1 1 1 1 1 1 1 1 100 1 1 1 1 1 1 1 1 1 1 1 1 100 1 100 1 1 1 1 1 1 1 1 1 1 1 1 1 1 1 1 1 1 1 1 1 1 1 1 1 1 1 1 1 1 1 1 1 1 1 1 1 1 1 1 1 1 1 100 100 1 1 1 1 1 1 1 1 1 100 1 1 1 1 1 1 1 1 1 1 1 1 1 1 1 1 1 1 1 1 1 1 1 1 1 1 1 1 100 1 1 1 1 1 1 100 1 1 100 1 1 1 1 1 1
staticfield java/lang/Thread EMPTY_STACK_TRACE [Ljava/lang/StackTraceElement; 0 [Ljava/lang/StackTraceElement;
instanceKlass java/lang/Exception
instanceKlass java/lang/Error
ciInstanceKlass java/lang/Throwable 1 1 393 10 7 12 1 1 1 9 7 12 1 1 1 9 12 1 1 9 12 1 9 12 1 1 9 12 1 10 12 1 1 9 12 1 1 10 12 1 1 10 12 1 100 1 7 1 10 8 1 10 12 1 1 8 1 10 7 12 1 1 10 10 12 1 100 1 8 1 10 10 12 1 1 10 7 12 1 1 10 12 1 8 1 9 100 12 1 1 1 10 12 1 1 100 1 10 12 10 12 1 100 1 10 10 7 12 1 1 1 11 100 12 1 1 1 10 100 12 1 1 1 10 12 1 1 10 12 1 1 8 1 10 12 1 10 12 1 1 8 1 8 1 10 12 1 1 10 12 1 8 1 8 1 9 12 1 1 10 100 12 1 1 100 1 10 11 12 1 8 1 8 1 10 7 12 1 1 8 1 10 12 1 8 1 100 1 10 12 1 9 12 1 1 10 12 1 10 7 12 1 9 12 1 1 10 12 1 1 100 1 8 1 10 12 1 10 100 12 1 1 10 12 1 1 7 1 10 100 12 1 1 1 10 12 1 11 7 12 1 1 1 11 100 12 1 1 1 11 12 1 8 1 10 12 1 1 8 1 10 10 9 100 12 1 1 1 8 1 10 12 1 1 10 100 1 8 1 10 11 12 1 1 8 1 9 12 1 10 7 12 1 1 11 9 12 1 1 11 12 1 1 100 10 12 1 10 12 1 1 100 1 1 1 1 5 0 1 1 1 1 1 1 1 1 1 1 1 1 1 100 1 1 1 1 1 1 1 1 1 1 1 1 1 1 1 1 1 1 1 1 1 1 1 1 1 1 1 1 1 1 1 1 1 1 1 1 1 1 1 1 1 1 7 1 7 1 1 1 1 1 1 1 1 1 1 1 1 1 1 1 1 1 1
staticfield java/lang/Throwable UNASSIGNED_STACK [Ljava/lang/StackTraceElement; 0 [Ljava/lang/StackTraceElement;
staticfield java/lang/Throwable SUPPRESSED_SENTINEL Ljava/util/List; java/util/Collections$EmptyList
staticfield java/lang/Throwable EMPTY_THROWABLE_ARRAY [Ljava/lang/Throwable; 0 [Ljava/lang/Throwable;
staticfield java/lang/Throwable $assertionsDisabled Z 1
instanceKlass io/grpc/StatusException
instanceKlass io/grpc/internal/AutoConfiguredLoadBalancerFactory$PolicyException
instanceKlass sun/security/ec/ECOperations$IntermediateValueException
instanceKlass javax/security/cert/CertificateException
instanceKlass io/opencensus/trace/propagation/SpanContextParseException
instanceKlass com/google/common/collect/RegularImmutableMap$BucketOverflowException
instanceKlass jakarta/websocket/EncodeException
instanceKlass org/apache/tomcat/websocket/AuthenticationException
instanceKlass org/apache/catalina/connector/CoyoteAdapter$RecycleRequiredException
instanceKlass jakarta/websocket/DeploymentException
instanceKlass java/lang/instrument/IllegalClassFormatException
instanceKlass org/ietf/jgss/GSSException
instanceKlass org/springframework/validation/BindException
instanceKlass sun/security/pkcs11/wrapper/PKCS11Exception
instanceKlass java/security/GeneralSecurityException
instanceKlass org/apache/catalina/LifecycleException
instanceKlass java/beans/IntrospectionException
instanceKlass java/util/concurrent/ExecutionException
instanceKlass org/springframework/expression/AccessException
instanceKlass javax/xml/parsers/ParserConfigurationException
instanceKlass org/xml/sax/SAXException
instanceKlass jakarta/servlet/ServletException
instanceKlass ch/qos/logback/core/spi/ScanException
instanceKlass java/text/ParseException
instanceKlass sun/nio/fs/WindowsException
instanceKlass javax/naming/NamingException
instanceKlass java/security/PrivilegedActionException
instanceKlass javax/management/InvalidApplicationException
instanceKlass javax/management/BadAttributeValueExpException
instanceKlass javax/management/BadBinaryOpValueExpException
instanceKlass javax/management/BadStringOperationException
instanceKlass java/net/URISyntaxException
instanceKlass java/util/concurrent/TimeoutException
instanceKlass ch/qos/logback/core/boolex/EvaluationException
instanceKlass ch/qos/logback/core/util/DynamicClassLoadingException
instanceKlass ch/qos/logback/core/util/IncompatibleClassException
instanceKlass ch/qos/logback/core/joran/spi/JoranException
instanceKlass java/rmi/AlreadyBoundException
instanceKlass java/rmi/NotBoundException
instanceKlass java/lang/CloneNotSupportedException
instanceKlass javax/management/JMException
instanceKlass java/io/IOException
instanceKlass java/lang/InterruptedException
instanceKlass java/lang/ReflectiveOperationException
instanceKlass java/lang/RuntimeException
ciInstanceKlass java/lang/Exception 1 1 40 10 7 12 1 1 1 10 12 1 10 12 1 10 12 1 10 12 1 100 1 1 1 1 5 0 1 1 1 1 1 1 1 1 1 1 1 1 1 1
instanceKlass java/lang/reflect/InvocationTargetException
instanceKlass java/lang/IllegalAccessException
instanceKlass java/lang/InstantiationException
instanceKlass java/lang/NoSuchFieldException
instanceKlass java/lang/NoSuchMethodException
instanceKlass java/lang/ClassNotFoundException
ciInstanceKlass java/lang/ReflectiveOperationException 1 1 34 10 7 12 1 1 1 10 12 1 10 12 1 10 12 1 100 1 1 1 1 5 0 1 1 1 1 1 1 1 1 1 1 1
instanceKlass java/lang/AssertionError
instanceKlass java/util/ServiceConfigurationError
instanceKlass java/lang/VirtualMachineError
instanceKlass java/lang/LinkageError
instanceKlass java/lang/ThreadDeath
ciInstanceKlass java/lang/Error 1 1 40 10 7 12 1 1 1 10 12 1 10 12 1 10 12 1 10 12 1 100 1 1 1 1 5 0 1 1 1 1 1 1 1 1 1 1 1 1 1 1
ciInstanceKlass java/lang/ThreadDeath 0 0 21 10 100 12 1 1 1 100 1 1 1 1 5 0 1 1 1 1 1 1 1
ciInstanceKlass java/lang/ClassNotFoundException 1 1 96 7 1 10 7 12 1 1 1 10 12 1 10 12 1 1 10 100 12 1 1 1 8 1 10 100 12 1 1 1 10 7 12 1 1 10 100 12 1 1 1 10 100 12 1 1 1 10 12 1 1 7 1 10 12 1 9 12 1 1 1 1 1 5 0 1 1 1 1 1 1 1 1 1 1 1 1 1 1 1 1 1 1 100 1 1 1 1 1 1 1 1 1 1 1 1
staticfield java/lang/ClassNotFoundException serialPersistentFields [Ljava/io/ObjectStreamField; 1 [Ljava/io/ObjectStreamField;
instanceKlass java/lang/UnsatisfiedLinkError
instanceKlass java/lang/ExceptionInInitializerError
instanceKlass java/lang/ClassFormatError
instanceKlass java/lang/IncompatibleClassChangeError
instanceKlass java/lang/BootstrapMethodError
instanceKlass java/lang/NoClassDefFoundError
ciInstanceKlass java/lang/LinkageError 1 1 31 10 7 12 1 1 1 10 12 1 10 12 1 100 1 1 1 1 5 0 1 1 1 1 1 1 1 1 1 1 1
instanceKlass org/springframework/context/support/DefaultLifecycleProcessor$LifecycleGroupMember
instanceKlass org/springframework/boot/http/client/HttpClientSettings
instanceKlass org/springframework/boot/actuate/sbom/SbomEndpoint$Sboms
instanceKlass org/springframework/boot/actuate/sbom/SbomEndpoint$AutodetectedSbom
instanceKlass org/springframework/data/mongodb/repository/support/MongoRepositoryFactory$MongoQueryLookupStrategy
instanceKlass org/springframework/data/repository/core/support/RepositoryFactorySupport$RepositoryStub
instanceKlass org/springframework/data/mongodb/core/mapping/FieldName
instanceKlass org/springframework/data/expression/LiteralValueExpression
instanceKlass org/springframework/data/mapping/model/ClassGeneratingPropertyAccessorFactory$KotlinValueBoxingAdapter
instanceKlass org/springframework/data/convert/DefaultConverterBuilder
instanceKlass org/springframework/beans/factory/support/MethodDescriptor
instanceKlass sun/security/pkcs/SignerInfo$AlgorithmInfo
instanceKlass jdk/internal/misc/ThreadTracker$ThreadRef
instanceKlass org/springframework/boot/autoconfigure/ssl/BundleContentProperty
instanceKlass org/springframework/boot/autoconfigure/ssl/SslPropertiesBundleRegistrar$Bundle
instanceKlass org/springframework/boot/web/server/Ssl$ServerNameSslBundle
instanceKlass org/springframework/cglib/core/MethodWrapper$MethodWrapperKey
instanceKlass org/springframework/cglib/proxy/Enhancer$EnhancerKey
instanceKlass org/springframework/data/web/config/SpringDataWebSettings
instanceKlass org/springframework/util/ConcurrentLruCache$CacheEntry
instanceKlass org/springframework/boot/http/client/ClientHttpRequestFactorySettings
instanceKlass org/springframework/util/PlaceholderParser$ParsedSection
instanceKlass org/springframework/boot/SpringApplicationShutdownHook$Handler
instanceKlass org/springframework/util/PlaceholderParser$ParsedValue
instanceKlass org/springframework/boot/context/properties/bind/JavaBeanBinder$Bean$CacheKey
instanceKlass org/springframework/boot/context/properties/bind/ValueObjectBinder$ValueObject$CacheKey
instanceKlass org/springframework/boot/context/properties/source/SoftReferenceConfigurationPropertyCache$ActiveCacheOverride
instanceKlass org/springframework/boot/context/properties/source/SpringIterableConfigurationPropertySource$Cache$Data
instanceKlass org/springframework/core/io/support/SpringFactoriesLoader$Factories
instanceKlass jdk/net/UnixDomainPrincipal
instanceKlass jdk/jfr/internal/dcmd/Argument
ciInstanceKlass java/lang/Record 1 1 22 10 7 12 1 1 1 100 1 1 1 1 1 1 1 1 1 1 1 1 1 1
ciInstanceKlass java/lang/StringLatin1 1 1 380 7 1 10 100 12 1 1 1 100 1 10 12 1 10 7 12 1 1 1 10 7 12 1 1 1 10 12 1 10 7 12 1 1 1 10 12 1 1 10 7 12 1 1 1 10 12 1 1 10 12 1 1 10 10 12 1 10 12 1 1 10 9 7 12 1 1 1 10 12 1 1 10 7 12 1 1 1 10 12 10 12 1 1 10 12 1 1 10 12 1 1 10 7 12 1 1 1 10 12 1 10 12 1 1 9 12 1 1 100 1 10 10 100 12 1 1 1 10 7 12 1 1 1 10 12 1 10 12 1 100 1 100 1 8 1 10 12 1 8 1 10 12 100 1 10 10 10 7 12 1 1 1 8 1 8 1 8 1 10 12 1 1 10 100 12 1 1 10 12 1 10 12 1 1 10 12 1 1 10 12 1 1 10 12 1 10 12 10 12 10 12 1 10 12 10 10 12 1 10 12 1 10 12 1 10 7 12 1 1 1 10 7 12 1 1 1 10 12 1 1 10 12 1 1 10 10 7 12 1 1 1 1 1 1 1 1 1 1 1 1 1 1 1 1 1 1 1 1 1 1 1 1 1 1 1 1 1 1 1 1 1 1 1 1 1 1 1 1 1 1 1 1 1 1 1 1 1 1 1 1 100 1 1 1 1 1 1 1 1 1 1 1 1 1 1 1 1 1 1 1 1 1 1 1 1 1 1 1 1 1 1 1 1 1 1 1 1 1 1 1 1 1 1 1 1 100 1 1 1 1 1 1 1 1 1 1 1 1 1 1 1 1 1 1 1 1 1 100 1 1 1 1 1 1 1 1 1 1 1 1 1 1 1 1 1 1 1 1 1 1 1 1 1 1 100 1 1 1 1
staticfield java/lang/StringLatin1 $assertionsDisabled Z 1
ciMethod java/lang/StringLatin1 equals ([B[B)Z 906 758 7072 0 -1
ciMethod java/lang/StringLatin1 hashCode ([B)I 336 6616 1227 0 352
ciMethod java/lang/StringLatin1 indexOf ([B[B)I 514 0 6413 0 -1
ciMethod java/lang/StringLatin1 charAt ([BI)C 1000 0 886518 0 128
ciInstanceKlass java/lang/StringUTF16 1 1 598 100 1 7 1 10 100 12 1 1 1 100 1 10 7 1 3 100 1 100 1 10 8 1 10 12 1 1 10 12 1 8 1 10 12 1 1 10 12 1 9 12 1 1 10 12 1 1 100 1 8 1 10 12 1 9 12 1 1 9 12 1 10 10 12 1 1 10 12 1 1 10 7 12 1 1 1 10 12 1 10 12 1 1 10 12 1 1 10 12 1 1 10 12 1 1 10 12 1 10 12 1 1 10 12 1 1 10 12 1 1 10 12 1 1 10 12 1 10 12 1 10 12 1 1 10 12 1 100 1 10 12 1 10 10 12 1 1 10 12 1 10 12 1 1 10 12 1 10 100 12 1 1 1 10 100 12 1 1 1 10 12 10 12 1 1 10 12 1 10 12 1 1 10 12 1 1 10 12 1 10 12 1 10 12 1 3 10 12 1 1 10 12 1 10 12 1 10 12 1 10 12 1 10 12 1 10 12 1 1 9 12 1 10 12 1 10 12 1 10 12 1 10 12 1 10 12 1 10 10 12 10 12 10 10 100 12 1 1 1 10 7 12 1 1 1 10 12 1 10 12 1 100 1 8 1 8 1 10 12 1 1 100 1 10 10 100 12 1 1 1 10 100 12 1 1 8 1 8 1 8 1 10 12 1 1 10 12 1 1 10 12 10 12 1 10 100 12 1 1 10 12 1 1 10 12 1 1 10 12 1 10 12 10 12 10 12 1 10 12 10 12 1 10 12 1 10 12 1 10 12 1 10 12 1 10 100 12 1 1 1 10 100 12 1 1 1 10 12 1 1 10 12 1 1 11 100 12 1 1 10 12 1 10 12 1 10 12 1 1 9 12 1 1 9 12 1 5 0 5 0 10 12 1 10 12 10 12 10 7 12 1 1 1 10 12 1 1 1 1 1 1 1 1 1 1 1 1 1 1 1 1 1 1 1 1 1 1 1 1 1 1 1 1 1 1 1 100 1 1 1 1 1 1 1 1 1 1 1 1 1 1 1 1 1 1 1 1 1 1 1 1 1 1 1 1 1 1 1 1 1 1 1 1 1 1 1 1 1 1 1 1 1 1 1 1 1 1 1 1 1 1 1 1 1 1 1 1 1 1 1 1 1 1 1 1 1 1 1 1 1 1 1 1 1 1 1 1 1 1 100 1 1 1 1 1 1 1 1 1 1 1 1 1 1 1 1 1 100 1 1 1 1 1 1 1 1 1 1 1 1 1 1 1 1 1 1 1 1 1 1 1 1 1 1 1 1 1 1 1 1 1 1 1 1 1 1 1 1 1 1 1 1 1 1 1 1 1 1 1 1 1 1 1 1 1 1 1 1 1 100 1 100 1 1 1 1 1
staticfield java/lang/StringUTF16 HI_BYTE_SHIFT I 0
staticfield java/lang/StringUTF16 LO_BYTE_SHIFT I 8
staticfield java/lang/StringUTF16 $assertionsDisabled Z 1
ciMethod java/lang/StringUTF16 length ([B)I 2 0 10608 0 0
ciMethod java/lang/StringUTF16 hashCode ([B)I 0 0 2 0 0
ciMethod java/lang/StringUTF16 indexOf ([B[B)I 0 0 1 0 -1
ciMethod java/lang/StringUTF16 indexOfLatin1 ([B[B)I 0 0 1 0 -1
ciMethod java/lang/StringUTF16 checkIndex (I[B)V 0 0 8184 0 0
ciMethod java/lang/StringUTF16 getChar ([BI)C 1024 0 10361 0 -1
ciMethod java/lang/StringUTF16 charAt ([BI)C 0 0 7758 0 0
ciInstanceKlass java/lang/Boolean 1 1 151 10 7 12 1 1 1 9 7 12 1 1 1 10 12 1 1 10 12 1 8 1 10 7 12 1 1 9 12 1 1 9 12 1 8 1 10 12 1 1 10 12 1 1 10 7 12 1 1 1 100 1 100 1 10 12 1 1 9 100 12 1 1 9 12 10 100 12 1 1 1 10 12 1 1 8 1 10 7 12 1 1 1 9 12 1 1 100 1 100 1 100 1 1 1 1 1 1 5 0 1 1 1 1 1 1 1 1 1 1 3 1 1 1 1 1 1 1 1 1 1 1 1 1 1 1 1 1 1 1 1 100 1 1 1 1 1 1 1 1 1 1 100 1 1 1 1 1 1 1 1
staticfield java/lang/Boolean TRUE Ljava/lang/Boolean; java/lang/Boolean
staticfield java/lang/Boolean FALSE Ljava/lang/Boolean; java/lang/Boolean
staticfield java/lang/Boolean TYPE Ljava/lang/Class; java/lang/Class
instanceKlass java/util/concurrent/locks/AbstractQueuedSynchronizer
ciInstanceKlass java/util/concurrent/locks/AbstractOwnableSynchronizer 1 1 32 10 7 12 1 1 1 9 7 12 1 1 1 100 1 1 1 1 5 0 1 1 1 1 1 1 1 1 1 1 1 1
instanceKlass com/google/gson/internal/LazilyParsedNumber
instanceKlass org/bson/types/Decimal128
instanceKlass java/util/concurrent/atomic/Striped64
instanceKlass java/math/BigInteger
instanceKlass java/math/BigDecimal
instanceKlass java/util/concurrent/atomic/AtomicLong
instanceKlass java/util/concurrent/atomic/AtomicInteger
instanceKlass java/lang/Long
instanceKlass java/lang/Integer
instanceKlass java/lang/Short
instanceKlass java/lang/Byte
instanceKlass java/lang/Double
instanceKlass java/lang/Float
ciInstanceKlass java/lang/Number 1 1 37 10 7 12 1 1 1 10 100 12 1 1 1 100 1 1 1 1 5 0 1 1 1 1 1 1 1 1 1 1 1 1 1 1 1 1 1
instanceKlass java/lang/LiveStackFrameInfo
ciInstanceKlass java/lang/StackFrameInfo 1 1 132 10 7 12 1 1 1 9 7 12 1 1 1 9 7 1 9 12 1 1 11 7 12 1 1 1 9 12 1 1 11 12 1 1 10 12 1 1 10 100 12 1 1 1 10 12 1 11 12 1 11 12 1 1 11 12 1 10 12 1 1 9 12 1 1 10 12 1 1 10 100 12 1 1 10 12 1 1 11 12 1 1 10 12 1 9 12 1 1 10 12 1 1 100 1 8 1 10 12 1 10 7 12 1 1 1 100 1 1 1 1 1 1 1 1 1 1 1 1 1 1 1 1 1 1 100 1 1 1 1 1 1
staticfield java/lang/StackFrameInfo JLIA Ljdk/internal/access/JavaLangInvokeAccess; java/lang/invoke/MethodHandleImpl$1
ciInstanceKlass java/lang/LiveStackFrameInfo 0 0 97 10 100 12 1 1 1 9 100 12 1 1 1 9 12 1 9 12 1 9 12 1 9 12 1 1 100 1 10 12 1 1 10 12 1 8 1 10 12 1 1 8 1 8 1 8 1 10 100 1 10 12 1 100 1 10 12 1 100 1 100 1 1 1 3 1 3 1 1 1 1 1 1 1 1 1 1 1 1 1 1 1 1 1 1 1 1 1 1 1 1 1 1 1 100 1 1
ciInstanceKlass java/lang/Character 1 1 576 7 1 100 1 100 1 9 12 1 1 8 1 9 12 1 1 100 1 9 12 1 1 10 100 12 1 1 1 10 100 12 1 1 1 10 100 12 1 1 1 10 7 12 1 1 1 9 7 12 1 1 1 10 12 1 10 12 1 1 10 12 1 1 10 100 12 1 1 10 12 1 1 3 3 3 3 3 10 12 1 1 10 12 1 3 11 7 12 1 1 1 11 12 1 1 10 12 1 1 10 12 1 1 100 1 10 10 12 1 3 10 12 1 1 10 12 1 10 12 1 1 100 1 8 1 10 12 1 1 10 12 1 10 12 1 10 12 1 10 12 1 10 12 1 1 10 12 1 10 7 12 1 1 10 10 12 1 10 10 12 1 10 12 1 1 10 12 1 10 10 12 1 10 12 1 10 12 1 10 12 1 10 12 1 10 12 1 10 12 1 10 12 10 10 12 10 10 12 1 10 10 12 1 10 10 12 1 10 10 12 1 10 10 12 1 10 10 12 1 10 10 12 1 1 10 10 12 1 10 5 0 10 12 1 10 12 1 10 10 12 1 10 10 12 1 1 10 10 12 1 10 10 12 1 9 12 1 1 100 1 10 10 12 1 10 12 1 1 3 10 100 12 1 1 1 10 12 1 10 100 12 1 1 100 1 10 10 12 1 1 10 12 1 1 10 12 1 1 8 1 10 12 1 9 100 12 1 1 1 10 12 1 10 10 12 1 10 12 1 1 10 12 1 10 10 12 1 1 10 10 12 1 1 100 1 8 1 10 12 1 1 10 7 12 1 1 1 8 1 10 12 1 1 9 12 1 1 100 1 100 1 100 1 1 1 1 3 1 3 1 3 1 3 1 1 1 1 1 3 1 1 3 1 3 1 3 1 3 1 3 1 3 1 3 1 3 1 3 1 3 1 3 1 3 1 3 1 3 1 3 1 3 1 3 1 3 1 3 1 3 1 3 1 3 1 3 1 3 1 3 1 3 1 3 1 3 1 1 1 1 1 1 1 1 1 1 1 1 1 1 1 1 1 1 1 3 1 1 1 1 1 1 1 3 1 1 3 1 1 1 1 1 3 1 1 5 0 1 1 1 1 1 1 1 1 1 1 1 1 1 1 1 1 1 1 1 1 1 1 1 1 1 1 1 1 1 1 1 1 1 1 1 1 1 1 1 1 1 1 1 1 1 1 1 1 1 1 1 1 1 1 1 1 1 1 1 1 1 1 1 1 1 1 1 1 1 1 1 1 1 1 1 1 1 1 1 1 1 1 1 1 1 1 1 1 1 100 1 100 1 1 1 1 1 1
staticfield java/lang/Character TYPE Ljava/lang/Class; java/lang/Class
staticfield java/lang/Character $assertionsDisabled Z 1
ciInstanceKlass java/lang/Float 1 1 223 7 1 100 1 10 100 12 1 1 1 10 100 12 1 1 1 4 100 1 10 12 1 1 10 12 1 1 8 1 8 1 10 100 12 1 1 1 10 12 1 1 10 12 1 1 10 4 4 4 10 7 12 1 1 9 12 1 1 10 12 1 1 10 12 1 10 12 1 10 12 1 1 10 12 1 10 12 1 3 10 12 1 1 10 12 1 1 10 12 1 10 100 12 1 1 1 10 12 1 1 10 12 1 1 8 1 10 7 12 1 1 1 9 12 1 1 100 1 100 1 100 1 1 1 1 1 4 1 1 1 4 1 1 3 1 3 1 3 1 3 1 1 1 1 5 0 1 1 1 1 1 1 1 1 1 1 100 1 1 1 1 1 1 1 1 1 1 1 1 1 3 1 1 1 1 1 1 1 1 1 1 1 1 1 1 1 1 1 1 1 1 1 1 1 1 1 1 1 1 1 1 1 1 1 1 1 1 1 1 100 1 1 1 1 1 1 1 100 1 100 1 1
staticfield java/lang/Float TYPE Ljava/lang/Class; java/lang/Class
ciInstanceKlass java/lang/Double 1 1 285 7 1 100 1 10 7 12 1 1 1 10 12 1 1 10 12 1 100 1 10 12 1 1 10 7 12 1 1 1 6 0 8 1 10 12 1 1 8 1 10 12 1 1 8 1 6 0 10 12 1 1 100 1 5 0 5 0 8 1 8 1 10 100 12 1 1 1 10 100 12 1 1 1 8 1 10 12 1 1 8 1 8 1 8 1 10 12 1 1 10 12 1 10 12 1 1 10 12 1 10 12 1 10 12 1 1 10 12 1 10 6 0 6 0 6 0 10 7 12 1 1 9 12 1 1 10 12 1 10 12 1 10 12 1 10 12 1 5 0 10 12 1 1 10 12 1 10 12 1 10 100 12 1 1 1 10 12 1 1 10 12 1 1 8 1 10 7 12 1 1 1 9 12 1 1 100 1 100 1 100 1 1 1 1 1 6 0 1 1 1 6 0 1 1 3 1 3 1 3 1 3 1 1 1 1 5 0 1 1 1 1 1 1 1 1 1 1 1 1 1 1 1 1 7 1 1 1 1 1 1 1 1 1 1 1 1 3 1 1 1 1 1 1 1 1 1 1 1 1 1 1 1 1 1 1 1 1 1 1 1 1 1 1 1 1 1 1 1 1 1 1 7 1 1 1 1 1 1 1 100 1 100 1 1
staticfield java/lang/Double TYPE Ljava/lang/Class; java/lang/Class
ciInstanceKlass java/lang/Byte 1 1 215 7 1 100 1 10 100 12 1 1 1 9 12 1 1 8 1 9 12 1 1 100 1 10 12 1 1 10 12 1 1 10 100 12 1 1 1 10 100 12 1 1 1 9 7 12 1 1 1 10 12 1 1 100 1 100 1 10 12 1 1 8 1 10 12 1 1 8 1 10 12 1 10 12 1 10 12 1 10 12 1 1 10 12 1 10 12 1 10 12 1 1 10 8 1 8 1 10 7 1 9 12 1 1 10 12 1 10 12 1 1 10 12 1 1 10 12 1 1 10 12 1 5 0 10 12 1 1 8 1 10 7 12 1 1 1 9 12 1 1 100 1 100 1 1 1 3 1 3 1 1 1 1 3 1 3 1 1 5 0 1 1 1 1 1 1 1 1 1 1 1 1 1 1 1 1 1 1 1 1 1 1 1 1 1 1 1 1 1 1 1 1 1 1 1 1 1 1 1 1 1 1 1 1 1 1 1 1 1 1 1 1 1 1 1
staticfield java/lang/Byte TYPE Ljava/lang/Class; java/lang/Class
ciInstanceKlass java/lang/Short 1 1 224 7 1 100 1 100 1 10 100 12 1 1 1 10 12 1 1 100 1 100 1 10 12 1 1 8 1 10 12 1 1 8 1 10 12 1 10 12 1 10 12 1 10 12 1 1 10 12 1 1 10 12 1 9 12 1 1 8 1 9 12 1 1 100 1 10 12 1 1 10 12 1 10 100 12 1 1 1 10 100 12 1 1 1 9 7 12 1 1 1 10 12 1 10 12 1 1 10 8 1 8 1 10 7 1 9 12 1 1 10 12 1 10 12 1 1 10 12 1 1 10 12 1 1 10 12 1 3 3 5 0 10 12 1 1 8 1 10 7 12 1 1 1 9 12 1 1 100 1 100 1 1 1 3 1 3 1 1 1 1 3 1 3 1 1 5 0 1 1 1 1 1 1 1 1 1 1 1 1 1 1 1 1 1 1 1 1 1 1 1 1 1 1 1 3 1 1 1 1 1 1 1 1 1 1 1 1 1 1 1 1 1 1 1 1 1 1 1 1 1 1 1 1 1
staticfield java/lang/Short TYPE Ljava/lang/Class; java/lang/Class
ciInstanceKlass java/lang/Integer 1 1 445 7 1 100 1 7 1 7 1 10 12 1 1 9 12 1 1 9 12 1 1 10 100 12 1 1 1 10 12 1 1 10 100 12 1 1 1 10 10 12 1 1 10 100 12 1 1 1 10 12 1 10 12 1 1 10 7 12 1 1 1 10 12 1 1 10 12 1 1 10 12 1 10 12 1 10 12 1 1 10 10 12 1 9 12 1 1 9 12 1 100 1 8 1 10 12 1 100 1 10 12 1 8 1 10 12 1 1 10 12 1 8 1 10 12 1 8 1 10 12 1 1 3 10 12 1 1 3 10 12 1 1 10 12 1 1 10 7 12 1 1 1 11 7 1 100 1 10 11 10 12 1 1 8 1 10 12 1 1 8 1 100 1 10 12 1 1 10 12 1 1 5 0 8 1 10 12 1 10 12 1 10 12 1 10 12 1 1 7 1 9 12 1 1 9 12 1 1 10 12 1 10 7 1 9 12 1 10 12 1 10 12 1 10 12 1 1 10 7 12 1 1 1 100 1 100 1 10 12 1 1 10 12 1 1 8 1 8 1 10 12 1 1 8 1 8 1 8 1 8 1 8 1 8 1 10 12 1 10 12 1 10 12 1 5 0 3 3 3 3 10 12 1 3 10 12 1 10 100 12 1 1 1 10 12 1 1 10 12 1 1 8 1 10 7 12 1 1 1 9 12 1 1 3 3 3 3 3 3 9 12 1 1 100 1 100 1 100 1 1 1 1 1 1 1 3 1 3 1 1 5 0 1 1 1 1 1 1 1 1 1 100 1 1 1 1 1 1 1 1 1 1 1 1 1 1 1 1 1 1 1 1 1 1 1 1 1 1 1 1 1 1 1 1 1 1 1 1 1 1 1 3 1 1 1 1 1 1 1 1 1 1 1 1 1 1 1 1 100 1 1 1 1 1 1 1 1 1 1 1 1 1 1 1 1 1 1 1 1 1 1 1 1 1 1 1 1 1 1 1 100 1 1 1 1 1 1 1 1 1 100 1 100 1 1
staticfield java/lang/Integer TYPE Ljava/lang/Class; java/lang/Class
staticfield java/lang/Integer digits [C 36
staticfield java/lang/Integer DigitTens [B 100
staticfield java/lang/Integer DigitOnes [B 100
staticfield java/lang/Integer sizeTable [I 10
ciInstanceKlass java/lang/Long 1 1 506 7 1 100 1 7 1 7 1 10 12 1 1 9 12 1 1 9 7 12 1 1 1 10 100 12 1 1 1 10 12 1 1 10 100 12 1 1 1 10 10 12 10 12 1 10 12 1 10 12 1 5 0 5 0 100 1 10 12 1 1 10 12 1 1 10 12 1 10 12 1 10 12 1 10 12 1 1 10 100 12 1 1 10 12 1 10 12 1 1 10 12 1 1 10 12 1 1 10 12 1 1 10 100 12 1 1 1 10 12 1 1 10 12 1 10 12 1 10 12 1 10 12 1 1 10 10 12 1 5 0 5 0 9 12 1 1 9 12 1 5 0 7 1 8 1 10 12 1 8 1 10 12 1 8 1 8 1 10 12 1 1 5 0 10 12 1 1 5 0 10 12 1 1 10 12 1 1 10 100 12 1 1 1 11 100 1 100 1 10 11 10 12 1 1 8 1 10 12 1 1 8 1 100 1 10 12 1 1 10 12 1 8 1 8 1 11 12 1 1 10 12 1 10 12 1 10 12 1 5 0 5 0 9 7 12 1 1 1 10 12 1 10 12 1 1 8 1 8 1 10 12 1 1 8 1 8 1 8 1 8 1 8 1 8 1 10 12 1 10 12 1 10 12 1 1 10 7 1 9 12 1 1 10 12 1 10 12 1 1 10 7 12 1 1 1 100 1 100 1 10 12 1 1 10 12 1 1 5 0 10 12 1 10 12 1 5 0 5 0 5 0 10 12 1 1 5 0 5 0 10 12 1 10 12 1 10 100 12 1 1 1 10 12 1 1 10 12 1 1 8 1 10 7 12 1 1 1 9 12 1 1 100 1 100 1 100 1 1 1 1 5 0 1 1 1 1 3 1 3 1 5 0 1 1 1 1 1 1 1 1 1 100 1 1 1 1 1 1 1 1 1 1 1 1 1 1 1 1 1 1 1 1 1 1 1 1 1 1 1 1 1 1 1 1 1 1 1 1 1 1 1 1 1 1 1 1 1 1 1 1 1 1 1 1 1 1 3 1 1 1 1 1 1 1 1 1 1 1 1 1 1 1 100 1 1 1 1 1 1 1 1 1 1 1 1 1 1 1 1 1 1 1 1 1 1 1 1 1 1 1 7 1 1 1 1 1 1 1 1 1 100 1 100 1 1
staticfield java/lang/Long TYPE Ljava/lang/Class; java/lang/Class
instanceKlass java/lang/ref/PhantomReference
instanceKlass java/lang/ref/FinalReference
instanceKlass java/lang/ref/WeakReference
instanceKlass java/lang/ref/SoftReference
ciInstanceKlass java/lang/ref/Reference 1 1 195 9 7 12 1 1 1 9 7 12 1 1 10 12 1 1 10 12 1 1 9 12 1 1 10 12 1 1 9 12 1 1 9 12 1 1 7 1 10 12 1 10 7 12 1 1 10 12 1 10 12 1 1 10 12 1 9 12 1 10 12 1 1 10 12 1 10 12 1 9 12 1 100 1 100 1 10 12 1 9 12 1 9 12 1 100 1 10 10 12 1 10 10 7 12 1 1 10 7 12 1 1 1 10 12 1 1 10 7 12 1 1 7 1 8 1 10 12 1 10 12 1 1 10 12 1 1 10 12 1 7 1 10 10 7 12 1 1 1 1 1 1 1 1 1 1 1 1 1 1 1 1 1 1 1 100 1 1 1 100 1 1 1 1 1 1 1 1 1 1 1 1 1 1 1 1 1 1 1 1 1 1 1 1 1 1 1 1 1 1 1 1 1 1 1
staticfield java/lang/ref/Reference processPendingLock Ljava/lang/Object; java/lang/Object
staticfield java/lang/ref/Reference $assertionsDisabled Z 1
instanceKlass sun/security/util/MemoryCache$SoftCacheEntry
instanceKlass org/springframework/util/ConcurrentReferenceHashMap$SoftEntryReference
instanceKlass java/util/ResourceBundle$BundleReference
instanceKlass sun/util/locale/provider/LocaleResources$ResourceReference
instanceKlass sun/util/resources/Bundles$BundleReference
instanceKlass java/io/ClassCache$CacheRef
instanceKlass sun/util/locale/LocaleObjectCache$CacheEntry
instanceKlass java/lang/invoke/LambdaFormEditor$Transform
ciInstanceKlass java/lang/ref/SoftReference 1 1 47 10 7 12 1 1 1 9 7 12 1 1 1 9 12 1 10 12 1 10 12 1 1 1 1 1 1 1 1 1 1 1 1 1 1 1 1 1 1 1 1 100 1 1 1 1 1
instanceKlass java/beans/WeakIdentityMap$Entry
instanceKlass io/grpc/internal/ManagedChannelOrphanWrapper$ManagedChannelReference
instanceKlass javax/crypto/JceSecurity$WeakIdentityWrapper
instanceKlass org/apache/tomcat/util/collections/ManagedConcurrentWeakHashMap$Key
instanceKlass org/springframework/cglib/core/WeakCacheKey
instanceKlass java/util/ResourceBundle$KeyElementReference
instanceKlass sun/rmi/transport/WeakRef
instanceKlass java/util/logging/LogManager$LoggerWeakRef
instanceKlass java/util/logging/Level$KnownLevel
instanceKlass java/lang/WeakPairMap$WeakRefPeer
instanceKlass java/lang/ClassValue$Entry
instanceKlass com/sun/jmx/mbeanserver/WeakIdentityHashMap$IdentityWeakReference
instanceKlass java/lang/ThreadLocal$ThreadLocalMap$Entry
instanceKlass java/lang/invoke/MethodType$ConcurrentWeakInternSet$WeakEntry
instanceKlass java/util/WeakHashMap$Entry
ciInstanceKlass java/lang/ref/WeakReference 1 1 31 10 7 12 1 1 1 10 12 1 100 1 1 1 1 1 1 1 1 1 1 1 1 1 1 1 1 1 1 1 1
instanceKlass java/lang/ref/Finalizer
ciInstanceKlass java/lang/ref/FinalReference 1 1 47 10 7 12 1 1 1 10 7 12 1 1 1 10 12 1 1 100 1 8 1 10 12 1 1 1 1 1 1 1 1 1 1 1 1 1 1 1 1 1 1 1 1 1 1 1 1
ciInstanceKlass java/lang/ref/Finalizer 1 1 152 9 7 12 1 1 1 10 7 12 1 1 1 9 12 1 1 9 12 1 1 9 12 1 9 12 1 10 12 1 10 12 1 1 9 12 1 1 100 1 10 12 1 7 1 11 7 12 1 1 100 1 10 12 1 100 1 10 12 1 10 100 12 1 1 1 10 100 12 1 1 1 100 1 10 10 12 1 10 7 12 1 1 1 7 1 10 7 1 10 10 7 12 1 1 1 10 12 1 1 10 7 12 1 1 7 1 10 12 1 10 12 1 1 10 12 1 1 10 12 1 1 1 1 1 1 1 1 1 1 1 1 1 1 1 1 1 1 1 1 1 1 1 1 1 1 1 1 1 1 1 1
staticfield java/lang/ref/Finalizer lock Ljava/lang/Object; java/lang/Object
staticfield java/lang/ref/Finalizer $assertionsDisabled Z 1
instanceKlass jdk/internal/ref/PhantomCleanable
instanceKlass jdk/internal/ref/Cleaner
ciInstanceKlass java/lang/ref/PhantomReference 1 1 39 10 100 12 1 1 1 10 7 12 1 1 1 1 1 1 1 1 1 1 1 1 1 1 1 1 1 1 1 1 1 1 1 1 1 1 1 1 1
instanceKlass java/lang/reflect/Executable
instanceKlass java/lang/reflect/Field
ciInstanceKlass java/lang/reflect/AccessibleObject 1 1 398 10 7 12 1 1 1 9 100 12 1 1 1 10 100 12 1 1 1 10 7 12 1 1 10 7 12 1 1 1 10 100 12 1 1 1 10 12 1 1 10 12 1 1 9 12 1 1 100 1 10 7 12 1 1 1 11 12 1 100 1 10 12 1 7 1 100 1 10 12 1 10 12 1 1 7 1 10 7 12 1 1 1 10 12 1 1 7 1 10 12 1 1 100 1 10 10 10 7 12 1 1 1 10 12 1 1 10 12 1 10 12 1 10 12 1 1 10 12 1 8 1 100 1 10 10 12 1 1 8 1 10 12 1 10 12 1 8 1 8 1 8 1 8 1 8 1 8 1 100 1 10 12 1 10 12 1 9 12 1 1 10 12 1 1 10 12 1 10 11 100 1 100 1 8 1 10 10 12 1 10 12 1 1 8 1 10 12 1 8 1 10 12 1 1 10 100 1 8 1 10 11 7 12 1 1 10 12 1 1 10 12 1 1 10 12 1 1 9 12 1 1 100 1 10 12 1 7 1 10 12 1 10 12 1 1 10 100 1 10 12 1 10 12 10 12 1 10 12 1 1 10 12 1 10 12 1 1 10 12 1 9 12 1 10 7 12 1 1 8 1 10 7 12 1 1 1 8 1 10 100 12 1 1 1 9 12 1 100 1 10 7 1 10 10 7 12 1 1 1 7 1 10 10 7 12 1 1 1 7 1 9 12 1 1 1 1 1 1 1 1 1 1 1 1 1 1 1 1 1 1 1 1 1 1 1 1 1 1 1 1 1 1 1 1 1 1 1 1 1 1 1 1 1 1 1 1 1 1 1 1 1 1 1 1 1 1 1 1 1 1 1 1 1 1 1 1 1 1 1 1 1 1 1 1 1 1 1 1 1 1 1 1 1 1 1 1 1
staticfield java/lang/reflect/AccessibleObject reflectionFactory Ljdk/internal/reflect/ReflectionFactory; jdk/internal/reflect/ReflectionFactory
instanceKlass java/lang/reflect/Constructor
instanceKlass java/lang/reflect/Method
ciInstanceKlass java/lang/reflect/Executable 1 1 548 10 7 12 1 1 1 10 7 12 1 1 1 10 7 12 1 1 1 11 7 12 1 1 1 10 7 12 1 1 1 10 12 1 1 10 7 12 1 1 1 10 7 12 1 1 1 10 12 1 8 1 10 10 12 1 1 10 12 1 1 10 100 12 1 1 1 18 12 1 1 11 100 12 1 1 1 8 1 8 1 8 1 10 100 12 1 1 1 11 12 1 1 7 1 8 1 8 1 10 12 1 100 1 8 1 10 12 1 8 1 11 100 12 1 1 1 100 1 10 12 1 1 11 12 1 8 1 18 8 1 10 12 1 10 12 1 1 18 8 1 10 12 1 100 1 10 12 1 10 12 1 11 100 12 1 1 10 12 1 1 8 1 8 1 10 12 1 1 10 12 1 1 10 10 12 1 100 1 10 10 12 1 10 12 1 1 10 7 12 1 1 10 12 1 10 12 1 10 12 1 1 10 7 12 1 1 10 12 1 10 12 1 10 7 12 1 1 1 10 12 1 8 1 10 12 1 10 12 1 3 100 1 8 1 10 12 1 10 12 1 10 10 12 1 10 12 1 1 8 1 8 1 8 1 9 12 1 10 12 1 100 1 8 1 9 12 1 10 12 1 10 12 1 1 10 12 1 1 10 12 1 10 12 10 12 1 7 1 10 12 1 10 12 1 1 100 1 10 100 12 1 1 1 7 1 10 7 12 1 1 1 10 12 1 1 11 7 12 1 1 10 7 12 1 1 10 100 12 1 1 1 10 12 1 1 9 12 1 10 12 1 1 10 12 1 10 12 1 1 9 100 12 1 1 1 10 100 12 1 1 1 10 12 1 10 12 1 1 9 12 1 10 10 10 10 100 12 1 1 1 10 12 1 9 12 1 10 12 1 1 9 12 1 100 1 100 1 1 1 1 1 1 1 1 1 1 1 1 1 1 1 1 1 1 1 1 1 1 1 1 1 1 1 1 1 1 1 1 1 1 100 1 1 1 1 1 1 1 1 100 1 1 1 1 1 1 1 1 1 1 1 1 100 1 1 1 1 1 1 1 1 1 1 1 1 1 1 1 1 1 1 1 1 1 1 1 1 1 1 1 1 1 1 1 1 1 1 1 1 1 1 1 1 1 100 1 1 1 1 1 1 1 1 1 1 1 1 1 1 1 1 1 1 1 1 1 100 1 100 1 1 15 10 100 12 1 1 1 16 15 16 1 16 1 15 10 12 16 1 100 1 1 100 1 100 1 1
ciInstanceKlass java/lang/reflect/Constructor 1 1 433 10 7 12 1 1 1 10 7 12 1 1 9 7 12 1 1 1 10 12 1 1 10 12 1 1 10 7 12 1 1 9 12 1 1 10 7 12 1 1 1 9 12 1 1 9 12 1 1 9 12 1 9 12 1 1 9 12 1 9 12 1 1 9 12 1 1 9 12 1 100 1 8 1 10 12 1 10 12 1 9 12 1 1 10 7 12 1 1 10 7 12 1 1 1 10 12 1 1 10 12 1 1 10 12 1 7 1 100 1 8 1 10 10 12 1 10 12 1 10 12 1 1 10 12 1 1 9 100 12 1 1 1 10 7 12 1 1 10 12 1 1 10 12 1 10 12 1 1 10 7 12 1 1 1 10 100 12 1 1 10 12 1 1 10 12 1 10 100 12 1 1 1 8 1 10 10 12 1 100 1 8 1 10 12 1 10 12 1 1 10 12 1 1 10 12 1 10 12 1 10 12 1 1 10 12 1 1 9 12 1 1 10 12 1 1 10 12 1 1 10 12 1 8 1 10 12 1 1 11 7 12 1 1 1 10 12 1 1 10 12 1 10 12 1 9 12 1 1 10 7 12 1 1 1 10 12 1 1 10 12 1 1 10 12 1 1 10 12 1 1 10 12 1 9 100 12 1 1 10 12 1 10 12 1 10 12 1 100 1 8 1 10 10 12 1 1 10 12 1 10 10 12 1 1 10 12 1 1 10 100 12 1 1 1 11 100 12 1 1 1 10 12 1 1 9 100 12 1 1 1 10 100 12 1 1 1 10 12 1 1 1 1 1 1 1 1 1 1 1 1 1 1 1 1 1 1 1 1 1 1 1 1 1 1 1 1 1 1 1 1 1 1 1 1 1 1 1 1 1 1 1 1 1 1 1 1 1 1 1 100 1 100 1 100 1 100 1 1 1 1 1 1 1 1 1 1 1 1 1 1 1 1 1 1 1 1 1 1 1 1 1 1 1 1 1 1 1 1 1 100 1 1
ciInstanceKlass java/lang/reflect/Method 1 1 450 9 7 12 1 1 1 10 7 12 1 1 1 10 7 12 1 1 9 12 1 1 10 12 1 1 10 12 1 1 10 7 12 1 1 10 7 12 1 1 1 9 12 1 1 9 12 1 9 12 1 1 9 12 1 9 12 1 9 12 1 1 9 12 1 9 12 1 1 9 12 1 9 12 1 9 12 1 1 100 1 8 1 10 12 1 10 12 1 9 12 1 1 8 1 10 7 12 1 1 10 7 12 1 1 1 10 12 1 1 10 12 1 1 10 12 1 10 12 1 1 10 12 1 1 9 7 12 1 1 1 10 12 1 1 10 12 10 7 12 1 1 10 12 1 1 10 12 1 10 12 1 10 12 1 10 7 12 1 1 1 10 12 1 1 10 7 1 10 7 12 1 1 1 10 7 12 1 1 10 12 1 1 10 12 1 1 10 12 1 10 7 12 1 1 1 10 12 1 10 8 1 10 12 1 10 12 1 7 1 8 1 8 1 8 1 10 12 1 10 12 1 1 10 12 1 1 10 10 12 1 1 10 12 1 11 100 1 9 12 1 1 10 12 1 1 10 12 1 10 12 1 1 10 12 1 1 11 7 12 1 1 1 10 12 1 10 12 1 10 12 1 10 12 1 10 12 1 9 12 1 1 10 7 12 1 1 1 10 12 1 1 10 7 12 1 1 1 10 7 12 1 1 1 10 7 12 1 1 1 11 7 12 1 1 1 10 7 12 1 1 1 7 1 100 1 100 1 10 12 1 10 12 1 1 10 12 1 100 1 8 1 10 12 1 10 10 12 1 1 10 12 1 1 10 12 1 1 10 12 1 1 8 1 10 12 1 1 1 1 1 1 1 1 1 1 1 1 1 1 1 1 1 1 1 1 1 1 1 1 1 1 1 1 1 1 1 1 1 1 1 1 1 1 1 1 1 1 1 1 1 1 1 1 1 1 1 1 1 100 1 100 1 100 1 1 1 1 1 1 1 1 1 1 1 1 1 1 1 1 1 1 1 1 1 1 1 1 1 1
ciInstanceKlass java/lang/reflect/Field 1 1 437 9 7 12 1 1 1 10 12 1 1 10 7 12 1 1 1 10 7 12 1 1 9 12 1 1 10 12 1 1 10 12 1 1 10 7 12 1 1 10 7 12 1 1 1 9 12 1 1 9 12 1 9 12 1 9 12 1 1 9 12 1 1 9 12 1 9 12 1 1 9 12 1 1 100 1 8 1 10 12 1 10 12 1 9 12 1 1 9 12 1 10 12 1 10 7 12 1 1 10 12 1 1 10 12 1 1 10 12 1 10 12 1 1 7 1 10 12 1 1 10 12 1 1 10 12 1 1 10 12 1 10 12 1 10 7 1 10 7 12 1 1 100 1 10 8 1 10 12 1 1 10 12 1 1 8 1 10 12 10 12 1 8 1 8 1 10 11 100 1 9 12 1 10 12 1 1 10 12 1 1 11 7 12 1 1 1 11 12 1 1 11 12 1 1 11 12 1 1 11 12 1 1 11 12 1 1 11 12 1 1 11 12 1 1 11 12 1 1 11 12 1 1 11 12 1 1 11 12 1 1 11 12 1 1 11 12 1 1 11 12 1 1 11 12 1 1 11 12 1 1 11 12 1 1 10 12 1 10 7 12 1 1 10 12 1 10 12 1 1 10 12 9 12 1 1 10 7 12 1 1 1 10 12 1 1 10 7 12 1 1 10 12 1 1 11 7 1 10 12 1 100 1 10 100 12 1 1 1 10 7 12 1 1 1 9 12 1 10 7 12 1 1 1 11 7 12 1 1 1 10 12 1 1 10 12 1 1 9 100 12 1 1 1 10 100 12 1 1 1 10 12 1 1 100 1 1 1 1 1 1 1 1 1 1 1 1 1 1 1 1 1 1 1 1 1 1 1 1 1 1 1 1 1 1 1 1 1 1 1 100 1 1 1 1 1 1 1 1 1 1 1 1 1 1 1 1 1 1 1 1 1 1 1 1 1 1 1 1 1 1 1 1 1 1 100 1 1 1 1 1 1 1 1 100 1 1
ciInstanceKlass java/lang/reflect/Parameter 1 1 226 10 7 12 1 1 1 9 7 12 1 1 1 9 12 1 1 9 12 1 1 9 12 1 10 12 1 1 10 12 1 1 10 7 12 1 1 1 100 1 10 10 12 1 1 11 100 12 1 1 1 10 12 1 10 100 12 1 1 1 10 12 1 1 10 12 1 10 12 1 8 1 8 1 10 7 12 1 1 1 10 12 1 10 12 10 12 1 8 1 10 12 1 9 12 1 1 10 12 1 1 9 12 1 1 10 12 1 1 10 12 1 1 10 12 1 1 10 12 1 10 10 12 1 10 7 12 1 1 1 10 12 1 1 11 7 12 1 1 10 7 12 1 1 7 1 10 7 12 1 1 1 10 12 1 1 10 12 1 1 10 12 1 1 10 12 1 1 9 12 1 7 1 10 11 12 1 1 11 12 1 1 100 1 1 1 1 1 1 1 1 1 1 1 1 1 1 1 1 1 1 1 1 1 1 1 1 1 1 1 1 1 1 1 1 1 1 1 1 1 1 100 1 1 1 1
ciInstanceKlass java/util/function/Function 1 1 77 10 7 12 1 1 1 18 12 1 1 18 18 12 1 11 7 12 1 100 1 1 1 1 1 1 1 1 1 1 1 1 1 1 1 1 1 1 1 1 1 1 1 1 1 1 1 1 1 1 1 1 1 1 15 10 7 12 1 1 1 16 15 11 12 15 11 12 15 11 12 1 100 1 100 1 1
ciInstanceKlass java/lang/invoke/StringConcatFactory$2 1 1 61 10 7 12 1 1 1 9 7 12 1 1 1 9 12 1 1 11 7 12 1 1 1 7 1 100 1 10 7 12 1 1 1 7 1 10 7 12 1 1 1 100 1 1 1 1 1 1 1 1 1 1 1 1 1 1 1 1 1 1 1
ciInstanceKlass java/lang/StringBuffer 1 1 470 10 7 12 1 1 1 10 12 1 10 12 1 10 12 1 1 9 7 12 1 1 1 10 12 1 1 10 12 1 10 12 1 1 9 12 1 1 10 12 1 10 12 1 1 10 12 1 1 10 12 1 10 12 1 1 10 12 1 10 12 1 1 10 12 1 1 10 100 12 1 1 1 10 12 1 1 10 12 1 10 12 1 10 12 1 10 12 1 10 12 1 10 12 1 10 12 1 10 12 1 10 12 1 10 12 1 10 12 1 10 12 1 10 12 1 10 12 1 1 10 12 1 10 12 1 1 10 12 1 1 10 10 12 1 1 10 12 1 10 12 1 10 12 1 10 12 1 10 12 1 10 12 1 10 12 10 12 1 10 12 1 10 12 1 10 12 1 1 10 12 1 10 12 1 10 10 12 1 1 10 12 1 1 9 12 1 1 10 7 12 1 1 1 10 7 1 10 10 100 12 1 1 1 10 10 12 1 10 8 10 100 12 1 1 1 8 10 12 1 8 1 10 12 1 10 12 1 10 100 12 1 1 1 10 100 12 1 1 1 7 1 10 12 100 1 8 1 10 10 12 1 1 10 12 1 1 10 12 1 1 10 12 1 10 12 1 10 12 1 10 12 1 10 12 1 10 12 1 10 12 1 10 12 1 10 12 1 10 12 1 10 12 1 10 12 1 10 12 1 10 12 1 10 12 1 10 12 1 10 12 10 12 10 12 1 10 12 1 10 12 1 10 12 10 12 1 10 12 1 10 12 1 10 12 1 10 12 1 10 12 1 10 12 1 10 12 1 10 12 1 10 12 1 10 12 1 7 1 10 12 1 9 7 12 1 1 1 9 7 1 9 12 1 1 100 1 100 1 100 1 1 1 1 5 0 1 1 1 1 1 1 1 1 1 1 1 1 1 1 1 1 1 1 1 1 1 1 1 1 1 1 1 1 1 1 1 1 1 1 1 1 1 1 1 1 1 1 1 1 1 1 1 1 1 1 1 1 1 1 1 1 1 1 1 1 100 1 1 1 1 1 100 1 1 1 1 1 1 1 1 1 1 1 1 1 1 1 1 1
staticfield java/lang/StringBuffer serialPersistentFields [Ljava/io/ObjectStreamField; 3 [Ljava/io/ObjectStreamField;
ciInstanceKlass java/lang/CharSequence 1 1 130 11 7 12 1 1 1 18 12 1 1 100 1 10 100 12 1 1 1 18 10 100 12 1 1 1 10 100 12 1 1 1 100 1 11 12 1 1 10 100 12 1 1 1 11 12 1 1 100 1 10 12 1 1 10 100 12 1 1 1 100 1 10 10 12 1 1 1 1 1 1 1 1 1 1 1 1 1 1 1 1 1 1 1 1 1 1 1 1 1 1 1 1 1 1 1 1 1 1 15 10 100 12 1 1 1 16 1 15 11 12 16 15 11 12 1 1 100 1 100 1 1 100 1 1 100 1 100 1 1
ciMethod java/lang/CharSequence toString ()Ljava/lang/String; 0 0 1 0 -1
instanceKlass java/lang/StringBuilder
instanceKlass java/lang/StringBuffer
ciInstanceKlass java/lang/AbstractStringBuilder 1 1 547 7 1 7 1 10 7 12 1 1 1 9 7 12 1 1 1 9 12 1 9 12 1 1 9 12 1 1 10 7 12 1 1 1 10 12 1 1 3 3 10 12 1 10 12 1 1 11 7 1 100 1 100 1 10 8 1 10 12 1 10 12 1 10 12 1 1 10 12 1 10 12 1 10 12 1 9 12 1 1 10 12 1 1 10 7 12 1 1 1 10 10 12 1 10 12 1 10 12 1 1 10 12 1 1 10 7 12 1 1 1 10 7 12 1 1 1 100 1 8 1 10 10 12 1 1 100 1 10 12 10 12 1 1 10 10 12 1 1 10 12 1 1 10 12 1 1 10 12 1 1 100 1 10 10 12 1 10 7 12 1 1 1 10 12 1 1 10 12 1 10 12 1 1 10 10 12 1 1 10 12 10 12 1 10 12 1 1 10 12 1 1 10 12 1 1 10 12 1 10 10 12 1 1 10 12 1 10 12 1 1 8 1 10 12 1 1 10 12 1 10 12 1 10 12 1 10 12 1 10 12 1 10 12 1 10 7 12 1 1 10 12 1 10 12 1 10 7 12 1 1 1 10 12 1 10 12 1 10 12 1 10 12 1 10 12 1 1 10 12 1 10 12 1 1 10 12 1 1 10 10 7 12 1 1 1 10 12 1 10 12 1 10 12 1 1 10 12 1 10 12 1 10 12 1 10 12 1 10 12 1 10 12 1 10 12 1 10 12 1 10 12 1 1 10 12 1 10 12 1 10 12 10 12 1 1 18 12 1 1 100 1 10 100 12 1 1 1 18 10 12 1 1 10 12 1 10 12 1 1 11 12 1 10 12 1 10 12 1 10 10 12 1 10 8 1 8 1 8 1 10 10 100 1 10 12 1 100 1 10 100 1 10 100 1 1 1 3 1 1 1 1 1 1 1 1 1 1 100 1 1 1 1 1 1 1 1 1 1 1 1 1 1 1 1 1 1 1 1 1 1 1 1 1 1 1 1 1 1 1 1 1 1 1 1 1 1 1 1 1 1 1 1 1 1 1 1 1 1 1 1 1 1 1 1 1 1 1 1 1 1 1 1 1 1 1 1 1 1 1 1 1 1 1 1 1 1 1 1 1 1 1 1 1 1 1 1 1 1 1 1 1 1 1 1 1 100 1 1 100 1 1 1 1 1 100 1 1 1 1 1 1 15 10 100 12 1 1 1 16 1 15 10 12 16 15 10 12 1 1 1 1 100 1 100 1 1
staticfield java/lang/AbstractStringBuilder EMPTYVALUE [B 0
instanceKlass javax/crypto/JceSecurityManager
ciInstanceKlass java/lang/SecurityManager 1 1 576 10 7 12 1 1 1 9 7 12 1 1 1 10 7 12 1 1 1 100 1 8 1 10 12 1 10 12 1 1 10 100 12 1 1 1 10 100 1 10 100 1 10 9 100 12 1 1 1 10 7 12 1 1 1 10 12 1 1 10 7 12 1 1 100 1 8 1 10 9 12 1 1 9 12 1 8 1 9 12 1 100 1 10 8 1 10 12 1 1 10 12 1 10 12 1 1 100 1 10 10 12 1 1 100 1 8 1 10 12 1 8 1 8 1 8 1 8 1 8 1 8 1 10 12 1 8 1 8 1 8 1 8 1 8 1 10 100 12 1 1 1 10 12 1 1 8 1 100 1 8 1 10 8 1 8 1 8 1 8 1 8 1 10 100 12 1 1 8 1 100 1 8 1 8 1 10 8 1 10 12 1 100 1 8 1 10 10 12 1 1 10 12 1 10 12 1 10 12 1 10 7 12 1 1 1 10 12 1 10 7 12 1 1 11 7 12 1 1 1 18 12 1 1 11 7 12 1 1 1 18 12 1 1 11 12 1 1 18 18 11 12 1 18 12 1 11 12 1 1 9 12 1 1 9 12 1 9 12 1 9 12 1 7 1 10 7 12 1 1 10 12 1 10 12 1 18 12 1 18 10 7 12 1 1 1 18 12 1 10 12 1 18 18 8 1 10 12 1 9 12 1 1 11 7 12 1 1 1 8 1 100 1 10 12 1 10 12 1 1 10 12 1 1 9 12 1 1 10 12 1 10 12 1 1 8 1 100 1 10 9 12 1 8 1 10 12 1 8 1 100 1 10 10 7 12 1 1 10 7 1 9 7 12 1 1 1 11 12 1 1 10 12 1 11 12 1 10 12 1 7 1 10 10 12 1 1 10 12 1 1 1 1 1 1 1 1 1 1 1 100 1 1 1 1 1 1 1 1 1 1 1 1 1 1 1 1 1 1 1 1 1 1 1 1 1 1 1 1 1 1 1 1 1 1 1 1 1 1 1 1 1 1 1 1 1 1 1 1 1 1 1 1 1 1 1 1 3 1 1 1 1 1 1 1 1 1 1 100 1 1 1 1 1 1 1 1 1 1 1 1 1 1 1 1 1 1 1 1 1 1 1 1 1 1 1 1 1 1 1 1 1 1 1 1 1 1 15 10 7 12 1 1 1 16 15 10 7 12 1 1 1 16 1 16 15 10 12 16 1 15 10 12 16 15 11 7 1 16 1 16 1 15 10 12 16 15 10 12 16 15 10 12 1 16 1 15 11 12 1 15 10 12 16 15 10 16 1 1 1 1 100 1 100 1 1
staticfield java/lang/SecurityManager packageAccessLock Ljava/lang/Object; java/lang/Object
staticfield java/lang/SecurityManager packageDefinitionLock Ljava/lang/Object; java/lang/Object
staticfield java/lang/SecurityManager nonExportedPkgs Ljava/util/Map; java/util/concurrent/ConcurrentHashMap
instanceKlass com/google/gson/JsonParseException
instanceKlass org/springframework/boot/actuate/autoconfigure/health/HealthEndpointConfiguration$HealthEndpointGroupMembershipValidator$NoSuchHealthContributorException
instanceKlass org/threeten/bp/DateTimeException
instanceKlass com/google/common/util/concurrent/UncheckedExecutionException
instanceKlass com/google/common/base/VerifyException
instanceKlass io/grpc/netty/shaded/io/netty/channel/ChannelException
instanceKlass io/grpc/ManagedChannelRegistry$ProviderNotFoundException
instanceKlass io/grpc/ManagedChannelProvider$ProviderNotFoundException
instanceKlass io/grpc/StatusRuntimeException
instanceKlass com/google/protobuf/UninitializedMessageException
instanceKlass com/google/api/gax/core/ResourceCloseException
instanceKlass com/google/protobuf/RuntimeVersion$ProtobufRuntimeVersionException
instanceKlass com/google/api/gax/rpc/ApiException
instanceKlass com/google/auth/ServiceAccountSigner$SigningException
instanceKlass org/springframework/validation/method/MethodValidationException
instanceKlass org/thymeleaf/exceptions/TemplateEngineException
instanceKlass org/springframework/security/web/firewall/RequestRejectedException
instanceKlass org/springframework/security/access/AccessDeniedException
instanceKlass org/springframework/boot/actuate/cache/NonUniqueCacheException
instanceKlass org/springframework/boot/actuate/endpoint/InvalidEndpointRequestException
instanceKlass org/springframework/security/core/AuthenticationException
instanceKlass org/springframework/data/mapping/PropertyReferenceException
instanceKlass org/springframework/data/repository/query/ParameterOutOfBoundsException
instanceKlass org/bson/json/JsonParseException
instanceKlass org/springframework/data/mapping/MappingException
instanceKlass com/mongodb/internal/connection/DefaultConnectionPool$MongoOpenConnectionInternalException
instanceKlass com/mongodb/MongoException
instanceKlass org/bson/BSONException
instanceKlass org/bson/codecs/configuration/CodecConfigurationException
instanceKlass org/apache/tomcat/util/threads/StopPooledThreadException
instanceKlass java/nio/BufferUnderflowException
instanceKlass org/apache/coyote/ProtocolException
instanceKlass javax/management/JMRuntimeException
instanceKlass org/springframework/boot/autoconfigure/ssl/BundleContentNotWatchableException
instanceKlass org/springframework/boot/ssl/NoSuchSslBundleException
instanceKlass org/springframework/boot/web/server/WebServerException
instanceKlass org/springframework/context/NoSuchMessageException
instanceKlass org/springframework/objenesis/ObjenesisException
instanceKlass org/springframework/cglib/core/CodeGenerationException
instanceKlass org/springframework/boot/autoconfigure/condition/OnBeanCondition$BeanTypeDeductionException
instanceKlass org/springframework/boot/context/properties/source/MutuallyExclusiveConfigurationPropertiesException
instanceKlass java/security/ProviderException
instanceKlass org/apache/juli/logging/LogConfigurationException
instanceKlass java/lang/reflect/MalformedParametersException
instanceKlass org/springframework/expression/ExpressionException
instanceKlass java/util/concurrent/CompletionException
instanceKlass java/nio/file/FileSystemNotFoundException
instanceKlass org/springframework/boot/context/properties/bind/UnboundConfigurationPropertiesException
instanceKlass org/springframework/boot/context/config/ConfigDataException
instanceKlass org/springframework/boot/context/properties/bind/BindException
instanceKlass java/util/ConcurrentModificationException
instanceKlass java/time/DateTimeException
instanceKlass org/springframework/boot/context/properties/source/InvalidConfigurationPropertyValueException
instanceKlass java/util/MissingResourceException
instanceKlass org/springframework/cglib/core/ClassNameReader$EarlyExitException
instanceKlass org/springframework/boot/devtools/restart/SilentExitExceptionHandler$SilentExitException
instanceKlass java/lang/reflect/InaccessibleObjectException
instanceKlass java/util/concurrent/RejectedExecutionException
instanceKlass org/springframework/core/NestedRuntimeException
instanceKlass java/lang/TypeNotPresentException
instanceKlass org/springframework/boot/context/properties/source/InvalidConfigurationPropertyNameException
instanceKlass java/util/NoSuchElementException
instanceKlass java/lang/reflect/UndeclaredThrowableException
instanceKlass java/io/UncheckedIOException
instanceKlass ch/qos/logback/core/LogbackException
instanceKlass java/lang/UnsupportedOperationException
instanceKlass org/springframework/boot/AotInitializerNotFoundException
instanceKlass org/springframework/boot/SpringApplication$AbandonedRunException
instanceKlass java/lang/IndexOutOfBoundsException
instanceKlass java/lang/IllegalStateException
instanceKlass java/lang/SecurityException
instanceKlass java/lang/IllegalArgumentException
instanceKlass java/lang/ArithmeticException
instanceKlass java/lang/NullPointerException
instanceKlass java/lang/IllegalMonitorStateException
instanceKlass java/lang/ArrayStoreException
instanceKlass java/lang/ClassCastException
ciInstanceKlass java/lang/RuntimeException 1 1 40 10 7 12 1 1 1 10 12 1 10 12 1 10 12 1 10 12 1 100 1 1 1 1 5 0 1 1 1 1 1 1 1 1 1 1 1 1 1 1
instanceKlass java/lang/IllegalThreadStateException
instanceKlass org/springframework/security/web/UnreachableFilterChainException
instanceKlass org/springframework/web/util/pattern/PatternParseException
instanceKlass java/util/regex/PatternSyntaxException
instanceKlass org/springframework/web/servlet/resource/ResourceUrlEncodingFilter$LookupPathIndexException
instanceKlass java/nio/charset/UnsupportedCharsetException
instanceKlass java/nio/file/InvalidPathException
instanceKlass org/springframework/aop/framework/adapter/UnknownAdviceTypeException
instanceKlass java/security/InvalidParameterException
instanceKlass org/springframework/http/InvalidMediaTypeException
instanceKlass org/springframework/util/InvalidMimeTypeException
instanceKlass org/springframework/util/PlaceholderResolutionException
instanceKlass java/lang/NumberFormatException
ciInstanceKlass java/lang/IllegalArgumentException 1 1 35 10 7 12 1 1 1 10 12 1 10 12 1 10 12 1 100 1 1 1 1 5 0 1 1 1 1 1 1 1 1 1 1 1 1
ciInstanceKlass java/lang/ArithmeticException 1 1 26 10 100 12 1 1 1 10 12 1 100 1 1 1 1 5 0 1 1 1 1 1 1 1 1 1
ciInstanceKlass java/lang/NullPointerException 1 1 52 10 100 12 1 1 1 10 12 1 9 100 12 1 1 1 10 12 1 1 9 12 1 1 10 12 1 1 10 12 1 1 1 1 5 0 1 1 1 1 1 1 1 1 100 1 100 1 100 1 1 1
instanceKlass com/google/protobuf/SmallSortedMap
instanceKlass com/google/api/client/util/DataMap
instanceKlass com/google/api/client/util/ArrayMap
instanceKlass com/google/api/client/util/GenericData
instanceKlass org/apache/tomcat/util/collections/ManagedConcurrentWeakHashMap
instanceKlass com/fasterxml/jackson/databind/util/internal/PrivateMaxEntriesMap
instanceKlass org/springframework/util/ConcurrentReferenceHashMap
instanceKlass java/util/concurrent/ConcurrentSkipListMap
instanceKlass java/util/Collections$SingletonMap
instanceKlass java/util/TreeMap
instanceKlass java/util/IdentityHashMap
instanceKlass java/util/EnumMap
instanceKlass java/util/WeakHashMap
instanceKlass java/util/Collections$EmptyMap
instanceKlass sun/util/PreHashedMap
instanceKlass java/util/HashMap
instanceKlass java/util/ImmutableCollections$AbstractImmutableMap
instanceKlass java/util/concurrent/ConcurrentHashMap
ciInstanceKlass java/util/AbstractMap 1 1 192 10 7 12 1 1 1 10 7 12 1 1 1 11 7 12 1 1 1 10 11 12 1 1 11 7 12 1 1 1 11 12 1 1 7 1 11 12 1 10 12 1 1 11 12 1 100 1 10 11 12 1 11 7 1 10 12 1 1 11 12 1 9 12 1 1 7 1 10 12 1 9 12 1 1 100 1 10 11 11 12 1 1 11 12 1 100 1 100 1 11 12 1 8 1 100 1 10 10 12 1 1 8 1 10 12 1 10 12 1 1 10 12 1 1 1 1 1 1 1 1 1 1 1 1 1 1 1 1 1 1 1 1 1 1 1 1 1 1 1 1 1 1 1 1 1 1 1 1 1 1 1 1 100 1 1 1 1 1 1 1 1 1 1 1 1 1 1 1 1 7 1 1 1 1 1 1 1 1 1 100 1 100 1 100 1 100 1 1 1 1 1
ciMethod java/lang/RuntimeException <init> (Ljava/lang/String;)V 0 0 26 0 -1
ciInstanceKlass java/security/AccessControlContext 1 1 373 9 7 12 1 1 1 9 12 1 1 10 100 12 1 1 1 8 1 10 100 12 1 1 1 10 7 12 1 1 1 9 12 1 9 12 1 1 9 12 1 1 10 7 12 1 1 100 1 10 12 1 11 100 12 1 1 1 11 12 1 11 12 1 11 12 1 1 7 1 11 12 1 1 10 12 1 10 7 12 1 1 1 9 100 12 1 1 1 10 100 12 1 1 1 11 100 12 1 1 1 10 7 1 100 1 8 1 10 12 1 10 12 1 1 7 1 10 7 12 1 1 1 9 12 1 9 12 1 9 12 1 9 12 1 1 9 12 1 1 9 12 1 9 12 1 10 7 12 1 1 1 9 12 1 10 12 1 1 10 12 1 1 8 1 10 12 1 1 10 12 1 1 10 100 12 1 1 1 100 1 10 10 12 1 1 10 100 12 1 1 1 10 8 1 10 100 12 1 1 8 1 10 100 12 1 1 8 1 8 1 10 12 1 8 1 10 12 1 8 1 10 12 1 10 12 1 10 12 1 1 8 1 8 1 100 1 10 12 1 10 12 1 1 100 1 10 12 1 8 1 10 12 1 10 12 1 10 8 1 10 12 1 1 10 12 1 1 10 12 1 1 10 12 1 1 10 12 1 10 12 1 10 12 1 10 12 1 1 10 10 10 12 1 1 1 1 1 1 1 1 1 1 1 1 1 1 1 1 1 1 1 1 1 1 1 1 100 1 1 1 1 1 1 1 1 1 1 1 1 1 1 1 1 1 1 1 1 1 1 1 1 1 1 1 1 1 1 1 1 1 1 1 1 1 1 1 1 1 1 1 1 1 1 1 1 1 1 1 1 3 1 1
ciInstanceKlass java/net/URL 1 1 743 10 7 12 1 1 1 10 12 1 10 7 12 1 1 9 12 1 1 9 12 1 10 7 12 1 1 1 10 12 1 1 10 12 1 1 9 12 1 1 10 7 12 1 1 1 8 1 10 12 1 1 7 1 10 10 12 1 1 8 1 10 12 1 1 9 12 1 7 1 8 1 10 12 1 10 12 1 8 1 9 12 1 10 12 1 1 9 12 1 10 12 1 10 12 1 9 12 1 9 12 1 8 1 9 12 1 10 12 1 1 8 1 9 12 1 1 10 12 1 1 10 7 12 1 1 1 8 1 10 12 1 7 1 10 12 1 10 12 1 10 12 1 10 12 1 1 10 12 1 1 8 1 10 12 1 1 10 12 1 8 1 9 12 1 8 1 10 12 1 10 7 12 1 1 1 100 1 10 12 1 10 12 1 1 10 7 12 1 1 1 7 1 8 1 10 10 12 1 8 1 10 12 1 1 10 12 1 10 12 1 10 12 1 10 12 1 10 12 1 8 1 10 12 1 10 10 7 12 1 1 1 10 12 1 9 100 12 1 1 1 10 100 12 1 1 1 9 12 1 1 10 12 1 10 100 12 1 1 1 100 1 100 1 10 12 1 10 12 1 10 12 1 10 12 1 10 12 1 10 12 10 10 10 12 1 100 1 10 12 1 10 12 1 1 8 1 9 100 12 1 1 1 10 100 12 1 1 1 10 12 1 1 9 100 12 1 1 1 10 12 1 1 100 1 10 12 1 10 12 1 10 10 12 1 1 10 12 1 1 10 12 1 10 12 1 10 12 1 10 7 12 1 1 1 10 12 1 1 10 12 1 9 12 1 1 9 12 1 1 100 1 8 1 10 10 12 1 9 12 1 1 10 7 12 1 1 8 1 10 7 12 1 1 8 1 10 12 1 1 10 12 1 8 1 8 1 10 7 12 1 1 1 100 1 10 100 12 1 1 1 10 12 1 10 12 1 7 1 10 9 12 1 1 10 7 12 1 1 8 1 10 12 1 1 7 1 10 10 7 12 1 1 1 8 9 100 12 1 1 1 10 12 1 10 12 1 10 12 1 10 12 1 10 7 12 1 1 11 7 12 1 1 10 12 1 10 12 1 9 12 1 10 12 1 1 10 100 12 1 1 10 100 12 1 1 1 8 10 100 12 1 1 100 1 10 8 8 10 12 1 8 8 8 100 1 10 12 1 9 12 1 1 10 12 1 10 12 1 1 10 12 1 10 12 10 12 1 1 10 12 1 1 10 10 10 12 1 10 12 1 10 12 1 10 12 1 10 12 1 10 10 12 1 100 1 8 1 10 10 10 12 1 1 10 12 1 10 12 1 1 8 1 7 1 10 10 10 7 1 10 12 1 9 7 12 1 1 1 9 12 1 1 7 1 10 10 7 12 1 1 1 100 1 1 1 1 1 5 0 1 1 1 1 1 1 1 1 1 1 1 1 1 1 1 1 1 1 1 1 1 1 1 1 1 1 1 1 1 1 1 1 1 1 1 1 1 1 1 100 1 1 1 1 1 1 1 1 1 1 1 1 1 1 1 1 1 1 1 1 1 1 1 1 1 1 1 1 1 1 1 1 1 1 1 1 1 100 1 1 1 1 1 1 1 1 1 1 1 1 1 1 1 1 100 1 1 1 1 1 1 1 1 1 1 1 1 1 1 1 1 1 1
staticfield java/net/URL defaultFactory Ljava/net/URLStreamHandlerFactory; java/net/URL$DefaultFactory
staticfield java/net/URL streamHandlerLock Ljava/lang/Object; java/lang/Object
staticfield java/net/URL serialPersistentFields [Ljava/io/ObjectStreamField; 7 [Ljava/io/ObjectStreamField;
ciInstanceKlass java/util/jar/Manifest 1 1 336 10 7 12 1 1 1 7 1 10 9 7 12 1 1 1 7 1 10 9 12 1 1 9 12 1 1 10 12 1 10 12 1 1 10 12 1 1 10 12 1 1 10 12 1 1 11 7 1 11 12 1 1 10 12 1 1 10 100 12 1 1 1 100 1 100 1 10 8 1 10 12 1 1 10 12 1 1 10 12 1 10 12 1 11 100 1 10 12 1 10 12 1 1 11 12 1 1 10 12 1 11 12 1 1 11 100 12 1 1 1 11 100 12 1 1 11 12 1 1 100 1 10 12 1 8 1 11 12 1 7 1 10 12 1 1 11 12 1 10 12 1 10 12 1 10 100 12 1 1 1 8 1 10 12 1 1 10 9 7 12 1 1 1 10 12 1 1 10 100 12 1 10 12 1 10 12 1 9 100 12 1 1 1 8 1 10 12 1 8 1 8 1 7 1 10 12 1 10 12 1 10 12 1 1 100 1 8 1 10 12 1 1 8 1 10 10 12 1 1 8 1 10 12 1 1 10 7 12 1 1 1 10 12 1 10 11 12 1 1 10 12 1 10 7 12 1 1 1 10 12 1 1 10 12 1 1 11 10 12 1 11 10 12 1 100 1 1 1 1 1 1 1 1 1 1 1 1 1 1 1 1 1 1 1 1 1 1 1 1 1 1 1 1 1 1 1 1 1 1 1 1 1 1 1 1 1 1 1 100 1 1 1 1 1 1 1 1 1 1 1 1 1 1 100 1 1 1 1 1 1 1 1 1 1 1
instanceKlass com/google/common/collect/ImmutableCollection
instanceKlass org/springframework/boot/web/servlet/ServletContextInitializerBeans
instanceKlass com/fasterxml/jackson/databind/util/internal/LinkedDeque
instanceKlass java/util/concurrent/ConcurrentLinkedDeque
instanceKlass java/util/AbstractQueue
instanceKlass java/util/IdentityHashMap$Values
instanceKlass java/util/LinkedHashMap$LinkedValues
instanceKlass java/util/TreeMap$Values
instanceKlass java/util/HashMap$Values
instanceKlass java/util/ArrayDeque
instanceKlass java/util/AbstractSet
instanceKlass java/util/ImmutableCollections$AbstractImmutableCollection
instanceKlass java/util/AbstractList
ciInstanceKlass java/util/AbstractCollection 1 1 160 10 7 12 1 1 1 10 7 12 1 1 1 10 12 1 1 11 7 12 1 1 1 11 12 1 1 10 12 1 1 10 100 12 1 1 1 10 12 1 1 10 12 1 1 10 7 12 1 1 10 7 12 1 1 1 7 1 10 100 12 1 1 1 10 100 12 1 1 1 100 1 10 11 12 1 11 7 1 10 12 1 10 12 1 10 7 12 1 1 1 11 8 1 7 1 10 10 12 1 1 8 1 10 12 1 10 12 1 1 1 1 1 1 1 1 1 1 1 1 1 1 1 1 1 1 1 1 1 1 1 1 1 1 1 1 1 1 1 1 1 1 1 1 1 1 1 1 1 1 1 1 1 1 1 1 1 1 1 1
ciInstanceKlass java/util/List 1 1 217 10 100 12 1 1 1 11 100 12 1 1 1 11 100 12 1 1 1 11 12 1 1 11 100 12 1 1 11 12 1 1 11 12 1 1 10 100 12 1 1 1 7 1 7 1 10 12 1 1 100 1 10 100 12 1 1 1 9 7 12 1 1 1 7 1 10 12 10 12 1 7 1 10 12 1 1 10 12 1 10 12 1 1 100 1 1 1 1 1 1 1 1 1 1 1 1 1 1 1 1 1 1 1 1 1 1 1 1 1 1 1 1 1 1 1 1 1 1 1 1 1 1 1 1 1 1 1 1 1 1 1 1 1 1 100 1 100 1 1 1 1 1 1 1 1 1 1 1 1 1 1 1 1 1 1 1 1 1 1 1 1 1 1 1 1 1 1 1 1 1 1 1 1 1 1 1 1 1 1 1 1 1 1 1 1 1 1 1 1 1 1 1 1 1 1 1 1 1 1 1 1 1 1 1 1 1 1 1 1 100 1 1 100 1 1 1
instanceKlass com/google/protobuf/AbstractProtobufList
instanceKlass sun/security/jca/ProviderList$ServiceList
instanceKlass java/util/AbstractList$SubList
instanceKlass java/util/Collections$CopiesList
instanceKlass sun/security/jca/ProviderList$3
instanceKlass java/util/ArrayList$SubList
instanceKlass java/util/Collections$SingletonList
instanceKlass java/util/AbstractSequentialList
instanceKlass java/util/Vector
instanceKlass java/util/Arrays$ArrayList
instanceKlass java/util/Collections$EmptyList
instanceKlass java/util/ArrayList
ciInstanceKlass java/util/AbstractList 1 1 218 10 7 12 1 1 1 9 7 12 1 1 1 10 12 1 1 10 12 1 1 100 1 10 10 12 1 1 11 7 12 1 1 1 11 12 1 1 11 12 1 10 7 12 1 1 1 10 12 1 11 12 1 11 12 1 11 12 1 10 12 1 1 10 12 1 1 11 100 12 1 1 1 11 7 1 11 7 1 10 12 1 7 1 10 12 1 10 12 1 1 7 1 7 1 10 12 1 7 1 10 100 1 100 1 10 8 1 10 12 1 1 10 12 1 10 12 1 1 10 12 1 8 1 100 1 8 1 8 1 8 1 10 7 1 11 10 10 12 1 11 12 1 10 12 1 1 8 1 8 1 1 1 1 1 1 1 1 1 1 1 1 1 1 1 1 1 1 1 1 1 1 1 1 1 1 1 1 1 1 1 1 1 1 1 1 1 1 1 1 1 1 1 1 1 1 1 1 1 1 1 1 1 1 1 1 1 1 100 1 100 1 1 1 1 1 1 1
ciInstanceKlass java/lang/AssertionStatusDirectives 0 0 24 10 100 12 1 1 1 100 1 1 1 1 1 1 1 1 1 1 1 1 1 1 1 1
ciInstanceKlass java/lang/invoke/MethodHandleNatives$CallSiteContext 1 1 49 10 7 12 1 1 1 7 1 10 10 7 12 1 1 1 10 7 12 1 1 1 10 7 12 1 1 1 100 1 1 1 1 1 1 1 1 1 1 1 1 1 1 1 1 1 100 1 1
ciInstanceKlass jdk/internal/invoke/NativeEntryPoint 0 0 92 10 100 12 1 1 1 9 100 12 1 1 1 10 100 12 1 1 1 100 1 9 12 1 9 12 1 9 12 1 1 9 12 1 1 9 12 1 1 100 1 8 1 10 12 1 11 100 12 1 1 1 10 12 1 1 10 12 1 11 100 12 1 1 11 12 1 10 12 1 1 10 12 1 1 1 1 1 1 1 1 1 1 1 1 1 1 1 1 1 1 1
instanceKlass java/lang/invoke/VolatileCallSite
instanceKlass java/lang/invoke/MutableCallSite
instanceKlass java/lang/invoke/ConstantCallSite
ciInstanceKlass java/lang/invoke/CallSite 1 1 302 10 7 12 1 1 1 10 7 12 1 1 1 9 7 12 1 1 1 10 12 1 1 9 12 1 1 10 7 12 1 1 1 10 12 1 100 1 10 12 1 1 10 12 1 1 9 100 12 1 1 1 10 100 12 1 1 10 12 1 1 100 1 100 1 10 10 100 12 1 1 1 10 12 1 1 8 1 10 12 1 10 12 1 1 10 12 1 10 12 1 1 10 12 1 1 10 10 100 12 1 1 10 12 1 1 9 12 1 9 100 12 1 1 1 8 1 10 7 12 1 1 1 10 12 1 1 100 1 10 12 1 1 9 12 1 8 1 100 1 10 12 1 10 12 1 100 1 8 1 10 10 12 1 10 12 1 1 100 1 10 12 1 1 10 12 1 10 12 1 10 12 1 1 10 12 1 1 9 12 1 1 8 10 12 1 1 9 12 1 1 100 1 10 10 12 1 10 100 12 1 1 1 10 12 1 1 10 12 1 1 10 12 1 10 7 12 1 1 1 100 1 8 1 10 10 12 10 12 1 1 100 1 100 1 100 1 8 1 10 12 1 10 7 12 1 1 1 1 1 1 1 1 1 1 1 1 1 1 1 1 1 1 1 1 1 1 1 1 1 1 1 1 1 1 1 1 1 1 1 1 1 1 1 1 1 1 1 1 1 1 1 1 1 1 1 1 1 1 1 1 1
staticfield java/lang/invoke/CallSite $assertionsDisabled Z 1
ciInstanceKlass java/lang/invoke/VolatileCallSite 0 0 37 10 100 12 1 1 1 10 12 1 10 100 12 1 1 1 10 12 1 10 12 1 1 1 1 1 1 1 1 1 1 1 1 1 1 1 1
ciInstanceKlass java/lang/invoke/MethodType 1 1 771 7 1 10 7 12 1 1 1 9 12 1 1 9 12 1 1 9 12 1 1 10 7 12 1 1 1 9 7 12 1 1 8 1 10 100 12 1 1 1 9 7 1 9 7 1 10 12 1 1 100 1 10 8 1 10 12 1 1 10 12 1 10 12 1 1 100 1 8 1 10 12 1 100 1 10 10 12 1 10 12 1 1 10 12 1 1 11 7 12 1 1 1 9 12 1 11 12 1 1 7 7 1 10 7 12 1 1 1 10 12 1 9 12 1 1 10 7 12 1 1 10 12 1 1 10 7 12 1 1 1 10 7 12 1 1 1 10 12 1 9 12 1 1 10 12 1 1 7 1 10 12 1 1 10 12 1 1 10 12 1 1 10 12 1 1 10 12 1 1 10 12 1 10 12 1 10 12 1 1 10 12 1 8 1 8 1 10 12 1 1 9 12 1 1 100 1 10 10 12 1 1 10 12 1 10 12 1 1 10 12 1 1 10 12 1 10 12 1 1 10 12 1 8 1 10 12 1 1 10 7 12 1 1 1 10 12 1 10 12 1 1 10 12 1 10 12 1 10 12 1 1 10 12 1 10 12 1 9 12 1 10 12 1 10 10 12 1 1 10 12 1 9 12 1 1 10 12 1 1 10 12 1 1 10 12 1 1 10 12 1 1 7 1 10 12 10 12 1 10 12 1 100 1 8 1 8 1 8 1 10 12 1 10 12 1 10 12 1 10 11 12 1 1 11 12 1 10 100 12 1 1 1 9 12 1 10 12 1 10 12 1 1 10 12 1 1 10 12 1 10 12 1 10 100 12 1 1 1 10 12 1 1 10 12 1 10 12 1 10 12 1 10 9 12 1 1 7 1 10 12 1 10 12 1 1 9 100 12 1 1 1 10 100 12 1 1 1 10 100 12 1 1 1 10 12 1 1 10 7 12 1 1 1 10 12 1 1 8 1 10 7 12 1 1 1 11 12 1 1 9 12 1 1 10 12 1 1 10 12 1 10 12 1 1 10 12 1 1 10 100 12 1 1 100 1 10 12 1 1 11 100 12 1 1 1 18 12 1 1 11 12 1 1 18 12 1 11 12 1 100 1 11 100 12 1 1 10 12 1 100 1 10 12 1 10 100 12 1 1 10 12 1 1 9 12 1 1 9 100 12 1 1 1 10 100 12 1 1 1 9 12 1 10 100 12 1 1 10 12 1 100 10 12 1 1 10 12 1 10 7 1 7 1 9 12 1 1 100 1 100 1 100 1 1 1 5 0 1 1 1 1 1 1 1 3 1 3 1 3 1 1 1 1 1 1 1 1 1 1 1 1 1 1 1 1 1 1 1 1 1 1 1 1 1 1 1 1 1 1 1 1 1 1 1 1 1 1 1 1 1 1 1 1 1 1 1 1 1 1 1 1 1 1 1 1 1 1 1 1 1 1 1 1 1 1 1 1 1 1 1 1 1 1 1 1 1 1 1 1 1 1 1 1 1 1 1 1 1 1 1 1 1 1 1 1 1 1 1 1 1 1 1 1 1 1 1 1 1 1 1 1 1 1 1 1 1 1 1 1 1 1 1 1 1 1 1 100 1 100 1 1 1 1 1 1 1 1 1 1 1 1 1 100 1 1 1 100 1 1 1 1 1 1 1 1 1 1 1 1 1 1 1 1 1 1 1 1 1 15 10 100 12 1 1 1 16 15 10 12 16 16 15 10 12 16 1 1 1 1 100 1 1 100 1 1 100 1 100 1 1
staticfield java/lang/invoke/MethodType internTable Ljava/lang/invoke/MethodType$ConcurrentWeakInternSet; java/lang/invoke/MethodType$ConcurrentWeakInternSet
staticfield java/lang/invoke/MethodType NO_PTYPES [Ljava/lang/Class; 0 [Ljava/lang/Class;
staticfield java/lang/invoke/MethodType objectOnlyTypes [Ljava/lang/invoke/MethodType; 20 [Ljava/lang/invoke/MethodType;
staticfield java/lang/invoke/MethodType METHOD_HANDLE_ARRAY [Ljava/lang/Class; 1 [Ljava/lang/Class;
staticfield java/lang/invoke/MethodType serialPersistentFields [Ljava/io/ObjectStreamField; 0 [Ljava/io/ObjectStreamField;
staticfield java/lang/invoke/MethodType $assertionsDisabled Z 1
ciInstanceKlass java/lang/BootstrapMethodError 0 0 45 10 100 12 1 1 1 10 12 1 10 12 1 10 100 12 1 1 1 10 100 12 1 1 1 1 1 1 5 0 1 1 1 1 1 1 1 1 1 1 1 100 1 1 1
ciInstanceKlass jdk/internal/loader/ClassLoaders$AppClassLoader 1 1 119 8 1 10 7 12 1 1 1 10 7 12 1 1 1 10 100 12 1 1 1 10 12 1 1 10 100 12 1 1 1 10 12 1 1 10 12 1 1 7 1 8 1 10 12 10 7 12 1 1 1 10 100 12 1 1 10 12 1 1 10 12 1 1 10 7 12 1 1 1 100 1 10 12 1 1 1 1 1 1 1 1 1 1 1 1 1 1 1 1 1 1 1 1 1 7 1 1 1 1 1 1 1 1 1 1 1 1 1 1 1 1 1 1 1 100 1 1 1
ciInstanceKlass jdk/internal/loader/ClassLoaders$PlatformClassLoader 1 1 42 8 1 10 7 12 1 1 1 10 7 12 1 1 1 100 1 10 12 1 100 1 1 1 1 1 1 1 1 1 1 1 1 1 1 100 1 1 1 100 1 1
ciInstanceKlass java/lang/ArrayStoreException 1 1 26 10 100 12 1 1 1 10 12 1 100 1 1 1 1 5 0 1 1 1 1 1 1 1 1 1
ciInstanceKlass java/lang/ClassCastException 1 1 26 10 7 12 1 1 1 10 12 1 100 1 1 1 1 5 0 1 1 1 1 1 1 1 1 1
ciInstanceKlass java/lang/NoClassDefFoundError 1 1 26 10 7 12 1 1 1 10 12 1 100 1 1 1 1 5 0 1 1 1 1 1 1 1 1 1
ciInstanceKlass java/lang/IllegalMonitorStateException 1 1 26 10 100 12 1 1 1 10 12 1 100 1 1 1 1 5 0 1 1 1 1 1 1 1 1 1
ciInstanceKlass java/lang/StackOverflowError 1 1 26 10 100 12 1 1 1 10 12 1 100 1 1 1 1 5 0 1 1 1 1 1 1 1 1 1
instanceKlass java/lang/StackOverflowError
instanceKlass java/lang/OutOfMemoryError
instanceKlass java/lang/InternalError
ciInstanceKlass java/lang/VirtualMachineError 1 1 34 10 100 12 1 1 1 10 12 1 10 12 1 10 12 1 100 1 1 1 1 5 0 1 1 1 1 1 1 1 1 1 1 1
instanceKlass io/grpc/netty/shaded/io/netty/util/internal/OutOfDirectMemoryError
ciInstanceKlass java/lang/OutOfMemoryError 1 1 26 10 100 12 1 1 1 10 12 1 100 1 1 1 1 5 0 1 1 1 1 1 1 1 1 1
ciInstanceKlass java/lang/InternalError 0 0 34 10 100 12 1 1 1 10 12 1 10 12 1 10 12 1 100 1 1 1 1 5 0 1 1 1 1 1 1 1 1 1 1 1
ciInstanceKlass java/lang/StackTraceElement 1 1 224 10 7 12 1 1 1 10 7 12 1 1 9 12 1 1 9 12 1 1 9 12 1 9 12 1 8 1 10 7 12 1 1 1 7 1 9 12 1 8 1 9 12 1 9 12 1 9 12 1 1 8 1 10 12 1 1 10 12 1 7 1 10 10 12 1 1 8 1 10 12 1 1 10 12 1 8 1 8 1 8 1 10 12 1 8 1 8 1 10 12 1 8 1 8 1 10 12 1 1 10 12 1 10 12 1 1 10 12 1 9 12 1 1 10 7 12 1 1 1 10 12 1 1 7 1 10 12 1 1 10 7 12 1 1 10 7 12 1 1 1 10 7 12 1 1 10 7 12 1 1 10 10 12 1 1 10 12 1 10 12 1 1 100 1 1 1 1 1 3 1 3 1 1 5 0 1 1 1 1 1 1 1 1 1 1 1 1 1 1 1 1 1 1 1 1 1 1 1 1 1 1 100 1 100 1 1 1 1 1 1 1 1 1 1 100 1 1 1 1 1 1 1 1
instanceKlass java/nio/DoubleBuffer
instanceKlass java/nio/FloatBuffer
instanceKlass java/nio/ShortBuffer
instanceKlass java/nio/CharBuffer
instanceKlass java/nio/LongBuffer
instanceKlass java/nio/IntBuffer
instanceKlass java/nio/ByteBuffer
ciInstanceKlass java/nio/Buffer 1 1 224 100 1 10 7 12 1 1 1 9 7 12 1 1 1 9 12 1 9 12 1 1 9 12 1 9 12 1 1 10 12 1 1 10 12 1 1 10 12 100 1 100 1 10 8 1 10 12 1 1 10 12 1 8 1 8 1 10 12 1 1 10 12 1 8 1 9 12 1 1 100 1 8 1 10 12 1 8 1 8 1 9 12 10 12 1 8 1 8 1 8 1 10 12 1 8 1 8 1 8 1 100 1 10 100 1 10 100 1 10 100 1 10 10 100 12 1 1 1 10 11 100 12 1 1 10 7 12 1 1 1 10 7 12 1 1 1 9 12 1 1 10 7 12 1 1 1 9 12 1 1 7 1 10 10 7 12 1 1 1 1 1 3 1 1 1 1 1 1 1 1 1 1 1 1 1 1 1 1 1 1 100 1 1 1 1 1 1 1 1 1 1 1 1 1 1 1 1 1 1 1 1 1 1 1 1 1 1 1 1 1 1 1 1 1 1 1 1 1 1 1 1 1 1
staticfield java/nio/Buffer UNSAFE Ljdk/internal/misc/Unsafe; jdk/internal/misc/Unsafe
staticfield java/nio/Buffer SCOPED_MEMORY_ACCESS Ljdk/internal/misc/ScopedMemoryAccess; jdk/internal/misc/ScopedMemoryAccess
staticfield java/nio/Buffer $assertionsDisabled Z 1
ciMethod java/util/Map computeIfAbsent (Ljava/lang/Object;Ljava/util/function/Function;)Ljava/lang/Object; 0 0 1 0 -1
ciInstanceKlass jdk/internal/misc/UnsafeConstants 1 1 34 10 100 12 1 1 1 9 7 12 1 1 1 9 12 1 9 12 1 1 9 12 1 9 12 1 1 1 1 1 1 1 1 1
staticfield jdk/internal/misc/UnsafeConstants ADDRESS_SIZE0 I 8
staticfield jdk/internal/misc/UnsafeConstants PAGE_SIZE I 4096
staticfield jdk/internal/misc/UnsafeConstants BIG_ENDIAN Z 0
staticfield jdk/internal/misc/UnsafeConstants UNALIGNED_ACCESS Z 1
staticfield jdk/internal/misc/UnsafeConstants DATA_CACHE_LINE_FLUSH_SIZE I 0
instanceKlass java/lang/invoke/DelegatingMethodHandle
instanceKlass java/lang/invoke/BoundMethodHandle
instanceKlass java/lang/invoke/DirectMethodHandle
ciInstanceKlass java/lang/invoke/MethodHandle 1 1 641 100 1 9 7 12 1 1 1 10 7 12 1 1 1 10 7 12 1 1 1 7 1 7 1 10 12 1 1 9 12 1 1 10 12 1 10 12 1 1 10 12 1 1 10 100 12 1 1 1 10 12 1 1 10 12 1 1 11 100 12 1 1 1 10 12 1 1 10 12 1 10 12 1 9 12 1 1 10 12 1 1 100 1 100 1 10 8 1 10 12 1 1 10 12 1 8 1 10 12 1 1 10 12 1 10 7 12 1 1 1 10 12 1 10 12 1 1 10 12 1 1 10 12 1 1 10 12 1 1 10 7 12 1 1 1 10 7 12 1 1 1 7 1 10 12 1 1 10 12 1 1 10 12 1 1 8 1 10 7 12 1 1 1 8 1 10 12 1 1 10 12 1 1 10 12 1 1 10 12 1 8 1 10 12 1 1 8 1 10 12 1 8 1 10 100 12 1 1 1 9 12 1 1 100 1 10 9 100 12 1 1 1 9 100 1 8 1 10 12 1 1 10 12 1 10 12 1 1 10 12 1 10 12 1 1 10 12 1 10 12 1 1 10 12 1 10 12 1 1 10 12 1 1 8 1 10 12 1 1 8 1 10 12 1 10 12 1 1 10 12 1 10 12 1 10 12 1 1 9 100 12 1 1 1 10 12 1 1 11 12 1 10 12 1 10 12 1 1 10 100 12 1 1 1 100 1 11 12 1 10 100 1 11 12 1 100 1 10 12 1 11 12 1 9 100 12 1 1 1 11 12 1 1 11 100 12 1 1 1 10 12 1 1 9 12 1 11 12 1 9 12 1 9 12 1 9 12 1 11 12 1 1 9 12 1 9 12 1 9 12 1 9 12 1 9 12 1 9 12 1 9 12 1 8 1 10 12 1 10 12 1 8 1 10 12 1 10 12 1 10 10 7 12 1 1 10 12 1 1 100 1 8 1 10 12 1 1 10 12 1 1 10 12 1 10 12 1 100 1 10 100 12 1 1 1 10 12 1 9 7 12 1 1 1 10 12 1 1 10 12 1 1 8 1 9 12 1 9 12 1 1 9 12 1 1 10 12 1 7 1 10 12 1 10 12 1 1 9 12 1 1 9 12 1 1 10 7 12 1 1 1 11 7 12 1 1 9 12 1 10 12 1 1 9 12 1 10 12 1 8 10 12 1 1 8 1 1 1 1 1 1 100 1 1 1 1 1 1 1 1 1 1 1 1 1 1 1 1 1 1 1 1 1 1 1 1 1 1 1 1 1 1 1 1 1 1 1 1 1 1 1 1 1 1 1 1 1 1 1 1 1 1 1 1 1 1 1 1 1 1 1 1 1 1 1 1 1 1 1 1 1 100 1 1 1 1 1 1 1 1 1 100 1 1 1 1 1 1 1 1 1 1 1 1 1 1 1 1 1 1 1 1 1 1 1 1 1 1 1 100 1 1 100 1 1 100 1 1 1 1
staticfield java/lang/invoke/MethodHandle FORM_OFFSET J 20
staticfield java/lang/invoke/MethodHandle UPDATE_OFFSET J 13
staticfield java/lang/invoke/MethodHandle $assertionsDisabled Z 1
instanceKlass java/lang/invoke/DirectMethodHandle$Special
instanceKlass java/lang/invoke/DirectMethodHandle$Interface
instanceKlass java/lang/invoke/DirectMethodHandle$Constructor
instanceKlass java/lang/invoke/DirectMethodHandle$Accessor
ciInstanceKlass java/lang/invoke/DirectMethodHandle 1 1 940 7 1 7 1 100 1 7 1 7 1 10 7 12 1 1 1 10 7 12 1 1 1 100 1 10 12 1 10 12 1 1 10 7 12 1 1 10 12 1 1 10 12 1 10 12 1 7 1 10 12 1 1 10 12 1 1 10 12 1 10 12 1 1 10 7 12 1 1 1 10 12 1 9 12 1 1 100 1 10 9 12 1 1 9 12 1 10 12 1 10 12 1 10 12 1 1 10 12 1 10 12 1 10 12 1 10 7 12 1 1 1 10 12 1 10 12 1 1 8 1 10 12 1 1 7 1 10 12 1 7 1 10 10 12 1 10 12 1 10 12 1 10 7 12 1 1 1 10 12 1 1 100 1 10 12 1 10 12 1 7 1 10 12 1 10 12 1 1 10 12 1 1 10 12 1 8 10 100 12 1 1 1 10 12 1 10 12 1 10 12 1 1 10 12 1 9 7 12 1 1 1 7 1 10 12 1 10 7 12 1 1 1 10 12 1 10 12 1 1 9 12 1 1 100 1 10 8 1 10 12 1 1 10 12 1 10 12 1 10 10 12 1 10 12 1 10 12 1 10 12 1 10 12 1 1 10 12 1 10 12 1 1 10 12 1 10 12 1 1 10 10 7 12 1 1 1 10 12 1 10 12 1 1 10 12 1 10 12 1 1 8 1 9 7 12 1 1 1 8 1 9 12 1 9 12 1 8 1 9 12 1 9 12 1 8 1 9 12 1 9 12 1 8 1 10 12 1 10 12 1 1 9 12 1 1 7 1 10 12 1 1 100 1 10 7 12 1 1 1 10 12 1 1 10 12 1 10 12 1 1 7 1 10 12 1 1 10 12 1 10 12 1 1 7 1 10 12 1 1 10 7 12 1 1 1 10 12 1 10 12 1 10 12 1 9 12 1 1 10 7 1 9 12 9 12 1 10 7 12 1 1 1 10 12 1 7 1 7 1 7 1 9 12 1 1 10 7 12 1 10 12 1 1 10 12 1 7 1 10 12 1 10 12 1 1 9 7 12 1 1 1 10 12 1 1 100 1 10 100 12 1 1 1 10 12 1 10 12 1 8 1 9 12 1 9 12 1 10 12 1 9 12 1 1 10 7 12 1 1 1 9 12 1 1 9 12 1 1 10 12 1 10 12 1 10 12 1 10 12 1 10 12 1 1 10 12 1 10 7 12 1 1 9 12 1 10 12 1 10 12 1 10 12 1 10 12 1 1 10 12 1 1 9 12 1 1 10 12 1 1 9 7 12 1 1 1 9 12 1 9 12 1 9 12 1 9 12 1 9 12 1 9 12 1 9 12 1 9 12 1 9 12 1 9 12 1 9 12 1 9 12 1 9 12 1 9 12 1 9 12 1 9 12 1 9 12 1 9 12 1 9 12 1 9 12 1 9 12 1 9 12 1 9 12 1 9 12 1 9 12 1 9 12 1 9 12 1 9 12 1 9 12 1 9 12 1 9 12 1 9 12 1 9 12 1 9 12 1 9 12 1 9 12 1 8 1 9 12 1 1 9 12 1 1 10 12 1 10 12 1 1 9 7 1 10 12 1 9 12 1 1 10 12 10 12 1 10 12 1 10 12 1 10 8 1 8 1 8 1 8 1 10 12 1 1 9 12 1 1 10 12 1 10 100 12 1 1 1 8 9 12 1 1 10 12 1 1 8 1 8 8 9 12 1 8 1 8 8 8 8 8 1 8 10 12 1 10 12 1 8 1 8 1 10 12 1 10 12 1 10 12 1 10 12 1 1 7 1 1 1 1 3 1 3 1 3 1 3 1 3 1 3 1 3 1 3 1 3 1 3 1 1 1 1 1 1 1 1 1 1 3 1 3 1 1 1 1 3 1 1 1 1 1 1 1 1 1 1 1 1 1 1 1 1 1 1 1 1 1 1 1 1 1 1 1 1 1 1 1 1 1 1 1 1 1 1 1 1 1 1 1 1 1 1 1 1 1 1 1 1 1 1 1 1 100 1 1 1 1 1 1 1 1 1 1 1 1 100 1 1 1 1 1 1 1 1 1 1 1 1 1 1 1 1 1 1 1 1 1 1 1 1 1 1 1 1 1 1 1 1 1 1 1 1 1 1 1 1 1 1 1 1 1 1 1 1 1 1 1
staticfield java/lang/invoke/DirectMethodHandle IMPL_NAMES Ljava/lang/invoke/MemberName$Factory; java/lang/invoke/MemberName$Factory
staticfield java/lang/invoke/DirectMethodHandle FT_UNCHECKED_REF I 8
staticfield java/lang/invoke/DirectMethodHandle ACCESSOR_FORMS [Ljava/lang/invoke/LambdaForm; 132 [Ljava/lang/invoke/LambdaForm;
staticfield java/lang/invoke/DirectMethodHandle ALL_WRAPPERS [Lsun/invoke/util/Wrapper; 10 [Lsun/invoke/util/Wrapper;
staticfield java/lang/invoke/DirectMethodHandle NFS [Ljava/lang/invoke/LambdaForm$NamedFunction; 12 [Ljava/lang/invoke/LambdaForm$NamedFunction;
staticfield java/lang/invoke/DirectMethodHandle OBJ_OBJ_TYPE Ljava/lang/invoke/MethodType; java/lang/invoke/MethodType
staticfield java/lang/invoke/DirectMethodHandle LONG_OBJ_TYPE Ljava/lang/invoke/MethodType; java/lang/invoke/MethodType
staticfield java/lang/invoke/DirectMethodHandle $assertionsDisabled Z 1
ciInstanceKlass java/lang/invoke/LambdaForm 1 1 1052 100 1 9 7 12 1 1 1 10 7 12 1 1 1 10 7 12 1 1 9 12 1 1 9 12 1 1 10 12 1 1 100 1 10 9 12 1 10 12 1 1 9 12 1 10 7 12 1 1 1 9 12 1 9 12 1 9 12 1 1 9 12 1 10 12 1 1 7 1 10 12 1 10 100 12 1 1 1 10 100 12 1 1 1 10 12 1 10 12 1 1 9 100 12 1 1 1 10 12 1 1 9 12 1 10 12 1 1 10 12 1 10 12 1 1 10 12 1 1 10 100 12 1 1 1 7 1 10 10 12 1 1 8 1 10 12 1 10 12 1 10 12 1 1 7 1 10 7 12 1 1 1 10 12 1 1 10 12 1 10 12 1 1 9 12 1 1 9 12 1 9 12 1 1 10 12 1 9 12 1 10 100 12 1 1 1 10 12 1 1 10 12 1 9 12 1 1 10 100 12 1 1 1 10 12 1 10 12 1 10 12 1 10 12 1 10 12 1 10 12 1 1 10 12 1 10 12 1 1 8 1 10 12 1 10 12 1 8 1 8 1 9 12 1 9 12 1 9 12 1 1 10 12 1 1 10 12 1 9 12 1 10 12 1 1 10 7 12 1 1 1 10 12 1 1 10 12 1 10 12 1 10 12 1 1 9 12 1 10 12 1 8 1 8 1 8 1 8 1 8 1 8 1 8 1 8 1 10 12 1 9 12 1 7 1 10 12 1 1 9 12 1 10 12 1 10 12 1 1 10 12 10 12 1 10 12 1 1 10 12 1 1 10 10 12 1 1 10 12 1 1 7 1 8 1 10 12 1 1 10 12 1 10 12 1 1 10 8 1 10 12 1 1 8 1 8 1 8 1 10 12 1 9 12 1 1 10 12 1 1 10 12 1 1 100 1 10 12 1 1 10 12 1 10 7 12 1 1 1 10 12 1 1 9 12 1 1 8 1 10 100 12 1 1 1 10 7 12 1 1 10 12 10 10 12 1 1 9 12 1 8 10 12 1 1 100 1 10 12 1 1 10 12 1 9 7 12 1 1 9 12 1 1 8 1 10 100 12 1 1 10 12 1 1 100 1 100 1 10 10 12 1 1 10 12 1 1 8 1 8 1 100 1 8 1 10 12 10 12 1 10 12 1 10 12 1 1 8 1 8 1 9 100 12 1 1 1 10 12 1 10 12 1 1 8 1 8 1 8 1 100 1 8 1 100 1 8 1 100 1 8 1 10 12 1 8 1 9 10 7 12 1 1 1 10 12 1 9 12 1 1 10 12 1 10 10 12 1 10 12 1 10 12 1 10 12 1 1 10 12 1 10 12 1 1 10 12 1 1 10 12 1 1 8 1 100 10 12 1 10 12 1 9 12 1 1 10 7 12 1 1 8 1 8 1 100 1 8 1 8 1 8 1 8 1 8 1 8 1 8 1 8 1 10 12 1 1 10 12 1 1 10 12 1 10 12 1 8 1 8 1 8 1 10 12 1 8 1 10 12 1 8 1 8 1 8 1 8 1 8 1 10 12 1 10 12 1 10 12 1 1 10 7 12 1 1 1 10 12 1 10 12 1 10 12 1 10 12 1 10 12 1 10 12 1 10 12 1 9 12 1 1 8 1 10 12 1 1 9 12 1 1 10 12 1 1 9 12 1 9 12 1 1 9 12 1 9 12 1 1 7 1 10 7 12 1 1 1 9 12 1 10 12 1 10 12 1 8 1 10 12 1 9 12 1 1 7 1 10 7 12 1 1 1 8 1 100 1 10 12 1 9 12 1 9 12 1 10 12 1 10 12 1 10 7 12 1 1 1 10 12 1 9 7 12 1 1 10 12 1 1 10 12 1 10 12 1 9 12 10 12 1 10 10 12 1 9 9 12 1 7 9 12 1 1 10 12 1 1 9 12 1 10 12 1 10 7 1 9 1 1 1 1 3 1 3 1 3 1 1 1 1 1 1 1 1 1 1 1 1 1 1 1 1 1 1 1 1 1 1 1 1 1 1 1 1 1 1 1 1 1 1 1 1 1 1 1 1 1 1 1 1 1 1 1 1 1 1 1 1 1 1 1 1 100 1 1 1 1 1 1 1 1 1 1 1 1 1 1 1 1 1 1 1 1 1 1 1 1 1 1 1 1 1 1 1 1 1 1 1 1 1 1 1 1 1 1 1 1 1 1 1 1 1 1 1 1 1 1 1 1 1 1 1 100 1 1 1 1 1 1 1 1 1 1 1 1 1 1 1 1 1 1 1 1 1 1 1 1 1 1 1 1 1 1 1 1 1 1 100 1 1 1 1 1 1 1 1 1 1 1 1 1 1 1 1 1 1 1 1 1 1 100 1 1 1 100 1 1 100 1 1 1 1 1 1 1 1 1 1 1
staticfield java/lang/invoke/LambdaForm COMPILE_THRESHOLD I 0
staticfield java/lang/invoke/LambdaForm INTERNED_ARGUMENTS [[Ljava/lang/invoke/LambdaForm$Name; 5 [[Ljava/lang/invoke/LambdaForm$Name;
staticfield java/lang/invoke/LambdaForm IMPL_NAMES Ljava/lang/invoke/MemberName$Factory; java/lang/invoke/MemberName$Factory
staticfield java/lang/invoke/LambdaForm LF_identity [Ljava/lang/invoke/LambdaForm; 6 [Ljava/lang/invoke/LambdaForm;
staticfield java/lang/invoke/LambdaForm LF_zero [Ljava/lang/invoke/LambdaForm; 6 [Ljava/lang/invoke/LambdaForm;
staticfield java/lang/invoke/LambdaForm NF_identity [Ljava/lang/invoke/LambdaForm$NamedFunction; 6 [Ljava/lang/invoke/LambdaForm$NamedFunction;
staticfield java/lang/invoke/LambdaForm NF_zero [Ljava/lang/invoke/LambdaForm$NamedFunction; 6 [Ljava/lang/invoke/LambdaForm$NamedFunction;
staticfield java/lang/invoke/LambdaForm createFormsLock Ljava/lang/Object; java/lang/Object
staticfield java/lang/invoke/LambdaForm DEBUG_NAME_COUNTERS Ljava/util/HashMap; null
staticfield java/lang/invoke/LambdaForm DEBUG_NAMES Ljava/util/HashMap; null
staticfield java/lang/invoke/LambdaForm TRACE_INTERPRETER Z 0
staticfield java/lang/invoke/LambdaForm $assertionsDisabled Z 1
ciInstanceKlass java/lang/invoke/MethodHandleNatives 1 1 684 100 1 10 7 12 1 1 1 9 7 12 1 1 1 10 12 1 1 100 1 10 10 12 1 1 10 12 1 10 12 1 8 1 8 1 8 1 8 1 8 1 8 1 8 1 8 1 8 1 8 1 10 12 1 1 7 1 10 7 12 1 1 1 10 100 12 1 1 1 7 1 10 10 12 1 1 8 1 10 12 1 8 1 10 12 1 1 8 1 10 12 1 1 9 100 12 1 1 1 8 1 10 100 12 1 1 1 100 1 10 12 100 1 100 1 8 1 7 1 10 10 12 1 7 1 9 7 12 1 1 10 12 1 1 10 12 1 10 7 12 1 1 1 7 1 10 12 1 1 10 7 12 1 1 1 10 12 1 10 12 1 1 10 12 1 1 9 12 1 8 1 10 12 1 8 1 10 12 1 8 1 8 1 8 1 100 1 10 12 1 8 1 10 12 1 1 10 12 1 10 100 12 1 1 1 100 1 8 1 10 100 12 1 1 1 7 1 8 1 10 12 1 8 1 8 1 8 1 8 1 8 1 10 12 1 1 10 12 1 1 10 12 1 10 12 1 1 10 12 1 1 7 1 10 12 1 100 1 100 1 10 12 1 10 12 1 8 1 8 1 10 10 12 1 1 10 12 1 1 8 1 10 100 12 1 1 1 8 1 8 1 10 12 1 1 10 7 12 1 1 1 100 1 10 12 1 1 7 1 9 12 1 1 10 7 12 1 1 1 10 10 12 1 9 12 1 10 12 1 1 9 12 1 9 12 1 10 12 1 1 10 12 1 10 12 1 1 7 1 7 1 10 12 1 1 10 12 1 10 12 1 1 10 7 12 1 1 1 10 12 1 8 1 10 12 1 10 12 1 10 12 1 1 10 12 1 10 7 12 1 1 1 10 12 1 1 100 1 8 1 10 9 7 12 1 1 1 10 12 1 1 10 12 1 1 100 1 10 12 1 1 10 12 1 1 100 1 100 1 10 10 100 1 100 1 10 100 1 10 10 12 1 1 10 100 1 10 12 1 10 12 1 10 12 1 1 10 12 1 1 10 12 1 1 10 12 1 10 12 1 1 10 8 1 100 1 10 12 1 10 12 1 10 12 1 10 12 1 10 12 1 1 10 12 1 9 12 1 1 10 7 12 1 1 1 9 12 1 1 11 7 12 1 1 1 10 12 1 10 12 1 10 10 12 1 10 7 12 1 1 1 1 1 1 1 1 1 1 1 1 1 1 1 100 1 1 1 1 1 1 1 1 1 1 1 1 1 1 1 1 1 1 1 1 1 1 1 1 1 1 1 1 1 1 1 1 1 1 1 1 1 1 1 1 1 1 1 1 1 1 1 1 1 1 1 1 1 1 1 1 1 1 1 1 1 1 1 1 1 1 1 1 1 1 1 1 1 1 1 1 1 1 1 1 1 1 1 1 1 1 1 1 1 1 1 1 1 1 1 1 1 1 100 1 1 1 1 1 1 1 1 1 1 1 1 1 1 1 1 1 1 1 1 1 1 1 1 1 1 1 1 100 1 1 1 1 1 1 1 100 1 1 1
staticfield java/lang/invoke/MethodHandleNatives JLA Ljdk/internal/access/JavaLangAccess; java/lang/System$2
staticfield java/lang/invoke/MethodHandleNatives $assertionsDisabled Z 1
ciInstanceKlass jdk/internal/reflect/CallerSensitive 1 1 17 100 1 100 1 100 1 1 1 1 1 1 1 1 1 1 1
ciInstanceKlass jdk/internal/reflect/ConstantPool 1 1 142 10 100 12 1 1 1 9 7 12 1 1 1 10 12 1 1 10 12 1 1 10 12 1 10 12 1 1 10 12 1 1 10 12 1 10 12 1 1 10 12 1 10 12 1 1 10 12 1 10 12 1 10 12 1 10 12 1 1 10 12 1 1 10 12 1 1 10 12 1 1 10 12 1 10 12 1 1 10 100 12 1 1 1 8 11 7 12 1 1 1 10 7 12 1 1 1 1 1 1 1 1 1 1 1 1 1 1 1 1 1 1 1 1 1 1 1 1 1 1 1 1 1 1 1 1 1 1 1 1 1 1 1 1 1 1 1 1 1 1 1 1
instanceKlass jdk/internal/reflect/UnsafeQualifiedStaticFieldAccessorImpl
ciInstanceKlass jdk/internal/reflect/UnsafeStaticFieldAccessorImpl 1 1 47 10 7 12 1 1 1 9 7 12 1 1 1 10 7 12 1 1 1 9 12 1 1 8 11 7 12 1 1 1 10 7 12 1 1 1 1 1 1 1 1 1 1 1 1 1 1
instanceKlass jdk/internal/reflect/UnsafeFieldAccessorImpl
ciInstanceKlass jdk/internal/reflect/FieldAccessorImpl 1 1 59 10 7 12 1 1 1 100 1 100 1 1 1 1 1 1 1 1 1 100 1 1 1 1 1 1 1 1 1 1 1 1 1 1 1 1 1 1 1 100 1 1 1 1 1 1 1 1 1 1 1 1 1 1 1 1 1 1 1
instanceKlass jdk/internal/reflect/UnsafeQualifiedFieldAccessorImpl
instanceKlass jdk/internal/reflect/UnsafeObjectFieldAccessorImpl
instanceKlass jdk/internal/reflect/UnsafeStaticFieldAccessorImpl
ciInstanceKlass jdk/internal/reflect/UnsafeFieldAccessorImpl 1 1 254 10 7 12 1 1 1 9 7 12 1 1 1 10 7 12 1 1 1 10 7 12 1 1 1 9 12 1 1 10 7 12 1 1 1 9 12 1 1 10 12 1 10 12 1 9 12 1 10 12 1 1 10 7 12 1 1 10 7 12 1 1 1 10 12 1 1 100 1 10 10 12 1 1 10 12 1 1 8 1 10 10 12 1 100 1 8 1 10 12 1 8 1 10 12 1 8 1 10 12 1 100 1 10 12 1 1 10 8 1 10 12 1 1 8 1 10 100 12 1 1 8 1 10 100 12 1 1 8 1 10 100 12 1 1 8 1 10 100 12 1 1 8 1 10 100 12 1 1 8 1 10 100 12 1 1 8 1 10 100 12 1 1 8 1 10 100 12 1 1 10 12 1 1 8 1 8 1 8 1 8 1 8 1 8 1 10 100 12 1 1 1 8 1 8 1 8 1 10 12 10 12 1 1 1 1 1 1 1 1 1 1 1 1 1 1 1 1 1 1 1 1 1 1 1 1 1 1 1 1 1 1 1 1 1 1 1 1 1 1 1 1 1 1 1 1 1 1 1 1 1 1 1 1
staticfield jdk/internal/reflect/UnsafeFieldAccessorImpl unsafe Ljdk/internal/misc/Unsafe; jdk/internal/misc/Unsafe
ciInstanceKlass jdk/internal/reflect/NativeConstructorAccessorImpl 1 1 126 10 7 12 1 1 1 9 7 12 1 1 1 9 12 1 1 10 7 12 1 1 1 10 7 12 1 1 1 10 7 12 1 1 1 9 12 1 9 12 1 1 9 12 1 1 10 7 12 1 1 1 7 1 10 10 12 1 1 10 12 1 10 12 1 10 12 1 1 9 12 1 1 10 7 12 1 1 1 100 1 10 12 1 1 10 12 1 1 8 10 12 1 1 1 1 1 1 1 1 1 1 1 1 1 1 1 1 1 1 1 1 1 1 100 1 100 1 100 1 1 1 1 1 1 1
staticfield jdk/internal/reflect/NativeConstructorAccessorImpl U Ljdk/internal/misc/Unsafe; jdk/internal/misc/Unsafe
staticfield jdk/internal/reflect/NativeConstructorAccessorImpl GENERATED_OFFSET J 16
ciInstanceKlass java/lang/invoke/ConstantCallSite 1 1 65 10 7 12 1 1 1 9 7 12 1 1 1 9 12 1 1 10 7 12 1 1 1 10 12 1 100 1 10 12 9 12 1 1 100 1 10 10 12 1 1 10 12 1 1 1 1 1 1 1 1 1 1 1 1 1 100 1 1 1 1 1 1 1 1
staticfield java/lang/invoke/ConstantCallSite UNSAFE Ljdk/internal/misc/Unsafe; jdk/internal/misc/Unsafe
ciInstanceKlass java/lang/invoke/MutableCallSite 0 0 63 10 100 12 1 1 1 10 12 1 9 100 12 1 1 1 10 12 1 10 12 1 1 9 12 1 1 10 100 12 1 1 1 10 100 12 1 1 1 10 12 1 1 1 1 1 1 1 1 1 1 1 1 1 1 1 1 1 1 100 1 1 1
instanceKlass java/lang/invoke/VarHandleBooleans$FieldInstanceReadOnly
instanceKlass java/lang/invoke/VarHandleInts$FieldStaticReadOnly
instanceKlass java/lang/invoke/VarHandleReferences$FieldStaticReadOnly
instanceKlass java/lang/invoke/VarHandleReferences$Array
instanceKlass java/lang/invoke/VarHandleLongs$Array
instanceKlass java/lang/invoke/VarHandleByteArrayAsLongs$ByteArrayViewVarHandle
instanceKlass java/lang/invoke/VarHandleByteArrayAsInts$ByteArrayViewVarHandle
instanceKlass java/lang/invoke/VarHandleInts$FieldInstanceReadOnly
instanceKlass java/lang/invoke/VarHandleLongs$FieldInstanceReadOnly
instanceKlass java/lang/invoke/VarHandleReferences$FieldInstanceReadOnly
ciInstanceKlass java/lang/invoke/VarHandle 1 1 390 10 7 12 1 1 1 10 7 12 1 1 9 12 1 1 9 12 1 1 100 1 10 8 1 10 12 1 1 10 7 12 1 1 1 10 12 1 1 10 100 12 1 1 1 9 100 12 1 1 1 10 12 1 1 10 100 12 1 1 1 10 12 1 1 9 12 1 10 12 1 9 12 1 1 10 7 12 1 1 10 12 1 9 7 12 1 1 1 9 12 1 1 10 12 1 1 100 1 100 1 10 8 1 10 12 1 1 10 12 1 8 1 10 12 1 10 12 1 10 12 1 1 9 7 12 1 1 1 10 12 1 10 12 1 1 10 12 1 10 10 100 12 1 1 1 10 12 1 1 10 12 1 1 10 100 12 1 1 1 10 100 12 1 1 1 10 100 12 1 1 1 9 12 1 1 10 9 12 1 1 10 12 1 10 12 1 10 12 1 1 10 12 1 10 100 12 1 1 1 9 12 1 1 10 12 1 1 9 12 1 10 12 1 10 12 1 10 100 12 1 1 100 1 10 9 7 12 1 1 1 9 12 1 1 10 7 12 1 1 1 10 12 1 10 12 1 10 12 1 10 12 1 10 12 1 10 12 1 1 7 1 10 10 7 12 1 1 1 9 12 1 1 8 10 12 1 1 7 1 10 12 1 1 100 1 1 1 1 1 1 1 1 1 1 1 1 1 1 1 1 1 1 1 1 1 1 1 1 1 1 1 1 1 1 1 1 1 1 1 1 1 1 1 1 1 1 1 1 1 1 1 1 1 1 1 1 1 1 1 1 1 1 1 1 1 1 1 1 1 1 1 1 1 1 1 1 1 1 1 1 1 1 1 1 1 1 1 1 1 1 1 1 1 100 1 100 1 100 1 1 1 1 1 1 1 100 1 1 1
staticfield java/lang/invoke/VarHandle AIOOBE_SUPPLIER Ljava/util/function/BiFunction; jdk/internal/util/Preconditions$1
staticfield java/lang/invoke/VarHandle VFORM_OFFSET J 16
staticfield java/lang/invoke/VarHandle $assertionsDisabled Z 1
ciInstanceKlass java/lang/invoke/MemberName 1 1 757 7 1 7 1 100 1 9 12 1 1 10 7 12 1 1 1 9 12 1 1 10 12 1 1 10 12 1 1 10 12 1 1 10 12 1 10 12 1 1 10 7 12 1 1 1 10 12 1 9 100 12 1 1 10 12 1 100 1 100 1 10 12 1 8 1 10 12 1 1 10 12 1 10 12 1 1 10 12 1 9 12 1 1 8 1 10 100 12 1 1 1 7 1 10 10 12 1 1 100 1 100 1 10 12 1 1 9 12 1 1 100 1 8 1 10 12 1 10 12 1 10 12 1 10 12 1 10 12 1 1 10 12 1 10 12 1 10 12 1 1 10 12 1 1 10 12 1 8 1 8 1 8 1 10 100 12 1 1 1 10 12 1 9 12 1 1 3 10 12 1 10 12 1 10 12 1 10 10 7 12 1 1 1 10 12 1 10 12 1 10 12 1 10 12 1 7 1 8 10 12 1 1 10 12 1 1 8 1 9 100 1 8 9 100 1 10 12 1 1 10 12 1 10 12 1 8 1 10 12 1 1 10 12 1 10 12 1 10 12 1 10 12 1 1 100 1 10 12 1 1 10 12 1 8 1 10 12 1 10 12 1 8 1 10 12 1 1 10 12 1 1 100 1 10 12 1 1 10 12 8 1 8 1 100 1 10 12 1 10 100 12 1 1 1 100 1 10 12 10 12 1 10 12 1 10 12 1 10 12 1 10 10 12 1 10 12 1 10 12 1 3 10 12 1 3 10 12 1 3 3 3 3 3 3 3 100 1 10 12 1 10 7 12 1 1 1 10 12 1 3 9 12 1 10 12 1 1 3 10 12 1 10 10 7 12 1 1 1 10 12 1 1 10 7 1 10 10 12 1 10 12 1 10 12 1 10 10 12 1 1 10 12 1 10 12 1 10 12 1 100 1 10 10 10 12 100 1 10 10 10 12 1 1 10 12 1 1 10 10 12 1 8 10 100 1 10 12 1 10 100 1 10 12 1 10 12 1 10 12 1 10 10 12 1 10 12 1 1 10 12 1 1 10 12 1 10 12 1 10 12 1 100 1 10 12 1 1 100 1 8 1 10 7 1 10 12 1 10 12 10 12 1 1 10 12 1 10 12 1 8 1 8 1 8 1 8 1 10 12 1 10 12 1 10 12 1 1 8 1 8 1 10 12 1 8 1 10 10 12 1 10 12 1 8 1 8 1 10 10 12 1 8 1 10 100 12 1 1 1 8 1 10 12 1 10 12 1 1 10 12 1 8 1 8 1 8 1 8 1 100 1 10 8 1 8 1 8 1 8 1 10 12 1 100 1 100 1 100 1 10 100 1 10 100 1 10 100 12 1 1 1 9 7 12 1 1 1 100 1 100 1 1 1 1 1 1 1 3 1 3 1 3 1 3 1 3 1 3 1 1 1 1 1 1 1 1 3 1 3 1 1 1 1 3 1 1 1 1 1 1 1 1 1 1 1 1 1 1 1 1 1 1 1 1 1 1 1 1 1 1 1 1 1 1 1 1 1 1 1 1 1 1 1 1 1 1 1 1 1 1 1 1 1 1 1 1 1 1 1 1 1 1 1 1 1 1 1 1 1 1 1 1 1 1 1 1 1 1 1 1 1 1 1 1 1 1 1 1 1 1 1 1 1 1 1 1 1 1 1 1 1 1 1 1 1 1 1 1 1 1 100 1 1 1 1 1 1 1 1 1 1 1 1 1 1 1
staticfield java/lang/invoke/MemberName $assertionsDisabled Z 1
ciInstanceKlass java/lang/invoke/ResolvedMethodName 1 1 16 10 100 12 1 1 1 100 1 1 1 1 1 1 1 1
ciInstanceKlass java/lang/StackWalker 1 1 235 9 7 12 1 1 1 10 7 12 1 1 1 7 1 10 7 12 1 1 1 10 12 1 1 11 7 12 1 1 1 10 12 1 1 10 12 1 1 10 12 1 1 100 1 8 1 10 12 1 10 12 1 10 12 1 10 7 12 1 1 9 12 1 1 9 12 1 1 9 12 1 1 9 12 1 1 10 12 1 1 9 12 1 1 10 7 12 1 1 1 11 12 1 1 100 1 8 1 10 10 100 12 1 1 9 12 1 1 10 12 1 1 10 7 12 1 1 1 10 7 12 1 1 1 18 12 1 1 100 1 8 1 10 10 12 1 1 10 100 12 1 1 1 9 7 12 1 1 11 100 12 1 1 1 10 12 1 1 1 1 1 1 1 1 1 1 1 1 1 1 1 1 1 1 1 1 1 1 1 1 1 1 1 1 1 1 1 1 1 1 1 1 1 1 1 1 1 1 1 1 1 1 1 1 1 1 1 100 1 1 15 10 100 12 1 1 1 16 15 10 12 16 1 1 1 1 1 1 1 100 1 100 1 1
staticfield java/lang/StackWalker DEFAULT_EMPTY_OPTION Ljava/util/EnumSet; java/util/RegularEnumSet
staticfield java/lang/StackWalker DEFAULT_WALKER Ljava/lang/StackWalker; java/lang/StackWalker
instanceKlass java/lang/StackStreamFactory$StackFrameTraverser
ciInstanceKlass java/lang/StackStreamFactory$AbstractStackWalker 1 1 306 7 1 100 1 3 10 7 12 1 1 1 10 7 12 1 1 10 7 12 1 1 1 9 12 1 1 10 12 1 1 9 12 1 1 9 12 1 1 9 12 1 1 9 12 1 9 7 12 1 1 1 10 7 12 1 1 1 10 12 1 1 9 12 1 1 10 7 12 1 1 1 10 12 1 1 9 12 1 1 9 100 12 1 1 1 100 1 10 8 1 10 12 1 1 10 12 1 8 1 10 12 1 1 10 100 12 1 1 1 100 1 8 1 10 12 1 8 1 10 12 9 7 12 1 1 1 10 7 12 1 1 9 12 1 8 1 5 0 8 1 8 1 9 12 1 1 10 12 1 1 10 12 1 1 10 12 1 9 12 1 10 12 1 10 12 1 10 12 1 10 12 1 1 10 12 1 10 12 1 1 8 1 10 12 1 10 12 1 10 12 1 10 12 1 1 8 1 10 12 1 1 10 12 1 1 10 12 1 1 10 12 1 10 12 1 10 100 12 1 1 1 9 12 1 8 1 10 12 1 10 12 1 10 12 1 10 12 1 10 12 1 10 12 1 10 12 1 1 10 12 1 1 10 12 1 1 10 12 1 8 1 1 1 1 1 1 1 1 1 1 1 1 1 1 1 1 1 1 100 1 1 1 1 100 1 1 1 1 1 1 1 1 1 1 1 1 1 1 1 1 1 1 1 1 1
ciInstanceKlass jdk/internal/module/Modules 1 1 504 10 100 12 1 1 1 9 7 12 1 1 1 11 7 12 1 1 1 11 12 1 1 11 12 1 1 11 12 1 1 11 12 1 11 12 1 11 12 1 11 12 1 11 12 1 1 10 100 12 1 1 1 10 100 12 1 1 1 18 12 1 1 10 100 12 1 1 1 100 1 10 100 12 1 1 1 10 100 12 1 1 1 10 100 12 1 1 10 12 1 1 11 12 1 9 12 1 1 11 7 12 1 1 1 10 12 1 1 10 10 12 1 10 9 12 1 1 10 7 12 1 1 10 12 1 1 10 100 12 1 1 100 1 11 100 12 1 1 1 10 100 12 1 1 1 11 100 12 1 1 10 12 1 1 10 100 12 1 1 10 100 12 1 1 1 10 12 1 1 10 12 1 1 11 12 1 1 18 12 1 1 11 100 12 1 1 10 100 12 1 1 1 11 100 12 1 1 1 100 1 11 12 1 1 11 100 12 1 1 1 11 12 1 1 10 12 1 1 10 100 12 1 1 18 12 1 1 11 12 1 1 18 12 1 1 11 12 1 1 10 12 1 18 18 10 12 1 1 9 12 1 1 11 100 12 1 1 1 100 1 10 11 12 1 11 12 1 1 11 12 1 1 10 100 1 10 12 1 1 10 100 12 1 1 10 12 1 1 11 12 10 12 1 1 100 1 10 18 12 1 10 12 1 1 100 1 8 1 10 12 1 10 100 12 1 1 18 12 1 11 11 12 10 12 1 10 10 100 1 18 12 1 10 10 10 7 12 1 1 10 7 12 1 1 1 10 12 1 1 1 1 1 1 1 1 1 1 1 1 1 1 1 1 1 1 1 1 1 1 1 1 1 1 1 1 1 1 1 1 1 100 1 1 1 1 1 1 1 1 1 1 1 1 1 1 1 1 1 1 1 1 1 1 1 1 1 1 1 1 1 1 1 1 1 1 1 100 1 1 1 1 1 1 1 1 1 1 1 1 1 1 1 1 1 1 1 1 1 1 1 15 10 100 12 1 1 1 16 15 10 12 1 16 16 15 10 12 1 16 1 16 1 15 10 12 1 16 1 16 1 15 10 12 16 1 15 10 16 1 15 10 12 16 1 15 10 12 16 15 10 12 16 15 10 12 1 1 1 100 1 100 1 1
staticfield jdk/internal/module/Modules JLA Ljdk/internal/access/JavaLangAccess; java/lang/System$2
staticfield jdk/internal/module/Modules JLMA Ljdk/internal/access/JavaLangModuleAccess; java/lang/module/ModuleDescriptor$1
staticfield jdk/internal/module/Modules $assertionsDisabled Z 1
ciInstanceKlass java/lang/invoke/Invokers$Holder 1 1 99 1 100 1 100 1 1 1 1 1 1 1 7 1 7 1 7 1 1 12 10 1 1 12 10 1 1 12 10 1 1 100 1 1 12 9 1 1 1 12 10 1 1 1 12 10 1 1 12 10 1 1 1 12 10 1 1 100 1 1 12 10 1 1 12 10 1 1 12 10 1 12 10 1 1 12 10 1 1 12 10 1 12 10 1 12 10 12 10 1 1 12 10 1 12 10 1 1 1
ciMethod java/lang/invoke/Invokers$Holder linkToTargetMethod (Ljava/lang/Object;Ljava/lang/Object;)Ljava/lang/Object; 518 0 48718 0 -1
ciMethod java/lang/invoke/Invokers$Holder linkToTargetMethod (Ljava/lang/Object;)Ljava/lang/Object; 512 0 38468 0 -1
ciInstanceKlass java/util/function/Supplier 1 0 14 100 1 100 1 1 1 1 1 1 1 1 1 1
ciInstanceKlass java/util/IdentityHashMap 1 1 397 9 7 12 1 1 1 10 7 12 1 1 1 10 12 1 1 100 1 100 1 10 8 1 10 12 1 1 10 12 1 10 12 1 1 10 12 1 10 12 1 1 3 3 10 7 12 1 1 7 1 9 12 1 1 11 100 12 1 1 1 6 0 10 12 10 12 1 1 9 12 1 10 7 12 1 1 1 10 12 1 1 10 12 1 1 10 12 1 1 10 12 1 1 9 12 1 3 3 100 1 8 1 10 11 12 1 1 11 100 12 1 1 1 11 100 12 1 1 1 11 12 1 1 100 1 11 12 1 11 12 1 10 12 1 1 10 12 1 10 10 12 1 1 10 11 12 1 1 10 12 1 10 12 1 9 12 1 10 100 100 1 100 1 10 12 1 9 12 1 7 1 10 12 1 9 12 1 1 7 1 10 7 1 10 10 100 12 1 1 10 12 1 10 12 1 1 10 100 12 1 1 1 10 12 1 100 1 8 1 10 10 100 12 1 1 1 11 100 12 1 1 1 10 12 1 10 12 1 1 10 10 100 12 1 1 11 100 12 1 1 100 1 10 11 100 12 1 1 10 100 1 100 1 1 1 3 1 3 1 1 1 1 1 5 0 1 1 1 1 1 1 1 1 1 1 1 1 1 1 1 1 1 1 1 1 1 1 1 1 1 1 1 1 1 1 1 1 1 1 1 1 1 1 1 1 1 1 1 1 1 1 1 1 1 1 1 1 1 1 1 1 1 1 1 1 1 100 1 1 1 1 1 1 1 100 1 1 1 1 100 1 1 1 1 1 1 1 1 1 1 1 1 1 1 1 1 1 1 1 1 1 1 100 1 100 1 100 1 100 1 100 1 100 1 100 1 100 1 100 1 1 1 1 1 1 100 1 1 1 1 1 1 1 1 1 1
staticfield java/util/IdentityHashMap NULL_KEY Ljava/lang/Object; java/lang/Object
ciMethod java/util/IdentityHashMap get (Ljava/lang/Object;)Ljava/lang/Object; 78 0 2560 0 0
ciMethod java/util/IdentityHashMap <init> (I)V 118 0 193 0 -1
ciMethod java/util/IdentityHashMap hash (Ljava/lang/Object;I)I 518 0 3633 0 -1
ciMethod java/util/IdentityHashMap maskNull (Ljava/lang/Object;)Ljava/lang/Object; 518 0 3609 0 -1
ciMethod java/util/IdentityHashMap nextKeyIndex (II)I 38 0 535 0 -1
ciInstanceKlass java/security/SecureClassLoader$CodeSourceKey 1 1 55 10 7 12 1 1 1 9 7 12 1 1 1 10 7 12 1 1 1 10 7 12 1 1 1 10 7 12 1 1 1 10 12 1 1 1 1 1 1 1 1 1 1 1 1 1 1 1 1 1 1 100 1 1 1
ciInstanceKlass java/security/SecureClassLoader$1 1 1 94 9 7 12 1 1 1 9 12 1 1 10 7 12 1 1 1 10 7 12 1 1 1 7 1 10 12 1 9 7 12 1 1 1 100 1 10 8 1 10 12 1 1 10 12 1 10 12 1 1 10 100 12 1 1 1 8 1 7 1 10 12 1 1 100 1 1 1 1 1 1 1 1 1 1 1 1 1 1 100 1 1 1 1 1 1 1 12 1 1 1 1 1 1
instanceKlass java/util/concurrent/ConcurrentHashMap$ForwardingNode
instanceKlass java/util/concurrent/ConcurrentHashMap$ReservationNode
ciInstanceKlass java/util/concurrent/ConcurrentHashMap$Node 1 1 97 10 7 12 1 1 1 9 7 12 1 1 1 9 12 1 1 9 12 1 10 12 1 9 12 1 1 10 12 1 1 10 100 12 1 1 1 100 1 10 100 1 11 12 1 1 11 12 1 10 12 1 1 1 1 1 1 1 1 1 1 1 1 1 1 1 1 1 1 1 1 1 1 1 1 1 1 1 1 1 1 1 1 1 1 1 1 1 1 1 100 1 1 1 100 1 1
ciInstanceKlass java/util/concurrent/ConcurrentHashMap$ForwardingNode 1 1 71 100 1 10 7 12 1 1 1 9 7 12 1 1 1 10 12 1 1 9 12 1 1 9 12 1 1 10 100 12 1 1 1 10 12 1 1 9 12 1 1 1 1 1 1 1 1 1 1 1 1 1 1 1 1 1 1 1 1 1 1 1 100 1 1 1 1 1 1 1 1
ciInstanceKlass java/util/concurrent/ConcurrentHashMap$ReservationNode 1 1 34 100 1 10 7 12 1 1 1 100 1 1 1 1 1 1 1 1 1 1 1 1 1 1 1 1 1 1 1 1 1 1 1 1
ciMethod java/util/concurrent/ConcurrentHashMap$ReservationNode <init> ()V 138 0 1907 0 -1
instanceKlass org/springframework/util/ConcurrentReferenceHashMap$Segment
instanceKlass java/util/concurrent/ConcurrentHashMap$Segment
ciInstanceKlass java/util/concurrent/locks/ReentrantLock 1 1 177 10 7 12 1 1 1 7 1 10 9 7 12 1 1 1 100 1 10 10 7 12 1 1 10 12 1 10 12 1 1 10 100 12 1 1 1 10 12 1 1 10 12 1 1 10 12 1 1 10 12 1 1 10 12 1 10 12 1 10 12 1 1 10 12 1 10 12 1 1 10 12 1 10 12 1 1 100 1 10 100 1 100 1 8 1 10 12 1 10 12 1 1 10 12 1 1 10 12 1 1 100 1 10 10 12 1 1 10 12 1 1 8 1 8 1 10 100 12 1 1 8 1 10 100 1 100 1 1 1 1 5 0 1 1 1 1 1 1 1 1 1 1 100 1 1 1 1 1 1 1 1 1 1 1 1 1 1 1 1 1 1 1 1 1 100 1 1 1 1 1 1 1 1 100 1 1
ciInstanceKlass java/util/concurrent/locks/Lock 1 0 19 100 1 100 1 1 1 1 1 100 1 1 1 1 1 1 1 1 1
ciMethod java/util/concurrent/ConcurrentHashMap$Node find (ILjava/lang/Object;)Ljava/util/concurrent/ConcurrentHashMap$Node; 0 0 1 0 -1
ciMethod java/util/concurrent/ConcurrentHashMap$Node <init> (ILjava/lang/Object;Ljava/lang/Object;)V 532 0 25634 0 -1
instanceKlass java/util/ArrayList$ListItr
ciInstanceKlass java/util/ArrayList$Itr 1 1 103 9 7 12 1 1 1 10 7 12 1 1 1 9 12 1 1 9 7 12 1 1 9 12 1 9 12 1 9 12 1 10 12 1 100 1 10 9 12 1 1 100 1 10 100 1 10 10 12 1 1 100 1 10 7 12 1 1 1 10 12 1 1 11 7 12 1 1 1 100 1 1 1 1 1 1 1 1 1 1 1 1 1 1 1 100 1 1 1 1 1 1 1 1 1 1 1 1 1 1 1 1 1
instanceKlass org/springframework/beans/factory/support/AbstractBeanFactory$BeanPostProcessorCacheAwareList
instanceKlass ch/qos/logback/classic/spi/TurboFilterList
ciInstanceKlass java/util/concurrent/CopyOnWriteArrayList 1 1 514 9 7 12 1 1 1 10 7 12 1 1 1 9 12 1 1 10 12 1 1 10 12 1 1 10 12 1 1 11 7 12 1 1 7 1 7 10 7 12 1 1 1 10 12 1 1 10 12 1 1 10 12 1 1 10 12 1 1 10 12 1 10 12 1 1 10 12 1 10 100 12 1 1 100 1 100 1 10 10 10 7 12 1 1 1 100 1 10 8 1 10 12 1 1 10 12 1 8 1 10 12 1 1 10 12 1 1 10 12 1 100 1 10 12 1 1 10 12 1 10 12 1 1 10 100 12 1 1 1 10 7 12 1 1 10 10 12 1 1 11 12 1 1 11 100 12 1 1 1 11 12 1 10 12 1 1 18 12 1 1 10 12 1 1 18 11 100 12 1 1 1 10 12 1 11 7 12 1 10 12 1 1 10 12 1 1 100 1 10 10 12 1 1 10 12 1 1 11 100 12 1 1 10 12 1 1 10 12 1 1 10 100 12 1 1 10 12 1 1 10 12 1 10 100 12 1 1 10 12 1 10 100 12 1 1 1 11 100 12 1 1 1 10 12 1 10 12 1 100 1 11 10 12 1 10 12 1 1 7 1 10 12 1 100 1 10 7 12 1 1 1 100 1 10 12 1 18 12 1 1 10 100 12 1 1 1 100 1 10 12 1 1 100 1 100 1 10 12 1 8 10 100 12 1 1 1 10 12 1 1 100 1 11 12 1 100 1 100 1 100 1 1 1 1 5 0 1 1 1 1 1 1 1 1 1 1 1 1 1 1 1 1 1 1 1 1 1 1 1 1 1 1 1 1 1 1 1 1 1 1 1 1 1 1 1 1 1 1 1 100 1 1 1 1 1 1 1 1 1 1 1 1 1 1 1 1 1 1 1 1 1 1 1 1 1 1 1 1 1 1 1 1 1 1 1 1 1 1 1 1 1 1 1 1 1 1 1 1 1 1 1 1 1 1 1 100 1 1 1 1 1 1 1 1 1 1 1 100 1 1 1 1 1 1 1 100 1 1 1 100 1 1 1 1 1 1 1 1 1 1 1 1 1 1 1 1 1 1 1 1 1 1 1 1 1 1 1 1 1 1 1 1 100 1 1 15 10 7 12 1 1 1 16 15 10 12 15 10 12 16 15 10 12 16 1 1 1 1 100 1 100 1 1
ciMethod java/util/concurrent/CopyOnWriteArrayList get (I)Ljava/lang/Object; 768 0 5538 0 128
ciMethod java/util/concurrent/CopyOnWriteArrayList size ()I 782 0 12848 0 96
ciMethod java/util/concurrent/CopyOnWriteArrayList toArray ()[Ljava/lang/Object; 2 0 13 0 0
ciMethod java/util/concurrent/CopyOnWriteArrayList elementAt ([Ljava/lang/Object;I)Ljava/lang/Object; 768 0 5583 0 0
ciMethod java/util/concurrent/CopyOnWriteArrayList getArray ()[Ljava/lang/Object; 264 0 132 0 0
ciInstanceKlass java/lang/invoke/BoundMethodHandle$Species_L 1 1 125 10 7 12 1 1 1 9 7 12 1 1 1 9 12 1 1 10 12 1 9 7 12 1 1 1 10 7 12 1 1 1 10 12 1 1 10 7 12 1 1 1 100 1 10 100 12 1 1 1 9 12 1 10 12 1 9 12 1 10 12 1 9 12 1 10 12 1 9 12 1 10 12 1 10 12 1 1 10 12 1 1 1 1 1 1 1 1 1 1 1 1 1 1 1 1 1 1 1 1 1 1 1 1 1 1 1 1 1 1 1 1 1 1 1 1 1 1 1 1 1 1 100 1 1
ciMethod java/util/concurrent/locks/Lock tryLock ()Z 0 0 1 0 -1
ciMethod java/util/concurrent/locks/Lock unlock ()V 0 0 1 0 -1
ciMethod java/util/List iterator ()Ljava/util/Iterator; 0 0 1 0 -1
ciMethod java/util/function/Function apply (Ljava/lang/Object;)Ljava/lang/Object; 0 0 1 0 -1
ciMethod java/util/Map containsKey (Ljava/lang/Object;)Z 0 0 1 0 -1
ciMethod java/util/Map put (Ljava/lang/Object;Ljava/lang/Object;)Ljava/lang/Object; 0 0 1 0 -1
ciMethod java/util/Map get (Ljava/lang/Object;)Ljava/lang/Object; 0 0 1 0 -1
ciMethod java/util/Map remove (Ljava/lang/Object;)Ljava/lang/Object; 0 0 1 0 -1
ciMethod jdk/internal/misc/Unsafe getReferenceAcquire (Ljava/lang/Object;J)Ljava/lang/Object; 628 0 5434 0 -1
ciMethod java/lang/String isEmpty ()Z 512 0 279781 0 96
ciMethod java/lang/String charAt (I)C 1000 0 1046076 0 160
ciMethod java/lang/String equals (Ljava/lang/Object;)Z 1024 0 12876 0 384
ciMethod java/lang/String toString ()Ljava/lang/String; 512 0 56763 0 64
ciMethod java/lang/String hashCode ()I 1024 0 19447 0 448
ciMethod java/lang/String indexOf (Ljava/lang/String;)I 514 0 6413 0 512
ciMethod java/lang/String checkIndex (II)V 0 0 11914 0 128
ciMethod java/lang/String valueOf (Ljava/lang/Object;)Ljava/lang/String; 256 0 5574 0 -1
ciMethod java/lang/String coder ()B 1024 0 726935 0 64
ciMethod java/lang/String isLatin1 ()Z 1024 0 1321209 0 96
ciMethod java/lang/String contains (Ljava/lang/CharSequence;)Z 540 0 17397 0 0
ciMethod java/util/concurrent/ConcurrentHashMap computeIfAbsent (Ljava/lang/Object;Ljava/util/function/Function;)Ljava/lang/Object; 512 138 10663 0 6336
ciMethod java/util/concurrent/ConcurrentHashMap containsKey (Ljava/lang/Object;)Z 232 0 11333 0 736
ciMethod java/util/concurrent/ConcurrentHashMap get (Ljava/lang/Object;)Ljava/lang/Object; 540 2 12855 0 672
ciMethod java/util/concurrent/ConcurrentHashMap spread (I)I 608 0 47846 0 96
ciMethod java/util/concurrent/ConcurrentHashMap tabAt ([Ljava/util/concurrent/ConcurrentHashMap$Node;I)Ljava/util/concurrent/ConcurrentHashMap$Node; 628 0 5434 0 96
ciMethod java/util/concurrent/ConcurrentHashMap initTable ()[Ljava/util/concurrent/ConcurrentHashMap$Node; 14 0 422 0 -1
ciMethod java/util/concurrent/ConcurrentHashMap casTabAt ([Ljava/util/concurrent/ConcurrentHashMap$Node;ILjava/util/concurrent/ConcurrentHashMap$Node;Ljava/util/concurrent/ConcurrentHashMap$Node;)Z 498 0 1352 0 -1
ciMethod java/util/concurrent/ConcurrentHashMap helpTransfer ([Ljava/util/concurrent/ConcurrentHashMap$Node;Ljava/util/concurrent/ConcurrentHashMap$Node;)[Ljava/util/concurrent/ConcurrentHashMap$Node; 0 0 1 0 -1
ciMethod java/util/concurrent/ConcurrentHashMap treeifyBin ([Ljava/util/concurrent/ConcurrentHashMap$Node;I)V 0 0 1 0 -1
ciMethod java/util/concurrent/ConcurrentHashMap addCount (JI)V 540 0 8373 0 -1
ciMethod java/util/concurrent/ConcurrentHashMap setTabAt ([Ljava/util/concurrent/ConcurrentHashMap$Node;ILjava/util/concurrent/ConcurrentHashMap$Node;)V 560 0 7166 0 -1
ciMethod java/util/Iterator hasNext ()Z 0 0 1 0 -1
ciMethod java/util/Iterator next ()Ljava/lang/Object; 0 0 1 0 -1
ciMethod java/lang/Class initClassName ()Ljava/lang/String; 260 0 130 0 -1
ciMethod java/lang/Class getSuperclass ()Ljava/lang/Class; 256 0 128 0 -1
ciMethod java/lang/Class isInstance (Ljava/lang/Object;)Z 256 0 128 0 -1
ciMethod java/lang/Class isAssignableFrom (Ljava/lang/Class;)Z 256 0 128 0 -1
ciMethod java/lang/Class getName ()Ljava/lang/String; 512 0 171583 0 96
ciMethod java/lang/Object getClass ()Ljava/lang/Class; 256 0 128 0 -1
ciMethod java/lang/Object <init> ()V 1024 0 928413 0 128
ciInstanceKlass java/lang/invoke/LambdaForm$MH+0x000002d637000400 1 1 41 1 7 1 100 1 1 1 1 1 1 1 7 1 1 12 9 1 1 1 1 1 7 1 1 12 10 1 7 1 1 12 11 1 7 12 9 1 1 1 1
staticfield java/lang/invoke/LambdaForm$MH+0x000002d637000400 _D_0 Ljava/lang/invoke/LambdaForm; java/lang/invoke/LambdaForm
instanceKlass io/grpc/netty/shaded/io/netty/util/concurrent/BlockingOperationException
instanceKlass java/util/concurrent/CancellationException
instanceKlass java/nio/channels/CancelledKeyException
instanceKlass io/grpc/netty/shaded/io/netty/util/IllegalReferenceCountException
instanceKlass org/springframework/security/config/annotation/AlreadyBuiltException
instanceKlass io/micrometer/core/instrument/config/validate/ValidationException
instanceKlass org/apache/catalina/session/TooManyActiveSessionsException
instanceKlass org/springframework/context/annotation/ConflictingBeanDefinitionException
instanceKlass org/springframework/beans/factory/support/ImplicitlyAppearedSingletonException
instanceKlass org/springframework/core/env/MissingRequiredPropertiesException
ciInstanceKlass java/lang/IllegalStateException 1 1 35 10 7 12 1 1 1 10 12 1 10 12 1 10 12 1 100 1 1 1 1 5 0 1 1 1 1 1 1 1 1 1 1 1 1
instanceKlass org/springframework/asm/MethodTooLargeException
instanceKlass org/springframework/asm/ClassTooLargeException
instanceKlass java/lang/ArrayIndexOutOfBoundsException
ciInstanceKlass java/lang/IndexOutOfBoundsException 1 0 49 10 100 12 1 1 1 10 12 1 100 1 10 8 1 10 12 1 1 10 12 1 10 12 1 1 10 12 1 100 1 1 1 1 5 0 1 1 1 1 1 1 1 1 1 1 1 1 1
ciInstanceKlass java/lang/reflect/TypeVariable 1 1 39 100 1 100 1 100 1 100 1 1 1 1 1 1 1 1 1 1 1 1 1 1 1 100 1 8 1 1 12 10 1 1 1 8 1 1 1 8 1
ciInstanceKlass sun/reflect/generics/reflectiveObjects/TypeVariableImpl 1 1 272 10 7 12 1 1 1 9 7 12 1 1 1 9 12 1 1 9 12 1 1 7 1 7 1 100 1 100 1 100 1 10 12 1 8 1 10 12 1 1 10 7 12 1 1 1 10 12 1 1 10 10 12 1 10 12 1 7 1 10 12 1 1 10 7 12 1 1 7 1 10 7 12 1 1 1 7 1 10 12 1 1 10 12 1 7 1 11 12 1 1 11 10 7 12 1 1 1 10 12 1 1 10 7 1 10 12 1 1 10 12 1 1 10 12 1 1 11 100 12 1 1 7 1 10 12 1 1 10 100 12 1 1 1 10 12 1 1 10 12 1 8 1 10 10 100 12 1 1 1 10 12 1 1 10 12 1 1 11 100 12 1 1 1 10 12 1 100 1 10 11 12 1 10 100 12 1 1 1 10 12 1 1 9 100 12 1 1 1 11 12 1 1 100 1 8 1 10 12 1 8 1 10 12 1 9 12 1 1 1 1 1 1 1 1 1 1 1 1 1 1 1 1 1 1 1 1 1 1 1 1 1 1 1 1 1 1 1 1 1 1 1 1 1 1 1 1 1 1 1 1 1 1 1 1 100 1 1 1 1 1 1 1 1 1 1 100 1 1 1 1 1
staticfield sun/reflect/generics/reflectiveObjects/TypeVariableImpl EMPTY_ANNOTATION_ARRAY [Ljava/lang/annotation/Annotation; 0 [Ljava/lang/annotation/Annotation;
ciInstanceKlass java/lang/WeakPairMap$Pair$Weak 1 1 81 10 7 12 1 1 1 11 7 12 1 1 1 9 7 12 1 1 1 7 1 10 12 1 9 12 1 1 10 12 1 1 10 10 12 1 10 12 1 11 12 1 1 1 1 1 1 1 1 1 1 1 1 1 1 1 1 1 1 1 1 1 1 1 1 1 1 1 1 1 1 1 1 1 1 100 1 1 1 1 1
ciInstanceKlass org/springframework/beans/factory/BeanFactory 1 0 58 100 1 100 1 1 1 1 8 1 1 1 3 1 1 1 100 1 1 1 1 1 1 1 1 1 1 1 1 1 1 1 1 1 1 1 1 1 100 1 1 1 1 1 1 1 1 1 1 1 1 1 1 1 1 1 1 1
ciInstanceKlass org/springframework/beans/factory/config/ConfigurableBeanFactory 1 0 132 100 1 100 1 100 1 100 1 1 1 1 8 1 1 8 1 1 1 1 100 1 1 1 1 1 1 1 1 1 1 1 1 1 1 1 1 1 1 1 1 1 1 1 1 1 1 1 1 1 1 1 1 1 1 1 1 1 1 1 1 1 1 1 1 1 1 1 1 1 1 1 1 1 1 1 1 1 1 1 1 1 1 1 1 1 1 1 1 1 1 1 1 1 1 1 1 1 1 1 1 1 100 1 1 1 1 1 1 100 1 1 1 1 1 1 1 1 1 1 1 1 1 1 1 1 1 1 1 1 1 1
ciInstanceKlass org/slf4j/Logger 1 1 130 100 1 100 1 10 12 1 1 11 100 12 1 1 1 11 12 1 1 10 100 12 1 1 1 10 100 12 1 1 1 11 12 1 1 11 12 1 11 12 1 11 12 1 11 12 1 100 1 100 1 10 12 1 8 1 10 12 1 1 10 12 1 8 1 10 12 1 1 10 12 1 9 12 1 1 9 12 1 9 12 1 9 12 1 9 12 1 100 1 1 1 1 8 1 1 1 1 1 1 1 1 1 1 1 1 1 1 1 1 1 1 1 1 1 1 1 1 1 1 1 1 1 1 1 1 1 1 1 1
ciInstanceKlass org/apache/commons/logging/Log 1 0 25 100 1 100 1 1 1 1 1 1 1 1 1 1 1 1 1 1 1 1 1 1 1 1 1
ciInstanceKlass org/slf4j/Marker 0 0 39 100 1 100 1 100 1 1 1 1 8 1 1 8 1 1 1 1 1 1 1 1 1 1 1 1 1 1 1 1 1 1 1 1 1 1 1 1 1
instanceKlass ch/qos/logback/classic/LoggerContext
ciInstanceKlass ch/qos/logback/core/ContextBase 1 1 388 100 1 10 7 12 1 1 1 10 7 12 1 1 1 9 7 12 1 1 1 7 1 10 9 12 1 1 7 1 10 9 12 1 1 7 1 10 9 12 1 7 1 10 9 12 1 1 7 1 10 9 12 1 1 7 1 10 12 1 9 12 1 10 12 1 100 1 8 1 10 12 1 10 12 1 8 1 10 7 12 1 1 1 10 12 1 11 7 12 1 1 1 8 1 10 12 1 1 8 1 10 12 1 1 8 1 10 12 1 1 10 12 1 10 12 1 11 12 1 1 100 1 10 12 1 10 12 1 11 12 1 9 12 1 1 9 12 1 1 10 12 1 10 12 1 10 12 1 1 10 7 12 1 1 11 12 1 8 1 100 1 8 1 10 9 12 1 1 10 7 12 1 1 1 9 12 1 1 10 12 1 1 9 12 1 1 10 12 1 1 10 12 1 1 8 1 10 12 1 1 100 1 10 12 1 100 1 10 12 1 1 18 12 1 1 10 12 11 100 12 1 1 1 10 100 12 1 1 1 10 12 1 18 12 1 10 12 1 1 9 12 1 1 10 11 100 12 1 10 12 1 1 10 12 1 9 12 1 1 11 12 18 12 1 1 11 12 1 1 11 100 12 1 1 1 100 1 100 1 1 1 1 1 1 1 1 1 1 1 1 1 1 1 1 1 1 1 1 1 1 1 1 1 1 1 1 1 1 1 1 1 1 1 1 1 1 1 1 1 1 1 1 1 1 1 1 1 1 1 1 1 1 1 1 1 1 1 1 1 1 1 1 1 1 1 1 1 1 1 1 1 1 1 1 1 1 1 1 8 1 8 1 16 1 15 10 12 16 15 10 100 12 1 1 15 10 100 12 1 1 1 1 100 1 100 1 1
ciInstanceKlass ch/qos/logback/classic/LoggerContext 1 1 479 100 1 10 7 12 1 1 1 9 7 12 1 1 1 7 1 10 9 12 1 1 7 1 10 9 12 1 1 9 12 1 1 9 12 1 1 100 1 9 12 1 9 12 1 7 1 10 9 12 1 1 7 1 10 12 1 9 12 1 1 7 1 8 1 10 12 1 9 12 1 1 9 7 12 1 1 1 10 12 1 1 11 7 12 1 1 1 10 12 1 9 12 1 9 12 1 10 12 1 8 1 7 1 10 10 12 1 1 10 12 1 1 10 12 1 10 12 1 1 10 100 12 1 1 1 10 12 1 1 100 1 8 1 10 12 10 7 12 1 1 1 11 12 1 1 10 7 12 1 1 1 10 12 1 1 10 12 1 10 12 1 10 12 1 10 12 1 1 100 1 10 10 18 12 1 1 10 12 11 7 12 1 1 1 11 12 1 1 10 12 1 100 1 10 10 100 12 1 1 1 9 12 1 1 10 7 12 1 1 9 12 1 11 7 12 1 1 1 11 7 12 1 1 1 11 12 1 1 100 1 11 12 1 1 11 12 1 10 12 1 11 12 1 1 100 1 11 12 1 11 12 1 1 10 12 1 10 7 1 10 12 1 10 10 12 1 9 7 12 1 1 1 10 12 1 1 100 1 11 11 12 7 1 11 11 12 1 1 11 12 1 1 11 12 1 11 12 1 11 12 1 10 10 12 1 10 12 1 10 12 1 10 12 1 10 12 1 10 10 10 12 1 10 12 1 10 12 1 10 12 1 10 12 1 10 12 1 10 12 1 10 12 1 1 18 9 12 1 1 8 1 100 1 100 1 1 1 3 1 1 1 1 1 1 1 1 1 1 1 1 1 1 1 1 1 1 1 1 1 1 1 1 1 100 1 1 1 1 1 1 1 1 1 1 1 1 1 1 1 1 1 1 1 1 1 1 1 1 1 1 1 1 1 1 1 1 1 1 1 1 1 1 1 1 1 1 1 1 1 1 1 1 1 1 1 1 1 1 1 1 1 1 1 1 1 1 1 1 1 1 1 1 1 1 1 1 1 1 1 1 1 1 8 1 8 1 15 10 100 12 1 1 1 100 1 100 1 1
ciInstanceKlass ch/qos/logback/classic/spi/TurboFilterList 1 1 89 10 7 12 1 1 1 10 7 12 1 1 1 10 12 1 1 7 1 10 12 1 1 100 1 9 100 12 1 1 1 10 12 1 1 9 12 1 9 12 1 1 1 1 5 0 1 1 1 1 1 1 1 1 1 1 1 1 1 1 1 1 1 1 1 1 1 1 1 1 1 1 1 1 100 1 100 1 100 1 100 1 100 100 1 1 1 1 1
ciInstanceKlass ch/qos/logback/classic/Logger 1 1 514 10 7 12 1 1 1 9 7 12 1 1 1 9 12 1 1 9 12 1 1 9 12 1 1 9 12 1 1 10 7 12 1 1 1 9 12 1 1 9 12 1 1 11 7 12 1 1 1 11 12 1 1 10 12 1 1 10 7 12 1 1 1 10 12 1 1 100 1 8 1 10 12 1 10 12 1 1 9 12 1 10 12 1 1 10 7 12 1 1 1 9 12 1 1 10 7 12 1 1 10 12 1 1 10 10 12 1 1 10 12 1 1 9 100 12 1 1 11 12 1 1 10 12 1 10 12 1 1 10 12 1 1 10 12 1 1 10 12 1 10 12 10 7 12 1 1 1 18 12 1 1 7 1 10 10 12 1 18 12 1 11 12 1 9 12 1 10 10 12 1 11 7 12 1 1 11 12 1 1 10 12 1 10 12 1 10 12 1 1 18 12 1 10 12 1 1 9 7 12 1 1 1 9 12 1 10 12 1 1 10 12 1 1 10 12 1 1 7 1 10 12 1 10 12 1 1 10 12 1 1 9 12 1 9 12 1 10 12 1 10 12 1 1 10 12 1 1 10 12 1 1 10 12 1 1 9 12 1 100 1 10 12 1 1 18 10 9 12 1 10 12 1 9 12 1 10 12 1 10 12 1 3 10 12 1 9 12 1 10 12 1 1 18 100 1 10 12 1 10 12 1 11 100 12 1 1 1 10 12 1 1 11 12 1 11 12 1 11 12 1 1 11 12 1 1 11 12 1 1 18 12 1 1 11 12 1 1 11 12 1 10 12 1 1 10 100 12 1 1 1 10 7 1 100 1 100 1 100 1 100 1 100 1 1 1 1 5 0 1 1 1 1 1 1 1 1 1 1 1 1 1 1 1 1 1 1 1 1 1 1 1 1 1 1 1 1 1 1 1 1 1 1 1 1 1 1 1 1 1 1 1 1 1 1 1 1 1 1 1 1 1 1 1 1 1 1 1 1 1 1 1 1 1 1 1 1 1 1 1 1 1 1 1 1 1 1 1 1 1 1 1 1 1 1 1 1 1 1 1 1 1 1 1 1 100 1 1 1 100 1 1 1 1 1 1 1 1 1 8 1 8 1 8 1 8 1 8 1 16 1 15 10 12 16 15 10 7 12 1 1 15 10 100 12 1 1 1 1 100 1 100 1 1
staticfield ch/qos/logback/classic/Logger FQCN Ljava/lang/String; "ch.qos.logback.classic.Logger"ciInstanceKlass ch/qos/logback/classic/Level 1 1 199 7 1 10 7 12 1 1 1 9 7 12 1 1 1 9 12 1 1 10 100 12 1 1 1 10 12 1 1 9 12 1 1 9 12 1 9 12 1 9 12 1 9 12 1 9 12 1 9 12 1 100 1 18 12 1 1 10 12 1 9 12 1 1 10 12 1 1 10 12 1 9 12 1 9 12 1 9 12 1 9 12 1 9 12 1 9 12 1 10 7 12 1 1 1 8 10 12 1 1 8 8 8 8 8 8 10 12 100 1 18 12 1 10 8 1 10 100 1 10 12 1 1 18 12 1 3 10 12 1 3 3 10 12 1 100 1 1 1 1 5 0 1 1 1 3 1 3 1 3 1 3 1 1 1 1 1 1 1 1 1 1 1 1 1 1 1 1 1 1 1 1 1 1 1 1 1 1 1 1 1 1 1 8 1 8 1 15 10 100 12 1 1 1 100 1 100 1 1
staticfield ch/qos/logback/classic/Level OFF_INTEGER Ljava/lang/Integer; java/lang/Integer
staticfield ch/qos/logback/classic/Level ERROR_INTEGER Ljava/lang/Integer; java/lang/Integer
staticfield ch/qos/logback/classic/Level WARN_INTEGER Ljava/lang/Integer; java/lang/Integer
staticfield ch/qos/logback/classic/Level INFO_INTEGER Ljava/lang/Integer; java/lang/Integer
staticfield ch/qos/logback/classic/Level DEBUG_INTEGER Ljava/lang/Integer; java/lang/Integer
staticfield ch/qos/logback/classic/Level TRACE_INTEGER Ljava/lang/Integer; java/lang/Integer
staticfield ch/qos/logback/classic/Level ALL_INTEGER Ljava/lang/Integer; java/lang/Integer
staticfield ch/qos/logback/classic/Level OFF Lch/qos/logback/classic/Level; ch/qos/logback/classic/Level
staticfield ch/qos/logback/classic/Level ERROR Lch/qos/logback/classic/Level; ch/qos/logback/classic/Level
staticfield ch/qos/logback/classic/Level WARN Lch/qos/logback/classic/Level; ch/qos/logback/classic/Level
staticfield ch/qos/logback/classic/Level INFO Lch/qos/logback/classic/Level; ch/qos/logback/classic/Level
staticfield ch/qos/logback/classic/Level DEBUG Lch/qos/logback/classic/Level; ch/qos/logback/classic/Level
staticfield ch/qos/logback/classic/Level TRACE Lch/qos/logback/classic/Level; ch/qos/logback/classic/Level
staticfield ch/qos/logback/classic/Level ALL Lch/qos/logback/classic/Level; ch/qos/logback/classic/Level
instanceKlass org/apache/commons/logging/LogAdapter$Slf4jLocationAwareLog
ciInstanceKlass org/apache/commons/logging/LogAdapter$Slf4jLog 1 1 119 10 7 12 1 1 1 11 7 12 1 1 1 9 7 12 1 1 1 9 12 1 1 10 12 1 1 11 11 12 1 11 12 1 11 12 1 11 12 1 10 12 1 1 10 12 1 100 1 10 12 1 1 11 12 1 11 12 1 11 12 1 11 12 11 12 1 11 12 11 12 1 11 12 11 12 1 11 12 10 100 12 1 1 1 100 1 100 1 1 1 1 1 1 1 1 1 1 1 1 1 1 1 1 1 1 1 1 1 1 1 1 1 1 100 1 1 1 1
ciInstanceKlass org/apache/commons/logging/LogAdapter$Slf4jLocationAwareLog 1 1 102 10 7 12 1 1 1 10 7 12 1 1 1 10 12 1 7 1 9 12 1 1 7 1 11 12 1 1 9 12 1 1 10 12 1 1 11 12 1 1 11 12 1 11 12 1 11 12 1 11 12 1 9 12 1 10 100 12 1 1 1 10 7 12 1 1 1 100 1 1 1 1 1 1 1 1 1 1 1 1 1 1 1 1 1 1 1 1 1 1 1 1 1 1 1 1 100 1 1 1 1 1
staticfield org/apache/commons/logging/LogAdapter$Slf4jLocationAwareLog FQCN Ljava/lang/String; "org.apache.commons.logging.LogAdapter$Slf4jLocationAwareLog"ciInstanceKlass org/springframework/util/Assert 1 1 265 10 100 12 1 1 1 100 1 10 12 1 10 7 12 1 1 1 100 1 10 10 7 12 1 1 1 10 12 1 10 100 12 1 1 1 10 7 12 1 1 1 10 7 12 1 1 11 7 12 1 1 1 11 7 12 1 1 1 11 12 1 1 10 12 1 8 1 10 12 1 1 10 7 12 1 1 1 10 12 1 1 8 1 10 12 1 8 1 10 12 1 1 10 12 1 1 10 12 1 10 12 1 1 10 12 1 1 8 1 10 12 1 18 12 1 1 10 12 1 1 10 12 1 1 18 12 1 18 8 1 10 12 1 8 1 8 1 8 1 8 1 8 1 18 11 100 12 1 1 1 1 1 1 1 1 1 1 1 1 1 1 1 1 1 1 1 1 1 1 1 1 1 1 1 1 1 1 1 1 1 1 1 1 1 1 1 1 1 1 1 1 1 1 1 1 1 1 1 1 1 1 100 1 1 1 1 1 1 1 1 1 1 1 1 1 1 1 1 1 1 1 1 1 1 1 1 1 1 1 1 1 1 1 1 1 1 1 1 1 1 1 1 1 1 15 10 100 12 1 1 8 1 8 1 8 1 8 1 1 100 1 100 1 1
ciInstanceKlass org/springframework/util/ClassUtils 1 1 1014 7 1 10 7 12 1 1 1 9 7 12 1 1 1 10 7 12 1 1 1 11 7 12 1 1 1 10 7 12 1 1 1 10 12 1 1 7 1 10 12 1 10 7 12 1 1 10 12 1 1 10 12 1 1 8 1 10 7 12 1 1 1 10 12 1 1 11 12 1 1 8 1 10 7 12 1 1 1 10 12 1 1 10 12 1 1 10 12 1 1 10 12 1 1 8 1 10 12 1 8 1 8 1 10 12 1 10 12 1 10 12 1 7 1 10 12 1 1 10 12 1 10 12 1 1 10 7 12 1 1 1 18 12 1 1 7 1 100 1 10 12 1 18 10 12 1 100 1 100 1 18 12 1 10 18 100 1 10 12 1 1 8 1 10 12 1 10 12 1 9 12 1 9 12 1 11 12 1 10 12 1 1 10 12 1 1 10 12 1 10 12 1 9 7 12 1 1 1 9 12 1 10 12 1 10 12 1 7 1 10 12 1 7 1 7 1 7 1 7 1 7 1 7 1 7 1 7 1 7 1 7 1 7 1 7 1 7 1 7 1 7 1 7 1 8 1 8 1 8 1 10 12 1 10 12 1 1 8 1 10 12 1 1 8 1 8 1 8 1 10 12 1 1 18 18 8 1 10 100 12 1 1 1 10 12 1 1 10 7 12 1 1 1 100 1 8 1 8 1 10 12 1 11 7 12 1 1 1 11 7 12 1 1 11 12 1 1 10 12 1 1 10 12 1 9 12 1 1 11 12 1 1 7 8 1 10 12 1 1 10 12 1 10 12 1 1 10 12 1 1 10 12 1 10 12 1 10 12 1 10 7 12 1 1 1 7 1 10 10 12 1 1 11 7 12 1 10 12 1 8 1 10 12 1 1 10 100 12 1 1 1 9 12 1 1 11 12 1 10 12 1 10 12 1 1 10 12 1 10 12 1 10 12 1 8 1 10 12 1 10 12 1 10 12 1 8 1 10 12 1 1 10 12 1 10 12 1 18 8 1 10 10 12 1 8 1 10 12 1 1 10 12 1 1 10 12 1 10 12 1 10 12 10 100 12 1 1 18 10 12 1 10 12 1 1 8 1 10 7 12 1 1 10 18 10 12 1 1 10 12 1 1 7 1 10 12 1 10 12 1 1 10 12 1 8 1 10 12 1 1 10 12 1 1 18 10 12 1 10 12 1 1 11 12 1 11 11 12 18 18 10 12 1 1 10 12 1 1 10 12 1 1 10 12 1 1 10 10 12 1 10 7 12 1 1 10 12 1 1 10 12 1 9 12 1 9 12 1 18 12 1 1 11 12 1 1 10 12 1 1 10 12 1 1 9 12 1 18 12 1 10 12 1 10 10 12 1 8 1 10 12 7 1 10 12 1 10 12 1 10 12 1 1 7 1 10 7 1 10 7 1 10 7 1 9 7 1 9 9 7 1 9 7 1 9 7 1 9 7 1 9 7 1 9 11 12 1 1 7 1 11 12 1 11 12 1 10 12 1 1 11 12 1 1 11 12 1 7 1 7 1 7 1 7 1 7 1 7 1 7 1 7 1 10 12 1 7 1 7 1 7 1 7 1 7 1 7 1 7 1 7 1 7 1 7 1 7 1 7 1 7 1 7 1 7 1 7 1 7 1 7 1 7 1 7 1 7 1 7 1 7 1 7 1 7 1 7 1 11 12 1 1 1 1 1 1 1 1 1 1 1 3 1 3 1 3 1 1 8 1 1 1 3 1 3 1 1 1 1 1 1 1 1 1 1 1 1 1 1 1 1 1 1 1 1 1 1 1 1 1 1 1 1 1 1 1 1 1 1 1 1 1 1 1 1 1 1 1 1 1 1 1 1 1 1 1 1 1 1 1 1 1 1 1 1 1 1 1 1 1 1 1 1 1 1 1 1 1 1 1 1 1 1 1 1 1 1 1 1 1 1 1 1 1 1 1 1 1 1 1 1 1 1 1 1 1 1 1 1 1 1 1 1 1 1 1 1 1 1 1 1 1 1 1 1 1 1 1 1 1 1 1 1 1 1 1 1 1 1 1 1 1 1 1 1 1 1 1 1 1 1 1 1 1 1 1 1 1 1 1 1 100 1 1 1 1 1 1 1 1 1 1 1 1 1 1 1 1 1 1 1 1 1 1 1 1 1 1 1 1 1 1 1 1 1 1 1 1 1 1 1 15 10 7 12 1 1 8 1 8 1 8 1 8 1 8 1 8 1 8 1 8 1 8 1 8 1 8 1 8 1 15 10 7 12 1 1 1 16 15 10 12 16 15 10 12 1 1 100 1 100 1 1
staticfield org/springframework/util/ClassUtils EMPTY_CLASS_ARRAY [Ljava/lang/Class; 0 [Ljava/lang/Class;
staticfield org/springframework/util/ClassUtils primitiveWrapperTypeMap Ljava/util/Map; java/util/IdentityHashMap
staticfield org/springframework/util/ClassUtils primitiveTypeToWrapperMap Ljava/util/Map; java/util/IdentityHashMap
staticfield org/springframework/util/ClassUtils primitiveTypeNameMap Ljava/util/Map; java/util/HashMap
staticfield org/springframework/util/ClassUtils commonClassCache Ljava/util/Map; java/util/HashMap
staticfield org/springframework/util/ClassUtils javaLanguageInterfaces Ljava/util/Set; java/util/ImmutableCollections$SetN
staticfield org/springframework/util/ClassUtils interfaceMethodCache Ljava/util/Map; org/springframework/util/ConcurrentReferenceHashMap
staticfield org/springframework/util/ClassUtils publicInterfaceMethodCache Ljava/util/Map; org/springframework/util/ConcurrentReferenceHashMap
staticfield org/springframework/util/ClassUtils publiclyAccessibleMethodCache Ljava/util/Map; org/springframework/util/ConcurrentReferenceHashMap
ciInstanceKlass org/springframework/util/StringUtils 1 1 714 10 100 12 1 1 1 8 1 10 7 12 1 1 1 11 7 12 1 1 1 10 11 12 1 1 11 12 1 1 10 7 12 1 1 1 10 12 1 10 7 12 1 1 1 10 12 1 10 12 1 10 12 1 1 7 1 10 12 1 10 12 1 1 10 12 1 1 11 12 1 10 12 1 10 12 1 10 10 10 12 1 1 10 12 1 10 12 1 1 10 12 1 1 10 12 1 10 12 1 10 12 1 10 10 12 1 1 10 12 1 10 12 1 18 12 1 1 10 12 1 10 12 1 1 10 12 1 10 12 1 1 10 12 1 10 12 1 1 10 12 1 10 12 1 1 10 12 1 8 1 10 12 1 18 18 12 1 8 1 8 1 10 12 1 10 12 1 1 7 1 10 8 1 8 1 11 7 12 1 1 1 11 12 1 11 12 1 1 10 12 1 10 12 1 1 10 12 1 10 100 12 1 1 1 100 1 8 1 10 12 1 10 12 1 100 1 18 8 1 8 1 10 12 1 10 100 12 1 1 1 10 12 1 10 12 1 10 12 1 1 10 10 12 1 10 7 12 1 1 1 5 0 11 100 12 1 1 1 10 100 12 1 1 1 11 12 1 1 10 12 1 18 10 12 1 18 10 100 12 1 1 1 8 1 10 12 1 18 10 7 12 1 1 9 12 1 1 11 7 12 1 1 1 7 10 7 12 1 1 1 10 12 1 1 10 7 12 1 1 10 100 12 1 1 1 10 12 1 1 10 12 1 7 1 10 12 1 1 10 12 1 10 12 1 1 100 1 10 10 12 1 10 12 10 12 1 1 10 12 1 1 7 1 10 7 1 10 10 12 1 10 12 1 11 7 12 1 1 10 12 1 8 1 10 12 1 1 11 11 12 1 1 11 7 12 1 1 11 12 1 10 12 1 1 10 12 1 10 12 1 10 12 1 7 1 10 12 1 10 12 1 10 10 12 1 1 10 12 1 1 18 12 1 1 10 100 12 1 1 1 11 12 1 1 18 18 12 1 1 1 1 1 3 1 1 3 1 1 1 1 3 1 1 3 1 8 1 1 1 1 1 1 1 1 1 1 1 1 1 1 1 1 1 1 1 1 1 1 1 1 1 1 1 1 1 1 1 1 1 1 1 1 1 1 1 1 1 1 1 1 1 1 1 1 1 1 1 1 1 1 1 1 1 1 1 1 1 1 1 1 1 1 100 1 1 1 1 1 1 1 1 1 1 1 1 1 1 1 1 1 1 1 1 1 1 1 1 1 1 1 1 1 1 1 1 1 1 1 1 1 1 1 1 1 1 1 1 1 1 1 1 100 100 1 1 1 1 1 1 1 1 1 1 1 1 1 1 1 1 1 1 1 1 1 1 1 1 1 1 1 1 1 1 1 1 1 1 1 1 1 1 1 1 1 1 1 1 1 1 1 1 1 1 1 1 1 1 1 1 1 1 1 1 1 1 1 1 1 1 1 1 1 1 1 1 1 1 1 1 1 100 1 1 1 1 1 1 1 1 1 1 15 10 7 12 1 1 8 1 8 1 8 1 8 1 8 1 8 1 8 1 15 10 100 12 1 1 1 16 15 10 12 16 8 1 8 1 1 100 1 100 1 1
staticfield org/springframework/util/StringUtils EMPTY_STRING_ARRAY [Ljava/lang/String; 0 [Ljava/lang/String;
ciInstanceKlass ch/qos/logback/core/spi/FilterReply 1 1 55 7 1 9 12 1 1 9 12 1 9 12 1 9 12 1 1 10 100 12 1 1 10 7 12 1 1 1 10 12 1 1 8 10 8 8 10 12 1 1 1 1 1 1 1 1 1 1 1 1 1 1 1 1 1
staticfield ch/qos/logback/core/spi/FilterReply DENY Lch/qos/logback/core/spi/FilterReply; ch/qos/logback/core/spi/FilterReply
staticfield ch/qos/logback/core/spi/FilterReply NEUTRAL Lch/qos/logback/core/spi/FilterReply; ch/qos/logback/core/spi/FilterReply
staticfield ch/qos/logback/core/spi/FilterReply ACCEPT Lch/qos/logback/core/spi/FilterReply; ch/qos/logback/core/spi/FilterReply
staticfield ch/qos/logback/core/spi/FilterReply $VALUES [Lch/qos/logback/core/spi/FilterReply; 3 [Lch/qos/logback/core/spi/FilterReply;
instanceKlass org/springframework/core/ResolvableType$1
ciInstanceKlass org/springframework/core/ResolvableType 1 1 742 10 7 12 1 1 1 9 7 12 1 1 1 9 12 1 1 9 12 1 1 9 12 1 1 10 12 1 1 10 7 12 1 1 1 9 12 1 1 9 12 1 1 10 12 1 1 10 7 12 1 1 1 7 1 11 12 1 1 7 1 11 7 12 1 1 1 10 12 1 1 10 12 1 10 12 1 1 10 7 12 1 1 1 10 12 1 1 10 12 1 8 1 10 7 12 1 1 1 9 12 1 11 7 12 1 1 1 10 10 12 1 1 10 12 1 10 12 1 10 12 1 1 10 7 12 1 1 10 12 1 1 10 12 1 1 10 12 1 10 12 1 10 12 1 10 12 1 7 1 11 7 12 1 1 1 10 12 10 12 1 10 12 1 1 10 12 1 10 12 1 7 1 10 12 1 11 12 1 1 10 7 1 10 12 1 10 12 10 12 1 1 11 12 1 7 1 10 12 1 10 12 1 10 12 1 9 12 1 10 12 1 100 1 9 12 1 1 9 12 1 10 12 1 1 10 12 1 1 9 12 1 1 10 12 1 10 7 12 1 1 10 12 1 11 7 12 1 1 10 12 1 1 10 12 1 1 10 12 1 7 1 10 11 12 1 7 1 11 12 1 11 12 1 10 12 1 1 10 12 1 10 12 1 10 12 1 1 9 12 1 11 12 1 9 7 12 1 1 10 100 12 1 1 1 10 12 1 1 11 12 10 11 12 1 1 10 7 12 1 1 1 11 12 1 10 12 1 11 12 1 11 10 12 1 1 7 1 10 12 1 10 100 12 1 1 18 12 1 1 8 1 10 8 1 10 7 12 1 1 1 18 12 1 10 12 1 7 1 10 12 1 8 1 10 12 1 8 1 8 1 10 12 1 1 18 12 1 10 12 1 1 7 1 10 7 1 10 12 1 7 1 10 12 1 7 1 11 12 1 8 1 7 1 10 12 1 10 12 1 10 7 12 1 1 10 12 1 1 10 12 1 8 1 7 1 10 12 1 10 12 1 1 10 12 1 8 1 10 12 1 10 12 1 8 1 10 12 1 10 7 1 10 12 1 10 12 1 9 12 1 1 10 12 1 8 1 10 12 1 10 12 1 10 100 1 10 12 1 1 9 12 1 1 10 7 12 1 1 10 12 1 10 10 12 1 10 10 12 1 9 10 12 1 18 10 100 1 1 1 1 1 1 1 1 1 1 1 1 1 1 1 1 1 1 1 1 1 1 1 1 1 1 1 1 1 1 1 1 1 1 1 1 1 1 1 1 1 1 1 1 1 1 1 1 1 1 100 1 1 1 1 1 1 1 1 1 1 1 1 1 100 1 1 1 1 1 1 1 1 1 1 1 1 1 1 1 1 1 1 100 1 1 1 1 1 1 1 100 1 1 1 1 1 1 1 1 1 1 1 1 1 1 100 1 1 1 1 1 1 1 1 1 1 1 1 1 1 1 1 1 1 1 1 1 1 1 1 1 1 1 1 1 1 1 1 1 1 1 1 1 1 1 1 1 1 1 1 1 1 1 1 1 1 1 1 1 1 1 1 1 1 1 1 1 1 1 1 1 1 1 1 1 1 1 1 1 1 1 100 1 1 15 10 7 12 1 1 8 1 8 1 15 10 7 12 1 1 1 16 15 10 12 16 8 1 1 1 1 1 1 1 1 1 1 1 1 100 1 100 1 1
staticfield org/springframework/core/ResolvableType NONE Lorg/springframework/core/ResolvableType; org/springframework/core/ResolvableType
staticfield org/springframework/core/ResolvableType EMPTY_TYPES_ARRAY [Lorg/springframework/core/ResolvableType; 0 [Lorg/springframework/core/ResolvableType;
staticfield org/springframework/core/ResolvableType cache Lorg/springframework/util/ConcurrentReferenceHashMap; org/springframework/util/ConcurrentReferenceHashMap
ciInstanceKlass org/springframework/core/SerializableTypeWrapper$TypeProvider 1 1 25 100 1 100 1 100 1 1 1 1 1 1 1 1 1 1 1 1 1 1 1 100 1 1 1
ciInstanceKlass org/springframework/core/ResolvableType$VariableResolver 1 0 24 100 1 100 1 100 1 1 1 1 1 1 1 1 1 1 1 1 1 1 100 1 1 1
ciInstanceKlass org/springframework/core/ResolvableType$1 1 1 58 9 7 12 1 1 1 10 7 12 1 1 1 9 12 1 1 10 7 12 1 1 1 10 12 1 1 1 1 1 1 1 1 1 1 1 1 1 1 1 1 1 1 1 1 1 1 1 100 1 1 1 1 12 1 1 1 1
ciInstanceKlass org/springframework/core/ResolvableType$SyntheticParameterizedType 1 1 123 10 7 12 1 1 1 9 7 12 1 1 1 9 12 1 1 11 100 12 1 1 1 100 1 8 1 8 1 8 1 10 12 1 10 12 1 1 10 100 12 1 1 1 18 12 1 1 7 1 11 12 1 1 11 12 1 10 12 1 1 11 12 1 1 10 7 12 1 1 10 12 1 1 10 12 1 10 100 1 1 1 1 1 1 1 1 1 1 1 1 1 1 100 1 1 1 1 1 1 1 1 1 1 1 100 1 1 15 10 100 12 1 1 8 1 1 1 100 1 100 1 1
ciInstanceKlass org/springframework/core/ResolvableType$DefaultVariableResolver 1 1 45 10 7 12 1 1 1 9 7 12 1 1 1 10 7 12 1 1 1 100 1 1 1 1 1 1 1 1 1 1 1 1 1 1 1 1 1 1 1 1 1 1 1 1 1
instanceKlass com/google/cloud/spring/vision/CloudVisionException
instanceKlass org/springframework/web/client/RestClientException
instanceKlass org/springframework/web/ErrorResponseException
instanceKlass org/springframework/jmx/JmxException
instanceKlass org/springframework/web/multipart/MultipartException
instanceKlass org/springframework/aop/framework/AopConfigException
instanceKlass org/springframework/dao/DataAccessException
instanceKlass org/springframework/http/converter/HttpMessageConversionException
instanceKlass org/springframework/core/convert/ConversionException
instanceKlass org/springframework/core/annotation/AnnotationConfigurationException
instanceKlass org/springframework/aop/AopInvocationException
instanceKlass org/springframework/beans/BeansException
ciInstanceKlass org/springframework/core/NestedRuntimeException 1 1 67 10 7 12 1 1 1 10 12 1 10 7 12 1 1 1 10 7 12 1 1 10 100 12 1 1 1 10 12 1 10 12 1 1 10 100 1 1 1 1 5 0 1 1 1 1 1 1 1 1 1 1 1 1 1 1 1 1 1 1 1 1 1 1 1 1 1
instanceKlass org/springframework/beans/PropertyBatchUpdateException
instanceKlass org/springframework/beans/factory/BeanNotOfRequiredTypeException
instanceKlass org/springframework/beans/PropertyAccessException
instanceKlass org/springframework/beans/factory/NoSuchBeanDefinitionException
instanceKlass org/springframework/beans/FatalBeanException
ciInstanceKlass org/springframework/beans/BeansException 1 1 26 10 7 12 1 1 1 10 12 1 100 1 1 1 1 1 1 1 1 1 1 1 1 1 1 1
instanceKlass org/springframework/beans/factory/NoUniqueBeanDefinitionException
instanceKlass org/springframework/boot/web/context/MissingWebServerFactoryBeanException
ciInstanceKlass org/springframework/beans/factory/NoSuchBeanDefinitionException 1 1 102 18 12 1 1 10 7 12 1 1 1 9 7 12 1 1 1 9 12 1 1 18 12 1 10 7 12 1 1 1 10 12 1 10 12 1 10 7 12 1 1 1 18 18 10 12 1 1 1 1 1 1 1 1 1 1 1 1 1 1 1 1 1 1 1 1 1 1 1 1 1 1 100 1 1 1 1 1 1 1 1 1 15 10 7 12 1 1 8 1 8 1 8 1 8 1 1 100 1 100 1 1
instanceKlass io/micrometer/core/instrument/binder/logging/MetricsTurboFilter
instanceKlass org/springframework/boot/logging/logback/LogbackLoggingSystem$1
ciInstanceKlass ch/qos/logback/classic/turbo/TurboFilter 1 1 35 10 7 12 1 1 1 9 7 12 1 1 1 9 12 1 1 100 1 1 1 1 1 1 1 1 1 1 1 1 1 1 1 1 1
ciInstanceKlass org/springframework/boot/logging/logback/LogbackLoggingSystem$1 1 1 42 10 7 12 1 1 1 9 7 12 1 1 1 100 1 1 1 1 1 1 1 1 1 1 1 1 1 1 1 1 1 1 1 1 1 1 1 1 100 1 1 1
ciInstanceKlass org/springframework/core/convert/converter/GenericConverter$ConvertiblePair 1 1 88 10 7 12 1 1 1 8 1 10 7 12 1 1 1 8 1 9 7 12 1 1 1 9 12 1 10 12 1 1 10 12 1 1 10 100 12 1 1 1 18 12 1 1 1 1 1 1 1 1 1 1 1 1 1 1 1 1 1 1 1 1 1 1 1 1 1 1 1 1 100 1 1 15 10 100 12 1 1 8 1 1 1 100 1 100 1 1
ciInstanceKlass org/springframework/core/convert/support/GenericConversionService$Converters$$Lambda$196+0x000002d637129c08 1 1 23 1 7 1 7 1 100 1 1 12 10 1 1 1 7 1 7 1 1 12 10 1 1
ciInstanceKlass org/springframework/core/AttributeAccessor 1 1 97 8 1 10 100 12 1 1 1 8 1 11 100 12 1 1 1 11 100 12 1 1 1 18 12 1 1 10 12 1 1 11 12 1 1 8 1 100 1 10 100 12 1 1 1 1 1 1 1 1 1 1 1 1 1 1 1 1 1 1 1 1 1 1 1 1 1 1 1 1 1 1 1 1 1 1 1 15 10 100 12 1 1 1 16 1 15 11 12 16 1 1 100 1 100 1 1
ciInstanceKlass org/springframework/beans/factory/config/BeanDefinition 1 1 139 100 1 11 100 12 1 1 1 10 100 12 1 1 1 11 12 1 1 10 100 1 100 1 100 1 100 1 1 1 1 8 1 1 8 1 1 1 3 1 3 1 3 1 1 1 1 1 1 1 1 1 1 1 1 1 1 1 1 1 1 1 1 1 1 1 1 1 1 1 1 1 1 1 1 1 1 1 1 1 1 1 1 1 1 1 1 1 1 1 1 1 1 1 1 1 1 1 1 1 1 1 1 1 1 1 1 1 1 1 1 1 1 1 1 100 1 8 1 1 12 10 1 1 1 8 1 1 1 8 1 1 1 8 1 1 8 1 1
instanceKlass org/springframework/beans/factory/support/DefaultSingletonBeanRegistry
ciInstanceKlass org/springframework/core/SimpleAliasRegistry 1 1 257 10 7 12 1 1 1 10 12 1 1 10 7 12 1 1 1 9 7 12 1 1 1 7 1 10 12 1 9 12 1 1 7 1 10 9 12 1 1 8 1 10 7 12 1 1 1 8 1 10 7 12 1 1 1 11 7 12 1 1 1 11 7 12 1 11 7 12 1 1 1 18 12 1 1 11 12 1 1 11 12 1 10 12 1 100 1 18 12 1 10 12 1 18 10 12 1 11 12 1 1 11 12 1 11 12 1 18 12 1 11 12 1 10 7 12 1 1 1 10 12 1 1 18 11 12 1 10 10 12 1 1 10 7 12 1 1 1 18 12 1 1 11 12 1 1 8 1 10 12 1 1 10 12 1 18 12 1 11 12 1 18 12 1 11 100 12 1 1 18 100 1 1 1 1 1 1 1 1 1 1 1 1 1 1 1 100 1 1 1 1 1 1 1 1 1 1 1 1 1 1 1 1 1 1 1 1 1 1 1 1 1 1 15 10 100 12 1 1 8 1 8 1 8 1 8 1 8 1 15 10 7 12 1 1 1 16 1 15 10 12 16 16 15 10 12 16 8 1 8 1 1 100 1 100 1 1
instanceKlass org/springframework/beans/factory/support/FactoryBeanRegistrySupport
ciInstanceKlass org/springframework/beans/factory/support/DefaultSingletonBeanRegistry 1 1 595 10 7 12 1 1 1 7 1 10 9 7 12 1 1 1 7 1 10 12 1 9 12 1 1 9 12 1 9 12 1 9 12 1 7 1 10 10 7 12 1 1 1 9 12 1 1 10 12 1 1 9 12 1 9 12 1 9 12 1 11 7 12 1 1 1 9 12 1 1 7 1 10 9 12 1 7 1 10 9 12 1 10 9 12 1 9 12 1 1 7 1 10 9 12 1 9 12 1 9 12 1 9 12 1 8 1 10 7 12 1 1 1 8 1 11 12 1 10 12 1 1 11 12 1 11 7 12 1 1 1 100 1 10 7 12 1 1 1 18 12 1 1 10 12 1 11 12 1 1 11 7 12 1 1 1 11 12 1 100 1 11 12 1 1 8 1 11 12 1 10 12 1 1 10 12 1 1 11 12 1 1 7 1 11 12 1 1 10 7 12 1 1 1 10 12 1 1 9 7 12 1 1 1 10 12 1 9 12 1 9 12 1 1 11 7 12 1 1 10 12 1 11 12 1 1 10 12 1 1 18 11 12 1 11 12 11 12 1 1 18 12 1 1 11 12 1 1 11 7 12 1 1 100 1 8 1 10 12 1 11 12 1 18 12 1 11 12 1 10 12 1 7 1 10 12 1 1 11 12 1 11 12 1 100 1 10 12 1 9 12 1 10 10 12 1 100 1 11 12 1 1 11 7 12 1 1 11 12 1 100 1 10 12 1 1 11 12 1 1 11 12 1 10 7 12 1 1 1 10 12 1 10 18 18 12 1 1 11 12 1 1 10 12 1 10 12 1 18 18 10 12 1 1 11 12 1 11 12 1 18 11 12 1 11 12 1 10 12 1 11 12 1 10 12 1 11 100 1 10 12 1 1 10 12 1 18 12 1 11 12 1 7 1 11 12 1 18 11 12 1 1 7 1 11 12 1 11 12 100 1 10 100 1 1 1 1 3 1 1 1 1 1 1 1 1 1 1 1 1 1 1 1 1 1 1 1 1 1 1 1 1 1 1 1 1 1 1 1 1 1 1 1 1 1 1 1 1 1 1 1 1 1 1 1 1 1 1 1 1 1 1 1 1 1 1 1 1 1 1 1 1 1 1 1 1 1 1 1 1 1 1 1 1 1 1 1 1 1 1 1 1 1 1 1 1 1 1 1 1 1 1 1 1 1 100 1 1 1 1 1 1 1 1 1 1 1 1 1 1 1 1 1 1 1 1 1 1 1 1 1 15 10 100 12 1 1 8 1 8 1 15 10 7 12 1 1 1 16 15 10 12 16 1 8 1 8 1 16 15 10 12 16 15 10 12 15 10 12 8 1 8 1 8 1 1 100 1 1 1 100 1 100 1 1
instanceKlass org/springframework/beans/factory/support/AbstractBeanFactory
ciInstanceKlass org/springframework/beans/factory/support/FactoryBeanRegistrySupport 1 1 268 10 7 12 1 1 1 7 1 10 12 1 9 7 12 1 1 1 11 7 12 1 1 1 7 1 9 12 1 1 8 1 11 100 12 1 1 1 8 1 11 7 12 1 1 1 9 7 12 1 1 1 100 1 10 12 1 1 100 1 10 100 12 1 1 10 12 1 1 18 12 1 1 10 12 1 10 12 1 10 12 1 1 11 7 12 1 1 1 11 12 1 1 10 12 1 1 10 12 1 1 9 12 1 1 11 7 12 1 1 10 7 12 1 1 11 12 1 10 12 1 1 10 12 1 11 12 1 10 12 1 10 12 1 1 10 12 1 100 1 8 1 10 12 1 11 12 1 1 8 1 11 12 1 1 100 1 100 1 10 12 1 10 12 1 8 1 8 1 100 1 10 10 100 12 1 1 1 18 10 10 12 1 11 12 1 10 12 1 11 12 1 1 1 1 1 1 1 1 1 1 1 1 1 1 1 1 1 1 1 1 1 1 1 1 1 1 1 1 1 1 1 1 1 1 1 1 1 1 1 1 1 1 1 1 1 1 1 1 1 1 1 1 100 1 1 1 1 1 1 1 1 15 10 100 12 1 1 8 1 8 1 1 100 1 100 1 1
instanceKlass org/springframework/beans/factory/support/AbstractAutowireCapableBeanFactory
ciInstanceKlass org/springframework/beans/factory/support/AbstractBeanFactory 1 1 1409 10 7 12 1 1 1 10 7 12 1 1 1 9 7 12 1 1 1 9 12 1 1 7 1 10 12 1 9 12 1 1 9 12 1 7 1 10 9 12 1 1 7 1 10 9 12 1 1 7 1 10 12 1 9 12 1 7 1 10 9 12 1 9 7 12 1 1 1 9 12 1 7 1 10 9 12 1 10 12 1 1 9 12 1 7 1 8 1 10 12 1 9 12 1 1 9 12 1 1 10 12 1 1 10 12 1 1 10 12 1 1 9 12 1 1 11 7 12 1 1 1 10 12 1 1 18 12 1 11 12 1 1 18 10 12 1 1 10 12 1 100 1 10 10 12 1 1 10 12 1 10 12 1 11 100 12 1 1 1 11 12 1 11 12 10 12 1 8 1 11 12 1 1 8 1 11 7 12 1 1 1 8 1 10 7 12 1 1 1 18 12 1 1 11 12 1 10 12 1 1 10 12 1 1 10 7 12 1 1 1 10 12 1 1 100 1 10 12 1 1 18 12 1 10 12 1 10 12 1 1 10 100 1 18 10 12 1 10 12 1 10 7 12 1 1 10 12 1 18 12 1 10 12 1 18 12 1 1 10 12 1 10 12 1 10 12 1 10 12 1 1 10 12 1 10 12 1 10 7 12 1 1 100 1 18 10 11 7 12 1 7 1 18 18 11 12 100 1 10 12 1 11 12 1 10 12 1 10 12 1 7 1 8 1 10 7 12 1 1 1 10 12 1 8 1 10 10 7 12 1 1 1 10 12 1 10 12 1 1 10 12 1 1 10 12 1 1 11 100 12 1 1 1 100 1 10 12 1 100 1 10 12 1 1 18 11 12 1 10 12 1 10 7 12 1 1 10 12 1 11 12 1 10 12 1 7 1 11 11 12 10 12 1 18 11 12 100 1 11 10 12 1 1 7 1 10 12 1 1 10 7 12 1 1 1 10 12 1 9 12 1 1 9 12 1 10 12 1 10 10 12 1 10 12 1 1 10 12 1 10 10 12 1 10 12 1 1 11 12 1 10 12 1 1 10 12 1 10 100 1 10 12 1 1 10 12 1 1 10 12 1 1 10 12 1 10 12 1 1 10 10 12 1 1 11 12 1 7 1 10 10 12 1 10 12 1 1 10 12 1 11 7 12 1 1 10 12 1 1 8 1 8 1 18 11 10 100 12 1 1 1 11 12 1 1 10 12 1 1 18 8 1 9 12 1 9 12 1 1 9 12 1 1 8 1 10 7 12 1 1 1 11 7 12 1 1 11 7 1 8 1 8 1 11 12 1 1 10 12 1 1 9 12 1 1 10 12 1 7 1 10 10 12 1 1 10 12 1 1 8 1 11 11 12 1 1 11 7 12 1 1 11 12 1 1 7 1 11 12 1 8 1 11 12 1 11 12 1 11 12 1 1 9 12 1 1 7 1 10 7 1 7 1 9 12 1 7 1 9 12 1 7 1 9 12 1 7 1 9 12 1 10 12 1 1 8 1 8 1 100 1 8 1 8 1 100 1 8 1 10 11 12 1 18 12 1 11 12 1 18 11 12 1 1 8 1 8 1 11 12 1 10 12 1 1 11 10 12 1 1 11 12 1 1 10 12 1 1 11 10 11 11 12 1 1 11 10 12 1 1 11 12 1 11 12 1 1 11 12 1 11 10 7 12 1 10 11 12 1 10 12 1 10 100 12 1 1 1 10 12 11 11 10 12 1 1 7 1 10 12 1 10 12 1 18 18 11 12 10 10 12 1 11 7 1 7 1 10 12 1 7 1 10 10 12 1 1 10 12 1 1 11 18 12 1 1 11 12 1 1 11 11 10 12 1 1 10 10 12 1 10 12 1 18 10 12 1 1 9 12 1 10 12 10 12 1 11 7 12 1 1 10 12 1 1 10 12 1 10 18 10 12 100 1 11 18 10 10 12 1 10 12 1 11 11 10 12 1 10 12 1 1 10 12 1 1 10 12 1 10 7 12 1 1 1 10 12 1 10 12 1 10 9 12 1 9 12 1 1 9 12 1 1 10 12 1 100 1 10 12 1 1 10 12 1 10 12 1 10 12 1 100 1 10 18 12 1 10 12 1 10 12 1 10 12 1 1 10 12 1 100 1 100 1 10 12 1 100 1 10 12 1 100 1 8 1 10 10 12 1 10 12 1 100 1 10 12 1 10 12 1 1 18 10 100 12 1 1 18 10 12 1 1 10 12 1 1 10 7 1 10 12 1 11 7 12 1 1 1 10 12 1 10 7 12 1 1 10 12 1 10 12 1 1 9 12 1 10 10 10 12 1 10 12 8 1 10 100 12 1 1 1 8 1 8 1 10 12 1 100 1 10 12 1 10 12 1 10 12 1 10 12 1 1 10 12 1 10 12 1 10 12 1 10 12 1 1 10 12 1 10 12 1 1 10 12 1 10 12 1 1 11 12 1 1 10 100 12 1 1 1 100 1 11 100 12 1 1 1 10 12 1 1 1 1 1 1 1 1 1 1 1 1 1 1 1 1 1 1 1 1 1 1 1 1 1 1 1 1 1 1 1 1 1 1 1 1 1 1 1 1 1 1 1 1 1 1 1 1 1 1 1 1 1 1 1 100 100 100 1 1 1 1 1 1 1 1 1 1 1 1 1 1 1 1 1 1 1 1 1 1 1 1 1 1 1 1 100 1 1 1 1 1 1 1 1 1 1 1 1 1 1 1 1 1 1 1 1 1 1 1 1 1 1 1 1 1 1 1 1 1 1 1 1 1 1 1 1 1 1 1 1 1 1 1 1 1 100 1 1 1 1 1 1 1 1 1 1 1 1 1 1 1 1 1 1 1 1 1 1 1 1 1 1 1 1 1 1 1 1 1 1 1 1 1 1 1 1 1 1 1 1 1 1 1 1 1 1 1 1 1 1 1 1 1 1 1 1 1 1 1 1 1 1 1 1 1 1 1 1 1 1 1 1 1 1 1 1 1 1 1 1 1 1 1 1 1 1 1 1 1 1 1 1 15 10 7 12 1 1 8 1 8 1 15 10 7 12 1 1 1 16 15 16 8 1 8 1 8 1 15 10 12 8 1 8 1 15 10 12 8 1 8 1 8 1 8 1 8 1 8 1 8 1 8 1 16 1 15 10 12 16 8 1 8 1 8 1 15 10 12 16 8 1 8 1 1 1 100 1 1 1 1 100 1 100 1 1
instanceKlass org/springframework/beans/factory/support/DefaultListableBeanFactory
ciInstanceKlass org/springframework/beans/factory/support/AbstractAutowireCapableBeanFactory 1 1 1599 10 7 12 1 1 1 7 1 10 9 7 12 1 1 1 9 12 1 1 9 12 1 7 1 10 9 12 1 1 9 12 1 7 1 8 1 10 12 1 9 12 1 1 7 1 10 9 12 1 1 9 12 1 9 12 1 7 1 10 12 1 1 7 1 7 1 7 1 10 9 12 1 1 10 10 12 1 1 11 7 12 1 1 1 10 12 1 1 11 12 1 1 100 1 10 12 100 1 8 1 10 7 12 1 1 10 12 1 1 10 7 12 1 1 1 9 12 1 10 7 12 1 1 1 10 12 1 1 10 12 1 1 10 10 12 1 1 7 1 10 12 1 10 12 1 1 10 12 1 1 10 12 1 10 12 1 1 10 12 1 1 10 12 1 1 10 12 1 10 12 1 1 10 12 1 10 12 1 1 100 1 10 12 1 1 11 7 12 1 1 1 10 12 1 1 11 7 12 1 1 1 100 1 8 1 10 11 100 12 1 1 1 10 12 1 1 10 12 1 1 11 7 12 1 1 1 11 7 12 1 1 11 12 1 7 1 11 12 1 1 11 12 1 100 1 10 12 1 1 9 7 12 1 1 1 10 12 1 10 12 1 10 7 12 1 1 1 10 100 12 1 1 10 12 1 1 10 12 1 1 9 12 1 1 11 7 12 1 1 18 12 1 1 11 12 1 10 12 1 1 10 12 1 10 12 1 10 12 1 10 12 1 10 12 1 100 1 100 1 10 12 1 8 1 10 12 1 10 12 1 1 7 1 100 1 8 1 10 10 12 1 18 100 1 8 1 10 12 1 11 7 12 1 1 1 10 12 1 1 11 12 1 7 1 9 12 1 1 9 12 1 1 9 12 1 10 12 1 1 8 1 10 12 1 10 12 1 1 18 18 12 1 1 10 12 1 1 10 12 1 10 7 12 1 1 10 12 1 10 12 1 1 10 12 1 10 12 1 1 10 100 12 1 1 1 10 12 1 11 12 1 100 1 10 7 12 1 1 1 18 12 1 10 12 1 10 12 1 1 8 1 10 12 1 1 10 12 1 10 12 1 7 1 9 12 1 7 1 11 12 1 1 10 12 1 1 10 12 1 10 12 1 10 12 1 11 12 1 1 10 7 12 1 1 10 12 1 9 12 1 1 10 7 12 1 1 9 12 1 1 10 12 1 8 1 10 12 1 10 12 1 1 10 12 1 10 12 1 10 12 1 1 10 7 12 1 1 18 12 1 1 11 12 1 1 7 1 10 7 12 1 1 10 7 12 1 1 1 10 12 1 1 10 12 1 10 12 1 1 10 12 1 1 10 12 1 10 12 1 1 11 100 12 1 1 1 10 12 1 1 7 1 10 12 1 1 10 12 1 1 10 100 12 1 1 10 7 12 1 1 1 10 12 1 10 12 1 1 11 12 1 10 12 1 1 18 11 12 1 10 12 1 1 10 12 1 1 100 1 18 11 12 1 10 12 1 1 9 12 1 10 10 12 1 1 9 12 1 10 12 1 1 10 12 1 7 1 10 10 10 12 1 10 12 1 1 10 12 1 10 12 1 1 10 12 1 10 12 1 1 10 12 1 100 1 10 9 7 12 1 1 1 10 12 1 1 10 12 1 1 11 12 1 10 12 1 1 9 12 1 1 11 7 12 1 1 10 7 12 1 1 11 12 1 11 12 1 11 12 1 10 12 1 11 12 1 1 10 12 1 100 1 10 12 1 18 10 12 1 1 10 12 1 1 10 12 1 10 12 1 10 12 1 18 9 12 1 7 1 11 12 1 9 12 1 1 9 12 1 10 10 12 1 1 10 12 1 10 12 1 9 12 1 7 1 11 12 1 10 10 12 1 10 12 1 18 10 10 12 1 1 10 12 1 9 12 1 9 12 1 1 9 12 1 10 12 1 1 10 12 1 1 10 12 1 1 10 12 10 12 1 10 12 1 1 10 12 100 1 8 1 10 12 1 10 7 1 11 12 1 11 7 1 10 12 1 10 12 1 1 11 12 1 10 12 1 10 10 10 12 1 8 1 10 12 1 8 1 11 12 1 1 10 7 1 10 12 1 10 12 1 1 10 12 1 11 12 1 1 10 12 1 10 12 1 1 10 12 1 1 10 12 1 1 10 12 1 10 12 1 10 12 1 18 12 1 18 10 12 1 1 7 1 10 12 1 11 12 1 1 10 7 12 1 1 10 7 12 1 1 1 7 1 7 1 10 12 1 11 18 11 12 1 10 10 12 1 7 1 10 10 11 12 1 1 10 12 1 1 10 12 1 1 10 11 7 12 1 10 12 1 10 12 1 1 100 1 10 12 1 11 12 1 7 1 10 100 12 1 1 1 10 12 1 18 12 1 1 11 12 1 1 11 12 1 1 10 11 12 10 12 1 1 10 8 1 10 12 1 11 10 12 1 11 12 1 11 8 1 10 12 1 11 12 1 7 1 10 12 1 11 12 1 10 7 1 10 11 10 10 9 7 12 1 1 18 100 1 10 12 1 10 10 12 1 10 12 1 1 10 12 1 1 10 12 1 7 1 10 12 1 100 1 10 12 1 10 12 1 10 12 1 10 12 1 10 10 7 12 1 1 10 12 1 100 1 10 12 11 100 12 1 1 1 10 12 1 1 10 12 1 10 12 1 7 1 11 12 1 11 12 1 1 11 12 1 7 1 8 1 10 12 1 18 11 12 10 12 1 10 12 1 1 10 12 1 10 12 1 1 10 100 12 1 1 1 10 12 1 10 12 1 10 12 1 1 10 12 1 10 12 1 18 10 18 18 10 12 1 1 10 12 1 1 10 12 1 1 100 1 10 12 1 1 10 12 1 10 12 1 11 10 12 1 1 10 12 1 1 1 1 1 1 1 1 1 1 1 1 1 1 1 1 1 1 1 1 1 1 1 1 1 1 1 1 1 1 1 1 1 1 1 1 1 1 1 1 1 1 1 1 1 1 1 1 1 1 1 1 1 1 1 1 1 1 1 1 1 1 1 1 1 1 1 1 1 1 1 1 1 1 1 1 1 1 1 1 1 100 1 1 1 1 1 1 1 1 1 1 1 1 100 100 1 1 1 1 1 1 1 1 1 1 1 1 1 100 1 1 1 1 1 1 1 1 1 1 1 1 1 1 1 1 1 1 1 1 1 1 1 1 1 1 1 1 1 100 100 1 1 1 1 1 1 1 1 1 1 1 1 1 1 1 1 1 1 1 1 1 1 1 1 1 1 1 1 1 1 1 1 100 1 1 1 1 1 1 1 1 100 1 1 1 1 1 1 1 1 1 1 1 1 1 1 1 1 1 1 1 1 1 1 1 1 1 1 1 1 1 1 1 1 1 1 1 1 1 1 1 1 1 1 1 1 1 1 1 1 1 1 1 1 1 1 1 1 1 1 1 1 1 1 1 1 1 1 1 1 1 1 1 1 1 1 1 1 1 1 1 1 1 1 15 10 100 12 1 1 8 1 8 1 8 1 15 10 7 12 1 1 1 16 15 10 12 8 1 16 15 10 12 16 8 1 8 1 8 1 8 1 8 1 8 1 8 1 8 1 16 15 16 8 1 8 1 8 1 8 1 8 1 1 1 1 1 1 100 1 1 100 1 1 1 100 1 100 1 1
ciInstanceKlass org/springframework/beans/factory/support/DefaultListableBeanFactory 1 1 2021 10 7 12 1 1 1 7 1 8 1 10 7 12 1 1 1 9 12 1 1 9 12 1 1 9 7 12 1 1 1 9 12 1 1 7 1 10 12 1 9 12 1 1 9 12 1 9 12 1 10 12 1 1 9 12 1 1 9 12 1 9 12 1 7 1 10 9 12 1 1 7 1 10 9 12 1 7 1 8 1 10 12 1 9 12 1 1 10 12 1 9 12 1 7 1 10 12 1 11 7 12 1 1 1 9 12 1 1 11 12 1 1 10 7 12 1 1 1 9 12 1 9 12 1 10 12 1 1 9 12 1 1 9 12 1 1 8 1 10 7 12 1 1 1 7 1 11 12 1 10 12 1 1 10 12 1 1 11 7 12 1 1 10 12 1 1 11 12 1 1 100 1 10 12 1 1 8 1 10 7 12 1 1 1 10 12 1 1 7 1 10 12 1 10 12 1 1 8 1 11 12 1 11 12 1 1 9 12 1 1 10 7 12 1 1 10 7 12 1 1 1 7 1 10 12 1 10 12 1 1 10 7 12 1 1 10 12 1 1 11 100 12 1 1 11 7 12 1 1 1 11 12 1 11 12 1 10 7 12 1 1 1 10 12 1 1 10 12 1 1 10 12 1 1 10 12 1 10 12 1 10 12 1 11 12 1 10 12 1 1 10 7 12 1 1 1 10 11 7 12 1 1 1 11 7 12 1 1 11 12 1 7 1 10 12 1 1 10 12 1 1 10 7 12 1 1 10 12 1 10 12 1 10 12 1 10 12 1 1 10 12 1 10 12 1 1 10 12 1 1 10 12 1 10 12 1 1 10 12 1 1 18 12 1 1 11 12 1 100 1 100 1 8 1 10 100 12 1 1 1 8 1 9 12 1 1 11 7 12 1 1 1 10 12 1 1 11 7 1 10 12 10 12 10 12 1 8 1 10 12 10 12 1 1 10 7 12 1 1 1 10 12 1 7 1 7 1 10 12 1 1 7 1 10 12 1 10 12 1 11 12 1 10 12 1 18 12 1 11 12 7 1 11 10 12 1 1 11 12 1 10 12 1 1 10 12 1 10 12 1 1 9 7 12 1 1 1 11 7 12 1 1 1 11 12 1 11 7 12 1 1 11 12 1 1 10 12 1 10 12 1 10 12 1 10 12 1 1 10 11 12 1 1 18 12 1 1 11 7 12 1 1 1 18 12 1 1 11 12 1 1 18 18 8 1 7 1 10 7 12 1 1 100 1 10 12 1 10 12 1 18 10 10 12 1 1 10 12 1 10 12 1 10 12 1 10 100 1 11 12 1 10 12 1 1 9 12 1 9 12 1 1 7 1 10 12 1 10 12 1 1 10 18 12 1 1 11 12 1 1 7 1 10 12 1 1 10 12 1 11 12 1 18 10 100 1 10 10 12 1 10 12 1 10 12 1 11 12 1 10 12 1 10 9 12 1 10 12 1 7 1 10 100 12 1 1 1 11 12 1 10 12 1 1 10 12 1 1 10 12 1 11 10 12 1 1 10 12 1 10 12 9 7 12 1 1 1 10 12 1 1 8 1 10 12 1 9 12 1 18 9 12 1 9 7 12 1 1 1 10 12 1 100 1 10 9 12 1 10 12 1 18 10 12 1 10 12 1 10 12 1 1 10 12 11 12 1 100 1 11 12 1 1 100 1 10 12 1 1 10 12 1 100 1 10 12 1 10 100 12 1 1 1 10 12 1 1 7 1 10 12 1 1 8 1 11 7 12 1 1 1 8 1 11 7 12 1 1 1 11 12 1 11 12 1 10 12 1 1 18 12 1 1 10 12 1 1 18 12 1 10 12 1 1 11 12 1 18 11 12 1 10 12 1 18 100 1 100 1 11 12 1 18 11 12 1 7 1 11 12 1 10 7 12 1 1 1 10 10 12 1 1 10 12 1 1 8 1 10 12 1 8 1 7 1 10 12 1 100 1 11 12 1 8 1 10 12 1 10 12 1 100 1 10 12 1 10 12 1 10 12 1 10 12 1 1 18 10 12 1 18 12 1 10 12 1 10 12 1 11 11 12 1 1 10 12 1 10 12 1 11 11 12 1 18 12 1 10 7 1 18 11 12 1 11 12 1 18 8 1 11 12 10 10 12 1 11 10 12 1 1 9 7 12 1 1 7 1 11 11 12 1 10 12 1 10 12 1 100 1 18 10 10 12 1 1 18 12 1 11 12 1 1 11 12 1 1 10 12 1 18 12 1 18 12 1 10 12 1 1 10 12 1 18 12 1 18 10 18 18 12 1 11 7 12 1 10 11 7 12 1 100 1 11 12 1 10 12 1 11 12 10 12 1 10 12 1 10 12 1 1 10 12 1 10 12 1 1 10 12 100 1 10 12 1 10 12 1 10 12 1 1 10 12 1 1 10 7 12 1 1 1 7 1 10 12 1 10 12 1 1 7 1 10 12 1 9 12 1 1 100 1 10 12 1 10 12 1 1 10 12 1 11 12 1 10 12 1 1 10 12 1 1 10 12 1 1 11 12 1 1 10 12 1 10 12 1 10 12 1 10 12 1 1 10 12 1 1 10 12 1 1 11 7 12 1 1 1 100 1 10 12 1 1 11 12 1 10 12 1 1 11 12 1 10 12 1 10 12 1 11 12 1 1 10 12 1 10 10 12 1 10 12 1 10 12 1 1 10 12 1 1 10 12 1 10 12 1 1 11 10 12 1 10 12 1 1 10 12 1 1 10 12 1 1 10 12 1 1 10 12 1 1 10 12 1 1 11 12 1 7 1 11 12 1 11 12 1 10 12 1 1 10 12 1 1 100 1 10 12 1 10 12 1 7 1 11 11 12 1 18 12 1 11 12 1 1 18 10 12 1 10 12 1 1 11 12 1 1 10 12 1 10 12 1 10 12 1 10 12 1 7 1 10 12 1 11 12 1 1 11 12 1 10 12 1 10 100 12 1 1 1 7 1 10 12 1 10 12 1 10 12 1 10 12 1 10 12 1 10 12 1 1 11 12 1 10 12 1 11 10 12 1 1 7 1 10 12 1 1 10 12 1 1 9 12 1 7 1 10 18 12 1 11 12 1 7 1 10 12 1 10 12 1 10 12 1 10 7 12 1 1 10 7 12 1 1 10 12 1 1 10 12 1 1 11 12 1 10 12 1 11 12 1 10 12 1 18 10 12 1 10 12 1 1 10 100 1 10 12 1 18 12 1 10 12 10 10 12 1 1 10 12 1 1 10 12 1 1 10 12 1 1 10 12 1 1 18 10 12 1 10 12 1 10 12 1 1 100 1 10 12 1 10 12 1 1 100 1 10 8 1 10 12 1 1 10 12 1 1 8 1 8 1 8 1 10 12 1 100 1 8 1 10 100 1 10 8 1 10 11 11 10 12 1 8 1 10 12 1 10 12 1 1 7 1 100 1 100 1 1 1 1 1 1 1 1 1 1 1 1 1 1 1 1 1 1 1 1 1 1 1 1 1 1 1 1 1 1 1 1 1 1 1 1 1 1 1 1 1 1 1 1 1 1 100 1 1 1 1 1 1 1 1 1 1 1 1 1 1 1 1 1 1 1 1 1 1 1 1 1 1 1 1 1 1 1 1 1 1 1 1 1 1 1 1 1 1 1 1 1 1 1 100 1 1 1 1 1 1 1 1 1 1 1 1 1 100 1 1 1 1 1 1 1 1 1 1 1 1 1 1 1 1 1 1 1 1 1 1 1 1 1 1 1 1 1 1 1 1 1 1 1 1 1 1 1 1 1 1 1 1 1 1 1 100 1 1 1 1 1 1 1 1 1 1 1 1 1 1 1 1 1 1 1 1 100 1 1 1 1 1 1 1 1 1 1 1 1 1 1 1 1 1 1 1 1 1 1 1 1 1 1 1 1 1 1 1 1 1 1 1 1 1 1 1 1 1 1 1 1 1 1 1 1 1 1 1 1 1 1 1 1 1 1 1 1 1 1 1 1 1 1 1 1 100 1 1 1 1 1 1 1 1 1 1 1 1 1 1 1 1 1 1 1 1 100 1 1 1 1 1 1 1 1 1 1 1 1 1 1 1 1 1 1 1 1 1 1 1 1 1 1 1 1 1 1 1 1 1 1 1 1 1 1 1 1 1 1 1 1 1 1 1 1 1 1 100 1 1 100 1 1 1 1 1 1 1 1 1 1 1 1 1 1 1 1 1 1 1 1 1 1 1 1 1 1 1 1 1 1 1 1 1 100 1 100 1 100 1 100 1 100 1 100 1 1 15 10 7 12 1 1 8 1 8 1 15 10 7 12 1 1 1 16 15 16 1 16 15 10 12 16 1 15 10 12 15 10 12 8 1 16 15 10 12 16 1 8 1 8 1 8 1 16 15 10 12 16 15 10 12 8 1 8 1 8 1 8 1 8 1 8 1 8 1 8 1 8 1 15 10 12 16 15 10 12 16 1 15 10 12 16 15 11 15 10 12 15 10 12 15 10 12 15 10 12 16 15 10 12 16 1 15 10 12 16 8 1 8 1 8 1 1 100 1 1 1 1 100 1 1 1 1 1 1 1 100 1 1 1 1 1 1 1 100 1 100 1 1
staticfield org/springframework/beans/factory/support/DefaultListableBeanFactory serializableFactories Ljava/util/Map; java/util/concurrent/ConcurrentHashMap
instanceKlass org/springframework/beans/factory/parsing/BeanDefinitionParsingException
instanceKlass org/springframework/beans/factory/xml/XmlBeanDefinitionStoreException
instanceKlass org/springframework/beans/factory/support/BeanDefinitionOverrideException
ciInstanceKlass org/springframework/beans/factory/BeanDefinitionStoreException 0 0 61 10 100 12 1 1 1 9 100 12 1 1 1 9 12 1 10 12 1 10 12 1 18 12 1 1 1 1 1 1 1 1 1 1 1 1 1 1 1 1 1 1 1 1 1 1 1 15 10 100 12 1 1 8 1 1 100 1 100 1 1
instanceKlass org/springframework/beans/BeanMetadataAttributeAccessor
ciInstanceKlass org/springframework/core/AttributeAccessorSupport 1 1 159 10 7 12 1 1 1 7 1 10 9 7 12 1 1 1 8 1 10 7 12 1 1 1 11 7 12 1 1 1 10 12 1 1 11 12 1 1 8 1 11 12 1 1 18 12 1 10 12 1 1 11 12 1 11 12 1 1 11 12 1 1 10 7 12 1 1 1 8 1 11 7 12 1 1 1 11 12 1 10 12 1 1 11 12 1 11 12 1 1 8 1 10 100 12 1 1 1 100 1 1 1 1 1 1 1 1 1 1 1 1 1 1 1 1 1 1 1 1 1 1 1 1 1 1 1 1 1 1 1 1 100 1 1 1 1 1 1 1 15 10 100 12 1 1 1 16 1 15 10 12 16 1 1 100 1 100 1 1
instanceKlass org/springframework/beans/PropertyValue
instanceKlass org/springframework/beans/factory/support/AbstractBeanDefinition
ciInstanceKlass org/springframework/beans/BeanMetadataAttributeAccessor 1 1 64 10 7 12 1 1 1 9 7 12 1 1 1 10 7 12 1 1 1 10 12 1 1 10 12 1 1 10 12 10 12 1 1 10 12 1 100 1 1 1 1 1 1 1 1 1 1 1 1 1 1 1 1 1 1 1 1 1 1 1 100 1 1 1
instanceKlass org/springframework/beans/factory/support/ChildBeanDefinition
instanceKlass org/springframework/beans/factory/support/GenericBeanDefinition
instanceKlass org/springframework/beans/factory/support/RootBeanDefinition
ciInstanceKlass org/springframework/beans/factory/support/AbstractBeanDefinition 1 1 812 100 1 10 7 12 1 1 1 10 7 12 1 1 8 1 9 12 1 1 9 12 1 1 9 12 1 9 12 1 1 9 12 1 9 12 1 9 12 1 9 12 1 9 12 1 7 1 10 9 12 1 1 9 12 1 9 12 1 7 1 10 9 12 1 1 9 12 1 9 12 1 9 12 1 7 1 9 12 1 9 12 1 1 9 12 1 1 11 12 1 1 10 12 1 1 11 12 1 10 12 1 11 12 1 10 12 1 11 12 1 1 10 12 1 1 11 12 1 10 12 1 11 12 1 10 12 1 11 12 1 1 10 12 1 1 11 12 1 1 10 12 1 1 10 12 1 1 10 12 1 10 12 1 1 10 12 1 1 10 12 1 7 1 11 12 1 1 10 12 1 10 12 1 10 12 1 7 1 11 12 1 1 10 12 1 10 12 1 1 10 12 1 10 12 1 1 10 12 1 10 12 1 10 12 1 10 12 1 10 12 1 1 10 7 12 1 1 10 12 1 10 12 1 10 12 1 10 12 1 10 12 1 10 12 1 1 10 12 1 1 10 12 1 10 12 1 10 12 1 10 12 1 10 12 1 10 12 1 10 12 1 10 12 1 10 12 1 1 10 12 1 1 10 12 1 1 10 12 1 10 12 1 10 12 1 10 12 1 10 12 1 10 12 1 10 12 1 10 12 1 10 12 1 10 12 1 10 12 1 10 12 1 10 12 1 10 12 1 10 12 1 1 10 12 1 1 11 12 1 11 12 1 10 12 1 10 100 12 1 1 1 10 10 12 1 10 10 12 1 1 10 12 1 10 7 1 10 10 10 12 1 10 12 1 10 12 1 10 12 1 9 12 1 1 7 1 10 12 1 7 1 100 1 8 1 10 12 10 12 1 1 18 12 1 1 10 10 7 12 1 1 1 10 7 12 1 1 1 9 12 1 1 8 1 10 12 1 1 8 1 10 12 1 9 12 1 1 10 12 1 1 10 100 12 1 1 9 12 1 1 10 100 12 1 1 11 7 12 1 1 1 11 12 1 11 12 1 1 100 1 11 12 1 1 10 12 1 8 1 10 7 12 1 1 1 11 12 1 1 9 12 1 1 9 12 1 9 12 1 10 10 12 1 10 10 10 9 12 1 10 7 12 1 1 9 12 1 9 12 1 9 12 1 1 7 1 10 11 7 12 1 1 7 1 10 12 1 10 12 1 1 10 100 1 8 1 10 10 12 1 10 12 1 1 18 12 1 1 11 100 12 1 1 1 10 100 12 1 1 10 12 1 1 18 12 1 10 12 1 10 12 1 1 10 12 1 1 10 100 12 1 1 10 12 1 1 10 12 1 10 10 12 1 1 10 12 1 100 1 8 1 10 10 12 1 1 8 1 8 1 10 12 1 8 1 10 12 1 8 1 10 12 1 8 1 8 1 8 1 8 1 8 1 8 1 8 1 10 12 1 1 8 1 8 1 10 12 100 1 1 1 1 3 1 3 1 3 1 3 1 3 1 1 1 1 1 1 1 1 8 1 1 8 1 1 8 1 1 1 1 1 1 1 1 1 1 1 1 1 1 1 1 1 1 1 1 1 1 1 1 1 1 1 1 1 1 1 100 1 1 1 1 1 1 1 1 1 1 100 1 1 1 1 1 1 1 1 1 1 1 1 1 100 1 1 1 1 1 1 1 1 1 1 1 1 1 1 1 100 1 1 1 1 1 1 1 1 1 1 1 1 1 1 1 1 1 1 1 1 1 15 10 100 12 1 1 8 1 15 10 100 12 1 1 1 16 15 10 12 16 8 1 1 100 1 100 1 1 1 100 1 8 1 1 12 10 1 1 8 1 1
instanceKlass org/springframework/context/annotation/ConfigurationClassBeanDefinitionReader$ConfigurationClassBeanDefinition
instanceKlass org/springframework/beans/factory/support/AbstractAutowireCapableBeanFactory$CreateFromClassBeanDefinition
ciInstanceKlass org/springframework/beans/factory/support/RootBeanDefinition 1 1 409 10 7 12 1 1 1 9 7 12 1 1 1 7 1 10 9 12 1 1 9 12 1 9 12 1 9 12 1 10 12 1 1 10 12 1 1 10 12 1 1 10 12 1 1 10 12 1 1 10 12 1 1 10 12 1 10 12 1 10 12 1 10 12 1 9 12 1 1 9 12 1 1 9 12 1 9 12 1 1 9 12 1 1 100 1 8 1 10 12 10 7 12 1 1 1 9 12 1 1 10 12 1 1 9 12 1 10 12 1 1 10 12 1 1 10 12 1 1 8 1 10 12 1 1 100 1 100 1 10 12 1 10 100 12 1 1 1 18 12 1 1 8 1 10 7 12 1 1 1 10 12 1 10 7 1 10 12 1 10 7 12 1 1 1 10 12 1 10 12 1 1 7 1 11 12 1 9 12 1 1 7 1 10 12 11 7 12 1 1 11 12 1 10 12 1 10 100 12 1 1 1 10 12 1 1 9 12 1 10 12 1 1 10 12 1 1 10 10 12 1 10 100 12 1 1 1 10 12 1 1 9 12 1 10 12 1 11 12 1 1 11 100 12 1 1 1 11 12 1 1 10 12 1 1 10 12 1 1 10 12 1 10 10 12 1 18 10 12 1 1 1 1 1 1 1 1 1 1 1 1 1 1 1 1 1 1 1 1 1 1 1 1 1 1 1 1 1 1 1 1 1 1 1 1 1 1 1 1 1 1 1 1 1 1 1 1 1 1 1 1 1 1 1 1 1 1 1 1 1 1 1 1 1 1 1 1 1 1 1 1 1 1 1 1 1 1 1 1 1 1 1 1 1 1 1 1 1 1 1 1 1 1 100 1 1 1 1 1 1 1 1 1 1 1 1 1 1 1 1 1 1 1 1 1 1 1 1 1 1 1 1 1 15 10 100 12 1 1 8 1 8 1 1 100 1 100 1 1
ciInstanceKlass org/springframework/beans/factory/ObjectFactory 1 0 17 100 1 100 1 1 1 1 7 1 1 1 1 1 1 1 1
instanceKlass org/springframework/beans/factory/parsing/BeanComponentDefinition
ciInstanceKlass org/springframework/beans/factory/config/BeanDefinitionHolder 1 1 149 10 7 12 1 1 1 10 7 12 1 1 8 1 10 7 12 1 1 1 8 1 9 12 1 1 9 12 1 1 9 12 1 1 8 1 10 12 1 1 10 12 1 1 10 12 1 1 11 100 12 1 1 1 10 7 12 1 1 1 10 100 12 1 1 1 10 7 12 1 1 1 18 12 1 10 100 12 1 1 1 18 12 1 10 12 1 10 12 1 1 18 10 12 1 10 10 12 1 1 10 12 1 1 100 1 1 1 1 1 1 1 1 1 1 1 1 1 1 1 1 1 1 1 1 1 1 1 1 1 1 15 10 100 12 1 1 8 1 8 1 8 1 1 100 1 100 1 1
ciInstanceKlass org/springframework/beans/factory/config/SmartInstantiationAwareBeanPostProcessor 1 1 38 100 1 100 1 100 1 1 1 1 1 1 1 1 1 1 1 1 1 1 1 7 1 1 1 1 1 1 1 1 1 1 1 1 1 1 1 1
ciInstanceKlass org/springframework/beans/factory/annotation/AutowiredAnnotationBeanPostProcessor 1 1 881 10 7 12 1 1 1 10 12 1 1 10 7 12 1 1 1 9 7 12 1 1 1 10 7 12 1 1 1 9 12 1 1 8 1 9 12 1 1 9 12 1 1 100 1 3 9 12 1 1 10 7 12 1 1 1 9 12 1 10 12 1 9 12 1 1 9 12 1 7 1 11 7 12 1 1 1 7 1 10 7 12 1 1 1 8 1 10 7 12 1 1 1 8 1 11 7 12 1 1 1 7 1 8 1 8 1 8 1 10 100 12 1 1 1 11 12 1 8 1 10 12 1 1 11 12 1 1 7 1 100 1 10 7 12 1 1 1 18 12 1 1 10 12 1 9 12 1 1 7 1 11 12 1 10 12 1 9 12 1 1 10 12 1 1 10 7 12 1 1 1 11 7 12 1 1 1 10 12 1 11 12 10 100 12 1 1 10 12 1 1 10 12 1 1 10 12 1 1 10 12 1 1 10 100 12 1 1 100 1 10 12 1 1 10 12 1 10 7 12 1 1 1 100 1 10 10 12 1 1 10 12 1 1 10 12 1 1 100 1 11 12 1 10 12 1 10 12 1 10 12 1 1 11 100 12 1 1 1 11 12 1 7 1 10 12 1 1 7 1 100 1 10 12 1 18 12 1 10 12 1 7 1 10 10 7 12 1 1 1 10 7 12 1 1 10 12 1 1 10 12 1 1 10 12 1 1 10 12 1 1 100 1 18 10 12 1 10 12 1 1 11 7 12 1 18 11 10 12 1 1 11 12 1 11 12 1 11 12 1 18 11 12 1 9 12 1 11 12 1 1 10 12 1 11 12 1 1 11 12 1 7 1 10 7 12 1 1 1 18 12 1 1 10 7 12 1 1 1 10 12 1 100 1 8 1 10 12 1 1 8 1 18 10 12 1 10 7 12 1 1 1 10 12 1 1 10 12 1 10 12 1 1 10 12 1 9 12 1 1 10 18 12 1 10 12 1 1 18 12 1 10 12 1 1 11 12 1 10 12 1 1 11 7 12 1 1 1 11 12 1 1 11 7 12 1 1 11 12 1 1 11 12 1 11 7 12 1 1 11 12 1 1 10 7 1 11 12 1 11 7 12 1 1 1 11 7 12 1 1 1 11 7 12 1 1 1 11 10 12 1 7 1 11 7 1 10 12 1 1 11 7 1 11 12 1 10 11 12 100 1 8 1 11 12 1 1 11 12 1 11 12 1 11 12 1 18 100 1 8 1 10 12 1 1 11 12 1 1 10 7 12 1 1 1 10 12 1 1 10 12 1 1 10 7 1 10 12 1 10 100 12 1 1 1 18 10 10 12 1 10 12 1 18 10 12 1 1 7 1 10 12 1 10 100 1 18 7 1 10 12 1 10 12 1 1 100 1 11 12 1 10 12 1 10 12 1 1 10 100 12 1 1 1 100 1 8 1 100 1 100 1 100 1 100 1 100 1 1 1 1 1 1 1 1 1 1 1 1 1 1 1 1 1 100 1 1 1 1 1 1 1 1 1 1 1 1 1 1 1 1 1 1 1 1 1 1 1 1 1 1 1 1 1 1 1 1 1 1 1 1 1 1 1 100 1 1 1 1 1 1 1 1 1 1 1 1 1 1 1 1 1 1 1 1 1 1 1 1 1 1 1 1 1 1 1 1 1 1 1 1 1 1 1 1 1 1 1 1 1 100 1 1 1 1 1 1 1 1 1 1 1 1 1 1 1 1 1 1 1 1 1 1 1 1 1 1 1 1 1 1 1 1 1 1 1 1 1 1 1 1 1 1 1 1 1 1 1 1 1 1 1 100 1 1 1 1 1 1 1 1 1 1 1 1 1 1 1 1 100 1 100 1 1 15 10 100 12 1 1 8 1 8 1 8 1 8 1 8 1 15 10 7 12 1 1 1 16 1 15 10 12 8 1 16 1 15 10 12 15 10 12 8 1 8 1 8 1 8 1 1 100 1 1 1 100 1 1 100 1 1 1 1 1 1 1 100 1 100 1 1
staticfield org/springframework/beans/factory/annotation/AutowiredAnnotationBeanPostProcessor EMPTY_CONSTRUCTOR_ARRAY [Ljava/lang/reflect/Constructor; 0 [Ljava/lang/reflect/Constructor;
ciInstanceKlass org/springframework/boot/context/ContextIdApplicationContextInitializer$ContextId 1 1 62 10 7 12 1 1 1 7 1 10 9 7 12 1 1 1 9 12 1 1 10 12 1 1 18 12 1 1 10 12 1 1 1 1 1 1 1 1 1 1 1 1 1 1 100 1 1 15 10 100 12 1 1 8 1 1 1 100 1 100 1 1
ciInstanceKlass org/springframework/boot/autoconfigure/condition/ConditionEvaluationReport 1 1 364 10 7 12 1 1 1 7 1 10 9 7 12 1 1 1 7 1 10 9 12 1 1 7 1 10 9 12 1 1 8 1 10 7 12 1 1 1 8 1 8 1 11 7 12 1 1 1 18 12 1 1 11 7 12 1 1 1 7 1 10 12 1 1 9 12 1 1 8 1 11 7 12 1 1 1 8 1 11 18 12 1 1 11 12 1 1 10 7 12 1 1 1 18 12 1 1 18 12 1 10 12 1 1 10 12 1 10 7 12 1 1 1 18 12 1 11 12 1 10 12 1 1 9 12 1 1 7 1 10 12 1 1 8 1 11 12 1 1 11 12 1 1 10 11 12 1 1 11 12 1 1 10 12 1 1 11 100 12 1 1 11 18 12 1 10 10 12 1 1 11 12 1 10 12 1 11 12 10 12 1 1 18 12 1 10 10 100 12 1 1 1 10 12 1 1 10 12 1 1 10 7 12 1 1 18 10 7 12 1 1 1 8 1 10 7 12 1 1 1 10 7 12 1 1 1 9 12 1 1 10 12 1 1 10 7 1 10 1 1 1 1 1 1 1 1 1 1 1 1 1 1 1 1 1 1 1 1 1 1 1 1 1 1 1 1 1 1 1 1 1 1 1 1 1 1 1 1 1 1 1 100 1 1 1 1 1 1 1 1 1 1 1 1 1 1 1 1 1 1 1 1 1 1 1 1 1 1 1 1 1 15 10 7 12 1 1 1 16 15 10 12 16 16 1 15 10 12 16 15 10 7 12 1 1 8 1 15 10 12 16 1 15 16 15 10 12 15 10 12 16 1 8 1 1 1 1 1 1 100 1 100 1 1
staticfield org/springframework/boot/autoconfigure/condition/ConditionEvaluationReport ANCESTOR_CONDITION Lorg/springframework/boot/autoconfigure/condition/ConditionEvaluationReport$AncestorsMatchedCondition; org/springframework/boot/autoconfigure/condition/ConditionEvaluationReport$AncestorsMatchedCondition
ciInstanceKlass org/springframework/core/ResolvableType$WildcardBounds 1 1 134 10 7 12 1 1 1 9 7 12 1 1 1 9 12 1 1 9 7 12 1 1 10 7 12 1 1 1 10 12 1 1 10 12 1 1 10 12 1 1 10 12 1 1 7 1 10 12 1 9 12 1 1 10 12 1 1 11 12 1 1 9 12 1 11 12 1 7 1 11 12 1 9 12 1 1 10 12 1 1 10 12 1 1 1 1 1 1 1 1 1 1 1 1 1 1 1 1 1 1 1 1 100 100 1 1 1 1 1 1 1 1 1 1 1 1 1 1 1 1 1 1 1 100 1 1 1 1 1 1 1 100 1 1
ciInstanceKlass org/springframework/beans/factory/annotation/AnnotatedGenericBeanDefinition 1 1 88 10 7 12 1 1 1 10 7 12 1 1 1 11 7 12 1 1 1 9 12 1 1 8 1 10 7 12 1 1 1 7 1 10 12 1 1 11 12 1 1 10 12 1 1 10 12 1 8 1 11 100 12 1 1 10 12 1 9 12 1 1 100 1 1 1 1 1 1 1 1 1 1 1 1 1 1 1 1 1 1 1 1 1 1 1 1 1
ciInstanceKlass org/springframework/beans/factory/BeanFactoryUtils 1 1 327 10 100 12 1 1 1 10 7 12 1 1 1 10 12 1 1 100 1 8 1 10 7 12 1 1 1 9 7 12 1 1 1 18 12 1 1 11 7 12 1 1 1 8 1 10 12 1 1 10 12 1 1 10 12 1 1 10 12 1 1 10 12 1 1 8 1 11 7 12 1 1 1 7 1 11 12 1 1 10 12 1 10 12 1 1 11 12 1 10 12 1 11 12 1 11 12 1 10 12 1 11 12 1 10 12 1 7 1 10 12 1 11 12 1 1 11 12 1 1 10 12 1 1 18 12 1 1 11 12 1 1 11 12 1 10 12 1 18 10 12 1 1 100 1 10 10 100 12 1 1 1 11 100 12 1 1 1 11 12 1 11 12 1 1 11 12 1 10 100 12 1 1 1 11 12 1 1 11 12 1 1 11 100 12 1 1 1 11 100 12 1 1 1 100 1 11 12 1 1 10 12 1 100 1 10 12 1 11 12 1 11 12 1 1 10 12 1 7 1 10 1 1 1 1 1 1 1 1 1 1 1 1 1 1 1 1 1 1 1 1 1 1 1 1 1 1 1 1 1 1 1 1 1 1 100 1 1 1 1 1 1 1 1 1 1 1 1 1 1 100 1 1 1 1 1 1 1 1 1 1 1 1 1 1 1 1 1 1 1 1 1 1 1 1 1 1 1 15 10 7 12 1 1 1 16 1 15 10 12 16 16 1 15 10 12 16 1 15 10 12 1 100 1 100 1 1
staticfield org/springframework/beans/factory/BeanFactoryUtils transformedBeanNameCache Ljava/util/Map; java/util/concurrent/ConcurrentHashMap
ciInstanceKlass org/springframework/beans/factory/FactoryBean 1 1 34 100 1 100 1 1 1 1 8 1 1 1 1 7 1 1 1 1 1 1 1 1 1 1 1 1 1 1 1 1 1 1 1 1
ciInstanceKlass org/springframework/boot/autoconfigure/SharedMetadataReaderFactoryContextInitializer$SharedMetadataReaderFactoryBean 1 1 69 10 7 12 1 1 1 7 1 10 12 1 9 7 12 1 1 1 7 1 10 12 1 10 12 1 1 7 1 10 12 1 1 100 1 100 1 100 1 1 1 1 1 1 1 1 1 1 1 100 1 1 1 1 1 1 1 1 1 1 1 1 1 1 1 100 1 1 1
ciInstanceKlass org/springframework/beans/factory/support/AbstractBeanFactory$BeanPostProcessorCache 1 1 42 10 7 12 1 1 1 7 1 10 9 7 12 1 1 1 9 12 1 9 12 1 9 12 1 1 1 1 1 1 1 1 1 1 1 1 1 1 100 1 1 1
ciInstanceKlass org/springframework/beans/factory/BeanFactoryUtils$$Lambda$476+0x000002d637255630 1 1 23 1 7 1 7 1 100 1 1 12 10 1 1 1 7 1 7 1 1 12 10 1 1
ciInstanceKlass org/springframework/beans/factory/support/NullBean 1 1 32 10 7 12 1 1 1 100 1 10 12 1 1 8 1 1 1 1 1 1 1 1 1 1 1 1 1 1 1 1 1 1
ciInstanceKlass org/springframework/context/annotation/ConfigurationClassBeanDefinitionReader$ConfigurationClassBeanDefinition 1 1 99 10 7 12 1 1 1 10 7 12 1 1 1 9 7 12 1 1 1 9 12 1 1 9 12 1 1 10 12 1 1 10 12 1 1 10 12 1 1 10 12 1 10 12 1 1 10 7 12 1 1 10 12 1 1 10 7 12 1 1 1 10 12 1 10 12 1 1 100 1 1 1 1 1 1 1 1 1 1 1 1 1 1 1 1 1 1 1 1 1 1 1 1 1 1 100 1 1 1
ciInstanceKlass org/springframework/boot/context/properties/ConfigurationPropertiesBinder$ConfigurationPropertiesBinderFactory 1 1 62 10 7 12 1 1 1 9 7 12 1 1 1 7 1 10 12 1 8 1 10 7 12 1 1 1 10 12 1 1 100 1 100 1 1 1 1 1 1 1 1 1 1 100 1 1 7 1 1 1 1 1 1 7 1 1 1 1 1 1 1 1
ciInstanceKlass org/springframework/aop/framework/autoproxy/InfrastructureAdvisorAutoProxyCreator 1 1 47 10 7 12 1 1 1 10 12 1 1 9 7 12 1 1 1 11 100 12 1 1 1 11 12 1 1 11 100 12 1 1 1 1 1 1 1 1 1 1 1 1 1 1 1 1 1
ciInstanceKlass io/micrometer/core/instrument/binder/logging/MetricsTurboFilter 1 1 183 10 7 12 1 1 1 7 1 8 1 11 7 12 1 1 1 10 7 12 1 1 1 7 1 8 1 8 1 10 12 1 8 1 10 12 1 100 1 8 1 10 12 1 10 12 1 1 9 12 1 1 8 1 9 12 1 8 1 9 12 1 8 1 9 12 1 8 1 9 12 1 10 7 12 1 1 1 10 7 12 1 1 1 9 7 12 1 1 1 9 7 12 1 1 1 10 7 12 1 1 1 100 1 10 12 1 1 18 12 1 1 10 12 1 10 12 1 1 11 12 1 10 12 1 1 1 1 1 1 1 1 1 1 1 1 1 1 1 1 1 1 1 1 1 1 1 1 1 1 1 1 1 1 1 1 1 1 1 1 1 1 1 1 1 16 15 10 12 15 10 7 12 1 1 1 1 1 100 1 100 1 1
ciMethodData java/lang/Object <init> ()V 2 928469 orig 80 1 0 0 0 0 0 0 0 0 0 0 0 0 0 0 0 0 0 0 0 0 0 0 0 0 0 0 0 0 0 0 0 0 0 0 0 0 0 0 0 0 0 0 0 0 0 0 0 0 0 0 0 0 0 0 0 0 0 0 0 0 0 0 0 0 0 0 0 0 0 0 0 0 0 0 0 0 0 0 0 data 4 0x0 0x9 0x1 0x0 oops 0 methods 0
ciMethodData java/lang/StringLatin1 hashCode ([B)I 2 30936 orig 80 0 0 0 0 0 0 0 0 0 0 0 0 214 2 0 0 0 0 0 0 0 0 0 0 0 0 0 0 0 0 0 0 0 0 0 0 0 0 0 0 0 0 0 0 0 0 0 0 0 0 0 0 0 0 0 0 0 0 0 0 0 0 0 0 0 0 0 0 0 0 0 0 0 0 0 0 0 0 0 0 data 14 0xd0007 0x423 0x38 0x6bea 0x250003 0x6bea 0xffffffffffffffe0 0x0 0x0 0x0 0x0 0x9 0x1 0x0 oops 0 methods 0
ciMethodData java/lang/String isLatin1 ()Z 2 1321209 orig 80 1 0 0 0 2 0 0 0 0 0 0 0 0 0 0 0 0 0 0 0 0 0 0 0 0 0 0 0 0 0 0 0 0 0 0 0 0 0 0 3 0 0 0 0 0 0 0 0 0 0 0 0 0 0 0 0 0 0 0 0 0 0 0 0 0 0 0 0 0 0 0 0 0 0 0 0 0 0 0 0 data 18 0x30007 0x0 0x58 0x142750 0x80000006000a0007 0xbbb 0x38 0x141b93 0xe0003 0x141b8e 0x18 0x0 0x0 0x0 0x0 0x9 0x1 0x0 oops 0 methods 0
ciMethodData java/lang/String hashCode ()I 2 19447 orig 80 1 0 0 0 0 0 0 0 0 0 0 0 0 0 0 0 0 0 0 0 0 0 0 0 0 0 0 0 0 0 0 0 0 0 0 0 0 0 0 0 0 0 0 0 0 0 0 0 0 0 0 0 0 0 0 0 0 0 0 0 0 0 0 0 0 0 0 0 0 0 0 0 0 0 0 0 0 0 0 0 data 42 0x60007 0x414e 0x108 0x8aa 0xd0007 0x7 0xe8 0x8a3 0x110005 0x8a3 0x0 0x0 0x0 0x0 0x0 0x140007 0x2 0x48 0x8a2 0x1b0002 0x8a2 0x1e0003 0x8a2 0x28 0x250002 0x2 0x2a0007 0x8a3 0x38 0x1 0x320003 0x1 0x18 0x0 0x0 0x0 0x0 0x0 0x0 0x9 0x1 0xe oops 0 methods 0
ciMethodData java/lang/StringUTF16 hashCode ([B)I 1 2 orig 80 0 0 0 0 0 0 0 0 0 0 0 0 214 2 0 0 0 0 0 0 0 0 0 0 0 0 0 0 0 0 0 0 0 0 0 0 0 0 0 0 0 0 0 0 0 0 0 0 0 0 0 0 0 0 0 0 0 0 0 0 0 0 0 0 0 0 0 0 0 0 0 0 0 0 0 0 0 0 0 0 data 18 0xb0007 0x2 0x48 0x2 0x140002 0x2 0x1c0003 0x2 0xffffffffffffffd0 0x0 0x0 0x0 0x0 0x0 0x0 0x9 0x1 0x0 oops 0 methods 0
ciMethodData java/lang/String equals (Ljava/lang/Object;)Z 2 12876 orig 80 2 0 0 0 0 0 0 0 0 0 0 0 0 0 0 0 0 0 0 0 4 0 0 0 0 0 0 0 0 0 0 0 0 0 0 0 0 0 0 1 0 0 0 0 0 0 0 0 0 0 0 0 0 0 0 0 0 0 0 0 0 0 0 0 0 0 0 0 0 0 0 0 0 0 0 0 0 0 0 0 data 49 0x20007 0x2981 0x20 0x6cc 0x8000000400080104 0xfffffffffffffffa 0x0 0x2d632c8be30 0x297d 0x2d632c8bec0 0x6 0xb0007 0x8 0xe0 0x297d 0xf0004 0x0 0x0 0x2d632c8be30 0x297d 0x0 0x0 0x160007 0x0 0x40 0x297d 0x8000000600210007 0x6a 0x68 0x2914 0x2c0002 0x2914 0x2f0007 0x2288 0x38 0x68c 0x330003 0x68c 0x18 0x0 0x0 0x0 0x0 0x0 0x0 0x9 0x2 0x0 0x0 oops 3 7 java/lang/String 9 java/lang/Class 18 java/lang/String methods 0
ciMethodData java/lang/String coder ()B 2 726935 orig 80 0 0 0 0 0 0 0 0 0 0 0 0 0 0 0 0 0 0 0 0 0 0 0 0 0 0 0 0 0 0 0 0 0 0 0 0 0 0 0 0 0 0 0 0 0 0 0 0 0 0 0 0 0 0 0 0 0 0 0 0 0 0 0 0 0 0 0 0 0 0 0 0 0 0 0 0 0 0 0 0 data 14 0x30007 0x0 0x38 0xb159c 0xa0003 0xb159c 0x18 0x0 0x0 0x0 0x0 0x9 0x1 0x0 oops 0 methods 0
ciMethodData java/lang/String charAt (I)C 2 1046076 orig 80 1 0 0 0 0 0 0 0 0 0 0 0 214 2 0 0 0 0 0 0 0 0 0 0 0 0 0 0 0 0 0 0 0 0 0 0 0 0 0 0 0 0 0 0 0 0 0 0 0 0 0 0 0 0 0 0 0 0 0 0 0 0 0 0 0 0 0 0 0 0 0 0 0 0 0 0 0 0 0 0 data 25 0x10005 0xff44b 0x0 0x0 0x0 0x0 0x0 0x40007 0x1 0x30 0xff434 0xc0002 0xff434 0x150002 0x1 0x0 0x0 0x0 0x0 0x0 0x0 0x9 0x2 0x0 0x0 oops 0 methods 0
ciMethodData java/lang/StringLatin1 charAt ([BI)C 2 886518 orig 80 0 0 0 0 0 0 0 0 0 0 0 0 214 2 0 0 0 0 0 0 0 0 0 0 0 0 0 0 0 0 0 0 0 0 0 0 0 0 0 0 0 0 0 0 0 0 0 0 0 0 0 0 0 0 0 0 0 0 0 0 0 0 0 0 0 0 0 0 0 0 0 0 0 0 0 0 0 0 0 0 data 18 0x10007 0x0 0x40 0xd8502 0x70007 0xd84ff 0x30 0x0 0xf0002 0x0 0x0 0x0 0x0 0x0 0x9 0x2 0x0 0x0 oops 0 methods 0
ciMethodData java/lang/StringUTF16 charAt ([BI)C 2 7758 orig 80 0 0 0 0 0 0 0 0 0 0 0 0 214 2 0 0 0 0 0 0 0 0 0 0 0 0 0 0 0 0 0 0 0 0 0 0 0 0 0 0 0 0 0 0 0 0 0 0 0 0 0 0 0 0 0 0 0 0 0 0 0 0 0 0 0 0 0 0 0 0 0 0 0 0 0 0 0 0 0 0 data 14 0x20002 0x1e4e 0x70002 0x256 0x0 0x0 0x0 0x0 0x0 0x0 0x9 0x2 0x0 0x0 oops 0 methods 0
ciMethodData java/lang/StringUTF16 checkIndex (I[B)V 2 8184 orig 80 0 0 0 0 0 0 0 0 0 0 0 0 214 2 0 0 0 0 0 0 0 0 0 0 0 0 0 0 0 0 0 0 0 0 0 0 0 0 0 0 0 0 0 0 0 0 0 0 0 0 0 0 0 0 0 0 0 0 0 0 0 0 0 0 0 0 0 0 0 0 0 0 0 0 0 0 0 0 0 0 data 14 0x20002 0x1ff8 0x50002 0x1ff8 0x0 0x0 0x0 0x0 0x0 0x0 0x9 0x2 0x0 0x0 oops 0 methods 0
ciMethodData java/lang/StringUTF16 length ([B)I 2 10608 orig 80 0 0 0 0 0 0 0 0 0 0 0 0 214 2 0 0 0 0 0 0 0 0 0 0 0 0 0 0 0 0 0 0 0 0 0 0 0 0 0 0 0 0 0 0 0 0 0 0 0 0 0 0 0 0 0 0 0 0 0 0 0 0 0 0 0 0 0 0 0 0 0 0 0 0 0 0 0 0 0 0 data 6 0x0 0x0 0x0 0x9 0x1 0x0 oops 0 methods 0
ciMethodData java/lang/String checkIndex (II)V 2 11914 orig 80 0 0 0 0 0 0 0 0 0 0 0 0 214 2 0 0 0 0 0 0 0 0 0 0 0 0 0 0 0 0 0 0 0 0 0 0 0 0 0 0 0 0 0 0 0 0 0 0 0 0 0 0 0 0 0 0 0 0 0 0 0 0 0 0 0 0 0 0 0 0 0 0 0 0 0 0 0 0 0 0 data 57 0x10007 0x0 0x40 0x2e8a 0x60007 0x2e8a 0x158 0x0 0x110002 0x0 0x170005 0x0 0x0 0x0 0x0 0x0 0x0 0x1b0005 0x0 0x0 0x0 0x0 0x0 0x0 0x210005 0x0 0x0 0x0 0x0 0x0 0x0 0x250005 0x0 0x0 0x0 0x0 0x0 0x0 0x280005 0x0 0x0 0x0 0x0 0x0 0x0 0x2b0002 0x0 0x0 0x0 0x0 0x0 0x0 0x0 0x9 0x2 0x0 0x0 oops 0 methods 0
ciMethodData java/lang/String isEmpty ()Z 2 279781 orig 80 0 0 0 0 0 0 0 0 0 0 0 0 214 2 0 0 0 0 0 0 0 0 0 0 0 0 0 0 0 0 0 0 0 0 0 0 0 0 0 0 0 0 0 0 0 0 0 0 0 0 0 0 0 0 0 0 0 0 0 0 0 0 0 0 0 0 0 0 0 0 0 0 0 0 0 0 0 0 0 0 data 14 0x50007 0x401e1 0x38 0x4206 0x90003 0x4206 0x18 0x0 0x0 0x0 0x0 0x9 0x1 0x0 oops 0 methods 0
ciMethodData java/util/concurrent/ConcurrentHashMap tabAt ([Ljava/util/concurrent/ConcurrentHashMap$Node;I)Ljava/util/concurrent/ConcurrentHashMap$Node; 2 5434 orig 80 0 0 0 0 0 0 0 0 0 0 0 0 214 2 0 0 0 0 0 0 0 0 0 0 0 0 0 0 0 0 0 0 0 0 0 0 0 0 0 0 0 0 0 0 0 0 0 0 0 0 0 0 0 0 0 0 0 0 0 0 0 0 0 0 0 0 0 0 0 0 0 0 0 0 0 0 0 0 0 0 data 27 0xf000b 0x1400 0x0 0x0 0x0 0x0 0x0 0x2 0x1 0x2d6000aebf0 0x120104 0x0 0x0 0x2d6000aeb40 0x8d1 0x2d6011eb4b0 0x160 0x0 0x0 0x0 0x0 0x0 0x0 0x9 0x2 0xffffffffffffffff 0x0 oops 3 9 [Ljava/util/concurrent/ConcurrentHashMap$Node; 13 java/util/concurrent/ConcurrentHashMap$Node 15 java/util/concurrent/ConcurrentHashMap$ForwardingNode methods 0
ciMethodData java/util/concurrent/ConcurrentHashMap spread (I)I 2 47846 orig 80 0 0 0 0 0 0 0 0 0 0 0 0 214 2 0 0 0 0 0 0 0 0 0 0 0 0 0 0 0 0 0 0 0 0 0 0 0 0 0 0 0 0 0 0 0 0 0 0 0 0 0 0 0 0 0 0 0 0 0 0 0 0 0 0 0 0 0 0 0 0 0 0 0 0 0 0 0 0 0 0 data 5 0x0 0x0 0x9 0x1 0x0 oops 0 methods 0
ciMethod java/lang/invoke/MethodHandle invokeBasic ()Ljava/lang/Object; 0 0 1 0 -1
ciMethodData java/util/concurrent/ConcurrentHashMap get (Ljava/lang/Object;)Ljava/lang/Object; 2 12855 orig 80 1 0 0 0 0 0 0 0 0 0 0 0 214 2 0 0 0 0 0 0 0 0 0 0 0 0 0 0 0 0 0 0 0 0 0 0 0 0 0 1 0 0 0 0 0 0 0 0 0 0 0 0 0 0 0 0 0 0 0 0 0 0 0 0 0 0 0 0 0 0 0 0 0 0 0 0 0 0 0 0 data 101 0x10005 0x2705 0x0 0x2d632c8e240 0x90e 0x2d632c8e000 0x116 0x40002 0x3129 0xf0007 0x123 0x290 0x3006 0x170007 0x0 0x270 0x3006 0x220002 0x3006 0x270007 0x1561 0x240 0x1aa5 0x330007 0x8c3 0xb8 0x11e2 0x3e0007 0x789 0x98 0xa59 0x430007 0x0 0x108 0xa59 0x490005 0x127 0x0 0x2d632c8e240 0x58d 0x2d632c8be30 0x3a5 0x80000006004c0007 0x2 0xb0 0xa58 0x560007 0x8c3 0x90 0x0 0x5d0005 0x0 0x0 0x0 0x0 0x0 0x0 0x630007 0x0 0x38 0x0 0x6b0003 0x0 0x18 0x760007 0x402 0xd8 0x72a 0x7f0007 0x267 0xffffffffffffffe0 0x4c3 0x8a0007 0x259 0x98 0x26a 0x8f0007 0x0 0xffffffffffffffa0 0x26a 0x950005 0x10 0x0 0x2d632c8e240 0x126 0x2d632c8be30 0x134 0x980007 0x0 0xffffffffffffff48 0x26a 0x0 0x0 0x0 0x0 0x0 0x0 0x9 0x2 0x0 0x0 oops 6 3 java/lang/invoke/MethodType 5 java/lang/invoke/MemberName 38 java/lang/invoke/MethodType 40 java/lang/String 83 java/lang/invoke/MethodType 85 java/lang/String methods 0
ciMethodData java/lang/Class getName ()Ljava/lang/String; 2 171583 orig 80 0 0 0 0 0 0 0 0 0 0 0 0 214 2 0 0 0 0 0 0 0 0 0 0 0 0 0 0 0 0 0 0 0 0 0 0 0 0 0 0 0 0 0 0 0 0 0 0 0 0 0 0 0 0 0 0 0 0 0 0 0 0 0 0 0 0 0 0 0 0 0 0 0 0 0 0 0 0 0 0 data 23 0x60007 0x9e8 0x38 0x29357 0xa0003 0x29357 0x50 0xe0005 0x9e8 0x0 0x0 0x0 0x0 0x0 0x0 0x0 0x0 0x0 0x0 0x0 0x9 0x1 0xffffffffffffffff oops 0 methods 0
ciMethodData java/lang/String toString ()Ljava/lang/String; 2 56763 orig 80 0 0 0 0 0 0 0 0 0 0 0 0 214 2 0 0 0 0 0 0 0 0 0 0 0 0 0 0 0 0 0 0 0 0 0 0 0 0 0 0 0 0 0 0 0 0 0 0 0 0 0 0 0 0 0 0 0 0 0 0 0 0 0 0 0 0 0 0 0 0 0 0 0 0 0 0 0 0 0 0 data 5 0x0 0x0 0x9 0x1 0x0 oops 0 methods 0
ciMethodData java/lang/RuntimeException <init> (Ljava/lang/String;)V 1 26 orig 80 0 0 0 0 0 0 0 0 0 0 0 0 214 2 0 0 0 0 0 0 0 0 0 0 0 0 0 0 0 0 0 0 0 0 0 0 0 0 0 0 0 0 0 0 0 0 0 0 0 0 0 0 0 0 0 0 0 0 0 0 0 0 0 0 0 0 0 0 0 0 0 0 0 0 0 0 0 0 0 0 data 8 0x20002 0x1a 0x0 0x0 0x9 0x2 0xffffffffffffffff 0xffffffffffffffff oops 0 methods 0
ciMethod java/lang/invoke/LambdaForm$MH+0x000002d637000400 invoke (Ljava/lang/Object;)Ljava/lang/Object; 512 0 39098 0 -1
ciMethodData java/lang/invoke/LambdaForm$MH+0x000002d637000400 invoke (Ljava/lang/Object;)Ljava/lang/Object; 2 39098 orig 80 0 0 0 0 0 0 0 0 0 0 0 0 214 2 0 0 0 0 0 0 0 0 0 0 0 0 0 0 0 0 0 0 0 0 0 0 0 0 0 0 0 0 0 0 0 0 0 0 0 0 0 0 0 0 0 0 0 0 0 0 0 0 0 0 0 0 0 0 0 0 0 0 0 0 0 0 0 0 0 0 data 20 0x10004 0x0 0x0 0x2d6000a9880 0x14ba 0x0 0x0 0x0 0x0 0x0 0x0 0x0 0x0 0x9 0x1 0x0 0xc 0x2 0x0 0x2d6000a9880 oops 2 3 java/lang/invoke/BoundMethodHandle$Species_L 19 java/lang/invoke/BoundMethodHandle$Species_L methods 0
ciMethod org/springframework/beans/factory/BeanFactory isTypeMatch (Ljava/lang/String;Lorg/springframework/core/ResolvableType;)Z 0 0 1 0 -1
ciMethod org/springframework/beans/factory/config/ConfigurableBeanFactory getMergedBeanDefinition (Ljava/lang/String;)Lorg/springframework/beans/factory/config/BeanDefinition; 0 0 1 0 -1
ciMethod org/slf4j/Logger isTraceEnabled ()Z 0 0 1 0 -1
ciMethod org/apache/commons/logging/Log isTraceEnabled ()Z 0 0 1 0 -1
ciMethod org/apache/commons/logging/Log info (Ljava/lang/Object;Ljava/lang/Throwable;)V 0 0 1 0 -1
ciMethod ch/qos/logback/classic/LoggerContext getTurboFilterChainDecision_0_3OrMore (Lorg/slf4j/Marker;Lch/qos/logback/classic/Logger;Lch/qos/logback/classic/Level;Ljava/lang/String;[Ljava/lang/Object;Ljava/lang/Throwable;)Lch/qos/logback/core/spi/FilterReply; 1222 0 5808 0 0
ciMethod ch/qos/logback/classic/spi/TurboFilterList getTurboFilterChainDecision (Lorg/slf4j/Marker;Lch/qos/logback/classic/Logger;Lch/qos/logback/classic/Level;Ljava/lang/String;[Ljava/lang/Object;Ljava/lang/Throwable;)Lch/qos/logback/core/spi/FilterReply; 530 0 722 0 0
ciMethod ch/qos/logback/classic/Logger isTraceEnabled ()Z 584 0 5700 0 0
ciMethod ch/qos/logback/classic/Logger isTraceEnabled (Lorg/slf4j/Marker;)Z 608 0 5579 0 0
ciMethod ch/qos/logback/classic/Logger callTurboFilters (Lorg/slf4j/Marker;Lch/qos/logback/classic/Level;)Lch/qos/logback/core/spi/FilterReply; 1198 0 6828 0 0
ciMethod org/apache/commons/logging/LogAdapter$Slf4jLog isTraceEnabled ()Z 566 0 5559 0 0
ciMethod org/springframework/util/Assert notNull (Ljava/lang/Object;Ljava/lang/String;)V 512 0 181361 0 96
ciMethod org/springframework/util/ClassUtils isAssignable (Ljava/lang/Class;Ljava/lang/Class;)Z 2168 0 5691 0 0
ciMethod org/springframework/util/ClassUtils getUserClass (Ljava/lang/Object;)Ljava/lang/Class; 0 0 795 0 0
ciMethod org/springframework/util/ClassUtils getUserClass (Ljava/lang/Class;)Ljava/lang/Class; 208 0 16163 0 512
ciMethodData java/lang/String indexOf (Ljava/lang/String;)I 2 6413 orig 80 0 0 0 0 0 0 0 0 0 0 0 0 214 2 0 0 0 0 0 0 0 0 0 0 0 0 0 0 0 0 0 0 0 0 0 0 0 0 0 0 0 0 0 0 0 0 0 0 0 0 0 0 0 0 0 0 0 0 0 0 0 0 0 0 0 0 0 0 0 0 0 0 0 0 0 0 0 0 0 0 data 52 0x10005 0x180c 0x0 0x0 0x0 0x0 0x0 0x70005 0x180c 0x0 0x0 0x0 0x0 0x0 0xa0007 0x0 0xb0 0x180c 0xe0005 0x180c 0x0 0x0 0x0 0x0 0x0 0x110007 0x0 0x48 0x180c 0x1c0002 0x180c 0x1f0003 0x180c 0x28 0x2a0002 0x0 0x2f0007 0x0 0x20 0x0 0x3c0002 0x0 0x0 0x0 0x0 0x0 0x0 0x0 0x9 0x2 0x0 0x0 oops 0 methods 0
ciMethodData java/util/concurrent/ConcurrentHashMap computeIfAbsent (Ljava/lang/Object;Ljava/util/function/Function;)Ljava/lang/Object; 2 10663 orig 80 1 0 0 0 0 0 0 0 0 0 0 0 214 2 0 0 0 0 0 0 0 0 0 0 0 0 0 0 0 0 0 0 0 0 0 0 0 0 0 1 0 0 0 0 0 0 0 0 0 0 0 0 0 0 0 0 0 0 0 0 0 0 0 0 0 0 0 0 0 0 0 0 0 0 0 0 0 0 0 0 data 316 0x10007 0x0 0x40 0x28a7 0x50007 0x28a7 0x30 0x0 0xc0002 0x0 0x110005 0x1369 0x0 0x2d6013d1400 0x12cf 0x2d632c8bec0 0x26f 0x140002 0x28a7 0x260007 0x50 0x40 0x28a7 0x2f0007 0x28a7 0x70 0x0 0x330005 0x50 0x0 0x0 0x0 0x0 0x0 0x380003 0x50 0x7d8 0x460002 0x28a7 0x4c0007 0x217c 0x168 0x72b 0x530002 0x72b 0x650002 0x72b 0x680007 0x0 0xc0 0x72b 0x730005 0x705 0x0 0x2d6013d14b0 0x25 0x2d6013d1560 0x1 0x7b0007 0x7b 0x30 0x6b0 0x860002 0x6b0 0x910002 0x72b 0x940003 0x72b 0x28 0x9f0002 0x0 0xa80003 0x72b 0x18 0xb50007 0x0 0x38 0x72b 0xb80003 0x72b 0x690 0xbb0003 0x0 0x660 0xc70007 0x217c 0x70 0x0 0xcf0005 0x0 0x0 0x0 0x0 0x0 0x0 0xd40003 0x0 0x5f0 0xda0007 0x71e 0xd8 0x1a5e 0xe60007 0x3b0 0x98 0x16ae 0xeb0007 0x0 0x98 0x16ae 0xf10005 0x876 0x0 0x2d6013d1400 0xe36 0x2d6013d1610 0x2 0x8000000600f40007 0x7 0x40 0x16a8 0xff0007 0x0 0x20 0x1a58 0x1120002 0x725 0x1170007 0x0 0x440 0x725 0x11c0007 0x0 0x1f0 0x725 0x12c0007 0x865 0xd0 0x588 0x1380007 0xf4 0x98 0x494 0x13d0007 0x0 0x90 0x494 0x1430005 0x1f 0x0 0x2d6013d1400 0x461 0x2d6013d16c0 0x14 0x1460007 0x9 0x38 0x48b 0x1500003 0x57f 0x100 0x15f0007 0x6c8 0xd0 0x1a6 0x1640005 0x130 0x0 0x2d6013d14b0 0x13 0x2d6013d1770 0x63 0x16c0007 0x0 0x90 0x1a6 0x1740007 0x1a6 0x30 0x0 0x17d0002 0x0 0x18e0002 0x1a6 0x1940003 0x1a6 0x30 0x19a0003 0x6c8 0xfffffffffffffe60 0x19d0003 0x725 0x248 0x1a20004 0x0 0x0 0x0 0x0 0x0 0x0 0x1a50007 0x0 0x190 0x0 0x1ad0004 0x0 0x0 0x0 0x0 0x0 0x0 0x1ba0007 0x0 0x90 0x0 0x1c20005 0x0 0x0 0x0 0x0 0x0 0x0 0x1c80007 0x0 0x38 0x0 0x1d20003 0x0 0xa8 0x1d70005 0x0 0x0 0x0 0x0 0x0 0x0 0x1df0007 0x0 0x58 0x0 0x1eb0005 0x0 0x0 0x0 0x0 0x0 0x0 0x1ef0003 0x0 0x80 0x1f40004 0x0 0x0 0x0 0x0 0x0 0x0 0x1f70007 0x0 0x30 0x0 0x2000002 0x0 0x2070003 0x725 0x18 0x2140007 0x0 0x98 0x725 0x21b0007 0x725 0x58 0x0 0x2230005 0x0 0x0 0x0 0x0 0x0 0x0 0x2280007 0x1a6 0x38 0x57f 0x22e0003 0x50 0xfffffffffffff7b0 0x2330007 0x7b 0x58 0x856 0x23a0005 0x856 0x0 0x0 0x0 0x0 0x0 0x0 0x0 0x0 0x0 0x0 0x0 0x0 0x0 0x0 0x0 0x0 0x0 0x9 0x3 0x0 0x0 0x0 oops 10 13 java/security/SecureClassLoader$CodeSourceKey 15 java/lang/Class 54 java/security/SecureClassLoader$1 56 java/lang/invoke/StringConcatFactory$2 113 java/security/SecureClassLoader$CodeSourceKey 115 java/lang/WeakPairMap$Pair$Weak 150 java/security/SecureClassLoader$CodeSourceKey 152 org/springframework/core/convert/converter/GenericConverter$ConvertiblePair 168 java/security/SecureClassLoader$1 170 org/springframework/core/convert/support/GenericConversionService$Converters$$Lambda$196+0x000002d637129c08 methods 0
ciMethodData java/lang/invoke/Invokers$Holder linkToTargetMethod (Ljava/lang/Object;)Ljava/lang/Object; 2 38468 orig 80 0 0 0 0 0 0 0 0 0 0 0 0 214 2 0 0 0 0 0 0 0 0 0 0 0 0 0 0 0 0 0 0 0 0 0 0 0 0 0 0 0 0 0 0 0 0 0 0 0 0 0 0 0 0 0 0 0 0 0 0 0 0 0 0 0 0 0 0 0 0 0 0 0 0 0 0 0 0 0 0 data 29 0x10004 0x0 0x0 0x2d6000a9880 0x1244 0x0 0x0 0x4000b 0x9544 0x0 0x0 0x0 0x0 0x0 0x1 0x2 0x0 0x0 0x0 0x0 0x0 0x0 0x9 0x1 0x0 0xc 0x2 0x0 0x2d6000a9880 oops 2 3 java/lang/invoke/BoundMethodHandle$Species_L 28 java/lang/invoke/BoundMethodHandle$Species_L methods 0
ciMethod org/springframework/util/StringUtils hasLength (Ljava/lang/String;)Z 534 0 28147 0 -1
ciMethod org/springframework/core/ResolvableType <init> (Ljava/lang/Class;)V 542 0 6091 0 0
ciMethod org/springframework/core/ResolvableType toClass ()Ljava/lang/Class; 932 0 8485 0 0
ciMethod org/springframework/core/ResolvableType isInstance (Ljava/lang/Object;)Z 220 0 29841 0 1184
ciMethod org/springframework/core/ResolvableType isAssignableFrom (Ljava/lang/Class;)Z 524 0 2178 0 0
ciMethod org/springframework/core/ResolvableType isAssignableFrom (Lorg/springframework/core/ResolvableType;)Z 538 0 2456 0 0
ciMethod org/springframework/core/ResolvableType isAssignableFrom (Lorg/springframework/core/ResolvableType;ZLjava/util/Map;Z)Z 828 6 5946 0 -1
ciMethod org/springframework/core/ResolvableType isArray ()Z 816 0 7939 0 -1
ciMethod org/springframework/core/ResolvableType getComponentType ()Lorg/springframework/core/ResolvableType; 0 0 25 0 -1
ciMethod org/springframework/core/ResolvableType as (Ljava/lang/Class;)Lorg/springframework/core/ResolvableType; 770 4 5773 0 -1
ciMethod org/springframework/core/ResolvableType hasGenerics ()Z 400 0 31456 0 3264
ciMethod org/springframework/core/ResolvableType isUnresolvableTypeVariable ()Z 1024 0 13884 0 -1
ciMethod org/springframework/core/ResolvableType isWildcardWithoutBounds ()Z 0 0 243 0 -1
ciMethod org/springframework/core/ResolvableType getGeneric ([I)Lorg/springframework/core/ResolvableType; 314 104 1210 0 0
ciMethod org/springframework/core/ResolvableType getGenerics ()[Lorg/springframework/core/ResolvableType; 780 648 4132 0 -1
ciMethod org/springframework/core/ResolvableType resolve ()Ljava/lang/Class; 256 0 128 0 0
ciMethod org/springframework/core/ResolvableType resolve (Ljava/lang/Class;)Ljava/lang/Class; 768 0 9279 0 0
ciMethod org/springframework/core/ResolvableType forClass (Ljava/lang/Class;)Lorg/springframework/core/ResolvableType; 542 0 4856 0 0
ciMethod org/springframework/core/ResolvableType$VariableResolver resolveVariable (Ljava/lang/reflect/TypeVariable;)Lorg/springframework/core/ResolvableType; 0 0 1 0 -1
ciMethod org/springframework/core/ResolvableType$1 isAssignableFrom (Ljava/lang/Class;)Z 538 0 10791 0 224
ciMethod org/springframework/core/ResolvableType$1 isAssignableFrom (Lorg/springframework/core/ResolvableType;)Z 546 0 5486 0 224
ciMethod org/springframework/beans/BeansException <init> (Ljava/lang/String;)V 26 0 13 0 -1
ciMethod org/springframework/core/NestedRuntimeException <init> (Ljava/lang/String;)V 26 0 13 0 -1
ciMethod org/springframework/beans/factory/NoSuchBeanDefinitionException <init> (Ljava/lang/String;)V 10 0 5 0 0
ciMethodData org/springframework/util/Assert notNull (Ljava/lang/Object;Ljava/lang/String;)V 2 181361 orig 80 0 0 0 0 0 0 0 0 0 0 0 0 214 2 0 0 0 0 0 0 0 0 0 0 0 0 0 0 0 0 0 0 0 0 0 0 0 0 0 0 0 0 0 0 0 0 0 0 0 0 0 0 0 0 0 0 0 0 0 0 0 0 0 0 0 0 0 0 0 0 0 0 0 0 0 0 0 0 0 0 data 16 0x10007 0x2c371 0x30 0x0 0x90002 0x0 0x0 0x0 0x0 0x0 0x0 0x0 0x9 0x2 0x0 0xffffffffffffffff oops 0 methods 0
ciMethod ch/qos/logback/classic/turbo/TurboFilter decide (Lorg/slf4j/Marker;Lch/qos/logback/classic/Logger;Lch/qos/logback/classic/Level;Ljava/lang/String;[Ljava/lang/Object;Ljava/lang/Throwable;)Lch/qos/logback/core/spi/FilterReply; 0 0 1 0 -1
ciMethodData java/util/concurrent/ConcurrentHashMap containsKey (Ljava/lang/Object;)Z 2 11333 orig 80 0 0 0 0 0 0 0 0 0 0 0 0 214 2 0 0 0 0 0 0 0 0 0 0 0 0 0 0 0 0 0 0 0 0 0 0 0 0 0 0 0 0 0 0 0 0 0 0 0 0 0 0 0 0 0 0 0 0 0 0 0 0 0 0 0 0 0 0 0 0 0 0 0 0 0 0 0 0 0 0 data 24 0x20005 0x0 0x0 0x2d632c8f000 0x2bd1 0x0 0x0 0x50007 0x1ef6 0x38 0xcdb 0x90003 0xcdb 0x18 0x0 0x0 0x0 0x0 0x0 0x0 0x9 0x2 0x0 0x0 oops 1 3 java/util/concurrent/ConcurrentHashMap methods 0
ciMethodData java/lang/String contains (Ljava/lang/CharSequence;)Z 2 17397 orig 80 0 0 0 0 0 0 0 0 0 0 0 0 214 2 0 0 0 0 0 0 0 0 0 0 0 0 0 0 0 0 0 0 0 0 0 0 0 0 0 0 0 0 0 0 0 0 0 0 0 0 0 0 0 0 0 0 0 0 0 0 0 0 0 0 0 0 0 0 0 0 0 0 0 0 0 0 0 0 0 0 data 31 0x20005 0x0 0x0 0x2d632c8be30 0x42e7 0x0 0x0 0x70005 0x42e7 0x0 0x0 0x0 0x0 0x0 0xa0007 0x41da 0x38 0x10d 0xe0003 0x10d 0x18 0x0 0x0 0x0 0x0 0x0 0x0 0x9 0x2 0x0 0x0 oops 1 3 java/lang/String methods 0
ciMethodData java/util/concurrent/CopyOnWriteArrayList size ()I 2 12848 orig 80 0 0 0 0 0 0 0 0 0 0 0 0 214 2 0 0 0 0 0 0 0 0 0 0 0 0 0 0 0 0 0 0 0 0 0 0 0 0 0 0 0 0 0 0 0 0 0 0 0 0 0 0 0 0 0 0 0 0 0 0 0 0 0 0 0 0 0 0 0 0 0 0 0 0 0 0 0 0 0 0 data 16 0x10005 0x30a9 0x0 0x0 0x0 0x0 0x0 0x0 0x0 0x0 0x0 0x0 0x0 0x9 0x1 0x0 oops 0 methods 0
ciMethodData java/util/concurrent/CopyOnWriteArrayList elementAt ([Ljava/lang/Object;I)Ljava/lang/Object; 2 5583 orig 80 0 0 0 0 0 0 0 0 0 0 0 0 214 2 0 0 0 0 0 0 0 0 0 0 0 0 0 0 0 0 0 0 0 0 0 0 0 0 0 0 0 0 0 0 0 0 0 0 0 0 0 0 0 0 0 0 0 0 0 0 0 0 0 0 0 0 0 0 0 0 0 0 0 0 0 0 0 0 0 0 data 7 0x0 0x0 0x0 0x9 0x2 0x0 0x0 oops 0 methods 0
ciMethodData java/util/concurrent/CopyOnWriteArrayList get (I)Ljava/lang/Object; 2 5538 orig 80 0 0 0 0 0 0 0 0 0 0 0 0 214 2 0 0 0 0 0 0 0 0 0 0 0 0 0 0 0 0 0 0 0 0 0 0 0 0 0 0 0 0 0 0 0 0 0 0 0 0 0 0 0 0 0 0 0 0 0 0 0 0 0 0 0 0 0 0 0 0 0 0 0 0 0 0 0 0 0 0 data 19 0x10005 0x1422 0x0 0x0 0x0 0x0 0x0 0x50002 0x1422 0x0 0x0 0x0 0x0 0x0 0x0 0x9 0x2 0x0 0x0 oops 0 methods 0
ciMethodData java/util/concurrent/CopyOnWriteArrayList toArray ()[Ljava/lang/Object; 1 13 orig 80 0 0 0 0 0 0 0 0 0 0 0 0 214 2 0 0 0 0 0 0 0 0 0 0 0 0 0 0 0 0 0 0 0 0 0 0 0 0 0 0 0 0 0 0 0 0 0 0 0 0 0 0 0 0 0 0 0 0 0 0 0 0 0 0 0 0 0 0 0 0 0 0 0 0 0 0 0 0 0 0 data 30 0x10005 0xc 0x0 0x0 0x0 0x0 0x0 0x40005 0x0 0x0 0x2d6011eba70 0xc 0x0 0x0 0x70004 0x0 0x0 0x2d6011eba70 0xc 0x0 0x0 0x0 0x0 0x0 0x0 0x0 0x0 0x9 0x1 0x0 oops 2 10 [Ljava/lang/Object; 17 [Ljava/lang/Object; methods 0
ciMethodData org/springframework/core/ResolvableType forClass (Ljava/lang/Class;)Lorg/springframework/core/ResolvableType; 2 4856 orig 80 0 0 0 0 0 0 0 0 0 0 0 0 214 2 0 0 0 0 0 0 0 0 0 0 0 0 0 0 0 0 0 0 0 0 0 0 0 0 0 0 0 0 0 0 0 0 0 0 0 0 0 0 0 0 0 0 0 0 0 0 0 0 0 0 0 0 0 0 0 0 0 0 0 0 0 0 0 0 0 0 data 8 0x50002 0x11e9 0x0 0x0 0x0 0x9 0x1 0x0 oops 0 methods 0
ciMethodData org/springframework/core/ResolvableType <init> (Ljava/lang/Class;)V 2 6091 orig 80 0 0 0 0 0 0 0 0 0 0 0 0 214 2 0 0 0 0 0 0 0 0 0 0 0 0 0 0 0 0 0 0 0 0 0 0 0 0 0 0 0 0 0 0 0 0 0 0 0 0 0 0 0 0 0 0 0 0 0 0 0 0 0 0 0 0 0 0 0 0 0 0 0 0 0 0 0 0 0 0 data 19 0x10002 0x16bc 0x60007 0x0 0x38 0x16bc 0xa0003 0x16bc 0x18 0x0 0x0 0x0 0x0 0x0 0x0 0x9 0x2 0x1e 0x0 oops 0 methods 0
ciMethodData org/springframework/core/ResolvableType resolve (Ljava/lang/Class;)Ljava/lang/Class; 2 9279 orig 80 0 0 0 0 0 0 0 0 0 0 0 0 214 2 0 0 0 0 0 0 0 0 0 0 0 0 0 0 0 0 0 0 0 0 0 0 0 0 0 0 0 0 0 0 0 0 0 0 0 0 0 0 0 0 0 0 0 0 0 0 0 0 0 0 0 0 0 0 0 0 0 0 0 0 0 0 0 0 0 0 data 17 0x40007 0x0 0x38 0x22bf 0xb0003 0x22bf 0x18 0x0 0x0 0x0 0x0 0x0 0x0 0x9 0x2 0x0 0x0 oops 0 methods 0
ciMethodData ch/qos/logback/classic/LoggerContext getTurboFilterChainDecision_0_3OrMore (Lorg/slf4j/Marker;Lch/qos/logback/classic/Logger;Lch/qos/logback/classic/Level;Ljava/lang/String;[Ljava/lang/Object;Ljava/lang/Throwable;)Lch/qos/logback/core/spi/FilterReply; 2 5808 orig 80 1 0 0 0 0 0 0 0 0 0 0 0 214 2 0 0 0 0 0 0 0 0 0 0 0 0 0 0 0 0 0 0 0 0 0 0 0 0 0 0 0 0 0 0 0 0 0 0 0 0 0 0 0 0 0 0 0 0 0 0 0 0 0 0 0 0 0 0 0 0 0 0 0 0 0 0 0 0 0 0 data 33 0x40005 0x0 0x0 0x2d604383190 0x14ca 0x0 0x0 0x70007 0x1a6 0x20 0x1325 0x1b0005 0x1a6 0x0 0x0 0x0 0x0 0x0 0x0 0x0 0x0 0x0 0x0 0x0 0x9 0x7 0x0 0x0 0x0 0x0 0x0 0x0 0x0 oops 1 3 ch/qos/logback/classic/spi/TurboFilterList methods 0
ciMethodData ch/qos/logback/classic/spi/TurboFilterList getTurboFilterChainDecision (Lorg/slf4j/Marker;Lch/qos/logback/classic/Logger;Lch/qos/logback/classic/Level;Ljava/lang/String;[Ljava/lang/Object;Ljava/lang/Throwable;)Lch/qos/logback/core/spi/FilterReply; 1 722 orig 80 0 0 0 0 0 0 0 0 0 0 0 0 214 2 0 0 0 0 0 0 0 0 0 0 0 0 0 0 0 0 0 0 0 0 0 0 0 0 0 0 0 0 0 0 0 0 0 0 0 0 0 0 0 0 0 0 0 0 0 0 0 0 0 0 0 0 0 0 0 0 0 0 0 0 0 0 0 0 0 0 data 83 0x10005 0x0 0x0 0x2d604383190 0x1c9 0x0 0x0 0x90007 0x0 0xc8 0x1c9 0xe0005 0x0 0x0 0x2d604383190 0x1c9 0x0 0x0 0x110004 0x0 0x0 0x2d67c0ef4f0 0x1a6 0x2d67c0ef5a0 0x23 0x210005 0x0 0x0 0x2d67c0ef4f0 0x1a6 0x2d67c0ef5a0 0x23 0x2c0005 0x0 0x0 0x0 0x0 0x0 0x0 0x3d0007 0x0 0xe8 0x0 0x450004 0x0 0x0 0x0 0x0 0x0 0x0 0x550005 0x0 0x0 0x0 0x0 0x0 0x0 0x5f0007 0x0 0x40 0x0 0x670007 0x0 0x20 0x0 0x700003 0x0 0xffffffffffffff30 0x0 0x0 0x0 0x0 0x0 0x0 0x9 0x7 0x0 0x0 0x0 0x0 0x0 0x0 0x0 oops 6 3 ch/qos/logback/classic/spi/TurboFilterList 14 ch/qos/logback/classic/spi/TurboFilterList 21 org/springframework/boot/logging/logback/LogbackLoggingSystem$1 23 io/micrometer/core/instrument/binder/logging/MetricsTurboFilter 28 org/springframework/boot/logging/logback/LogbackLoggingSystem$1 30 io/micrometer/core/instrument/binder/logging/MetricsTurboFilter methods 0
ciMethodData ch/qos/logback/classic/Logger callTurboFilters (Lorg/slf4j/Marker;Lch/qos/logback/classic/Level;)Lch/qos/logback/core/spi/FilterReply; 2 6829 orig 80 1 0 0 0 0 0 0 0 0 0 0 0 214 2 0 0 0 0 0 0 0 0 0 0 0 0 0 0 0 0 0 0 0 0 0 0 0 0 0 0 0 0 0 0 0 0 0 0 0 0 0 0 0 0 0 0 0 0 0 0 0 0 0 0 0 0 0 0 0 0 0 0 0 0 0 0 0 0 0 0 data 18 0xa0005 0x18ce 0x0 0x0 0x0 0x0 0x0 0x0 0x0 0x0 0x0 0x0 0x0 0x9 0x3 0x0 0x0 0x0 oops 0 methods 0
ciMethodData ch/qos/logback/classic/Logger isTraceEnabled ()Z 2 5700 orig 80 0 0 0 0 0 0 0 0 0 0 0 0 214 2 0 0 0 0 0 0 0 0 0 0 0 0 0 0 0 0 0 0 0 0 0 0 0 0 0 0 0 0 0 0 0 0 0 0 0 0 0 0 0 0 0 0 0 0 0 0 0 0 0 0 0 0 0 0 0 0 0 0 0 0 0 0 0 0 0 0 data 16 0x20005 0x1520 0x0 0x0 0x0 0x0 0x0 0x0 0x0 0x0 0x0 0x0 0x0 0x9 0x1 0x0 oops 0 methods 0
ciMethodData ch/qos/logback/classic/Logger isTraceEnabled (Lorg/slf4j/Marker;)Z 2 5579 orig 80 2 0 0 0 0 0 0 0 0 0 0 0 214 2 0 0 0 0 0 0 0 0 0 0 0 0 0 0 0 0 0 0 0 0 0 0 0 0 0 0 0 0 0 0 0 0 0 0 0 0 0 0 0 0 0 0 0 0 0 0 0 0 0 0 0 0 0 0 0 0 0 0 0 0 0 0 0 0 0 0 data 46 0x50005 0x14a7 0x0 0x0 0x0 0x0 0x0 0xd0007 0x114 0x58 0x1393 0x170007 0x1393 0x38 0x0 0x1b0003 0x0 0x18 0x240007 0x0 0x20 0x114 0x2d0007 0x0 0x20 0x0 0x370002 0x0 0x3a000a 0x0 0x3 0x0 0x0 0x2d632c8be30 0x3f0002 0x0 0x0 0x0 0x0 0x0 0x0 0x0 0x9 0x2 0x0 0x0 oops 1 33 java/lang/String methods 0
ciMethodData org/apache/commons/logging/LogAdapter$Slf4jLog isTraceEnabled ()Z 2 5559 orig 80 2 0 0 0 0 0 0 0 0 0 0 0 214 2 0 0 0 0 0 0 0 0 0 0 0 0 0 0 0 0 0 0 0 0 0 0 0 0 0 0 0 0 0 0 0 0 0 0 0 0 0 0 0 0 0 0 0 0 0 0 0 0 0 0 0 0 0 0 0 0 0 0 0 0 0 0 0 0 0 0 data 16 0x40005 0x0 0x0 0x2d60437c7b0 0x14a3 0x0 0x0 0x0 0x0 0x0 0x0 0x0 0x0 0x9 0x1 0x0 oops 1 3 ch/qos/logback/classic/Logger methods 0
ciMethodData org/springframework/core/ResolvableType toClass ()Ljava/lang/Class; 2 8485 orig 80 0 0 0 0 0 0 0 0 0 0 0 0 214 2 0 0 0 0 0 0 0 0 0 0 0 0 0 0 0 0 0 0 0 0 0 0 0 0 0 0 0 0 0 0 0 0 0 0 0 0 0 0 0 0 0 0 0 0 0 0 0 0 0 0 0 0 0 0 0 0 0 0 0 0 0 0 0 0 0 0 data 16 0x30005 0x0 0x0 0x2d604279750 0x1f47 0x2d60427b8c0 0xc 0x0 0x0 0x0 0x0 0x0 0x0 0x9 0x1 0x0 oops 2 3 org/springframework/core/ResolvableType 5 org/springframework/core/ResolvableType$1 methods 0
ciMethod org/springframework/beans/factory/config/BeanDefinition getParentName ()Ljava/lang/String; 0 0 1 0 -1
ciMethod org/springframework/beans/factory/config/BeanDefinition getScope ()Ljava/lang/String; 0 0 1 0 -1
ciMethod org/springframework/beans/factory/config/BeanDefinition isSingleton ()Z 0 0 1 0 -1
ciMethod org/springframework/beans/factory/support/DefaultListableBeanFactory containsBeanDefinition (Ljava/lang/String;)Z 60 0 15284 0 1664
ciMethod org/springframework/beans/factory/support/DefaultListableBeanFactory getBeanDefinition (Ljava/lang/String;)Lorg/springframework/beans/factory/config/BeanDefinition; 122 0 5968 0 0
ciMethod org/springframework/beans/factory/support/AbstractAutowireCapableBeanFactory predictBeanType (Ljava/lang/String;Lorg/springframework/beans/factory/support/RootBeanDefinition;[Ljava/lang/Class;)Ljava/lang/Class; 468 0 21855 0 9888
ciMethod org/springframework/beans/factory/support/AbstractAutowireCapableBeanFactory determineTargetType (Ljava/lang/String;Lorg/springframework/beans/factory/support/RootBeanDefinition;[Ljava/lang/Class;)Ljava/lang/Class; 562 0 13586 0 -1
ciMethod org/springframework/beans/factory/support/AbstractAutowireCapableBeanFactory getTypeForFactoryBean (Ljava/lang/String;Lorg/springframework/beans/factory/support/RootBeanDefinition;Z)Lorg/springframework/core/ResolvableType; 2 0 1193 0 -1
ciMethod org/springframework/beans/factory/support/AbstractAutowireCapableBeanFactory getTypeForFactoryBeanFromMethod (Ljava/lang/Class;Ljava/lang/String;)Lorg/springframework/core/ResolvableType; 0 0 1 0 -1
ciMethod org/springframework/beans/factory/support/AbstractAutowireCapableBeanFactory getSingletonFactoryBeanForTypeCheck (Ljava/lang/String;Lorg/springframework/beans/factory/support/RootBeanDefinition;)Lorg/springframework/beans/factory/FactoryBean; 0 0 539 0 -1
ciMethod org/springframework/beans/factory/support/AbstractAutowireCapableBeanFactory getNonSingletonFactoryBeanForTypeCheck (Ljava/lang/String;Lorg/springframework/beans/factory/support/RootBeanDefinition;)Lorg/springframework/beans/factory/FactoryBean; 0 0 1 0 -1
ciMethod org/springframework/beans/factory/support/AbstractBeanFactory isTypeMatch (Ljava/lang/String;Lorg/springframework/core/ResolvableType;Z)Z 536 0 163988 0 -1
ciMethod org/springframework/beans/factory/support/AbstractBeanFactory getParentBeanFactory ()Lorg/springframework/beans/factory/BeanFactory; 304 0 152 0 0
ciMethod org/springframework/beans/factory/support/AbstractBeanFactory isCacheBeanMetadata ()Z 256 0 128 0 -1
ciMethod org/springframework/beans/factory/support/AbstractBeanFactory getBeanPostProcessorCache ()Lorg/springframework/beans/factory/support/AbstractBeanFactory$BeanPostProcessorCache; 524 6 11381 0 -1
ciMethod org/springframework/beans/factory/support/AbstractBeanFactory hasInstantiationAwareBeanPostProcessors ()Z 574 0 23464 0 -1
ciMethod org/springframework/beans/factory/support/AbstractBeanFactory getMergedBeanDefinition (Ljava/lang/String;)Lorg/springframework/beans/factory/config/BeanDefinition; 0 0 1504 1 -1
ciMethod org/springframework/beans/factory/support/AbstractBeanFactory transformedBeanName (Ljava/lang/String;)Ljava/lang/String; 554 0 159043 0 2016
ciMethod org/springframework/beans/factory/support/AbstractBeanFactory originalBeanName (Ljava/lang/String;)Ljava/lang/String; 0 0 1 0 -1
ciMethod org/springframework/beans/factory/support/AbstractBeanFactory getMergedLocalBeanDefinition (Ljava/lang/String;)Lorg/springframework/beans/factory/support/RootBeanDefinition; 264 0 20539 0 2112
ciMethod org/springframework/beans/factory/support/AbstractBeanFactory getMergedBeanDefinition (Ljava/lang/String;Lorg/springframework/beans/factory/config/BeanDefinition;)Lorg/springframework/beans/factory/support/RootBeanDefinition; 92 0 436 0 0
ciMethod org/springframework/beans/factory/support/AbstractBeanFactory getMergedBeanDefinition (Ljava/lang/String;Lorg/springframework/beans/factory/config/BeanDefinition;Lorg/springframework/beans/factory/config/BeanDefinition;)Lorg/springframework/beans/factory/support/RootBeanDefinition; 92 0 1475 0 0
ciMethod org/springframework/beans/factory/support/AbstractBeanFactory copyRelevantMergedBeanDefinitionCaches (Lorg/springframework/beans/factory/support/RootBeanDefinition;Lorg/springframework/beans/factory/support/RootBeanDefinition;)V 4 0 975 0 -1
ciMethod org/springframework/beans/factory/support/AbstractBeanFactory cacheMergedBeanDefinition (Lorg/springframework/beans/factory/support/RootBeanDefinition;Ljava/lang/String;)V 512 0 1470 0 -1
ciMethod org/springframework/beans/factory/support/AbstractBeanFactory predictBeanType (Ljava/lang/String;Lorg/springframework/beans/factory/support/RootBeanDefinition;[Ljava/lang/Class;)Ljava/lang/Class; 0 0 1 0 -1
ciMethod org/springframework/beans/factory/support/AbstractBeanFactory isFactoryBean (Ljava/lang/String;Lorg/springframework/beans/factory/support/RootBeanDefinition;)Z 506 0 6636 0 -1
ciMethod org/springframework/beans/factory/support/AbstractBeanFactory getTypeForFactoryBean (Ljava/lang/String;Lorg/springframework/beans/factory/support/RootBeanDefinition;Z)Lorg/springframework/core/ResolvableType; 0 0 1 0 -1
ciMethod org/springframework/beans/factory/support/AbstractBeanFactory isBeanEligibleForMetadataCaching (Ljava/lang/String;)Z 4 0 1091 0 -1
ciMethod org/springframework/beans/factory/support/AbstractBeanFactory containsBeanDefinition (Ljava/lang/String;)Z 0 0 1 0 -1
ciMethod org/springframework/beans/factory/support/AbstractBeanFactory getBeanDefinition (Ljava/lang/String;)Lorg/springframework/beans/factory/config/BeanDefinition; 0 0 1 0 -1
ciMethod org/springframework/beans/factory/support/FactoryBeanRegistrySupport getTypeForFactoryBean (Lorg/springframework/beans/factory/FactoryBean;)Ljava/lang/Class; 12 0 1924 0 0
ciMethod org/springframework/beans/factory/support/FactoryBeanRegistrySupport getTypeForFactoryBeanFromAttributes (Lorg/springframework/core/AttributeAccessor;)Lorg/springframework/core/ResolvableType; 512 0 1193 0 -1
ciMethod org/springframework/beans/factory/support/FactoryBeanRegistrySupport getFactoryBeanGeneric (Lorg/springframework/core/ResolvableType;)Lorg/springframework/core/ResolvableType; 514 0 1214 0 -1
ciMethod org/springframework/beans/factory/support/DefaultSingletonBeanRegistry getSingleton (Ljava/lang/String;Z)Ljava/lang/Object; 604 0 17491 0 4608
ciMethod org/springframework/beans/factory/support/DefaultSingletonBeanRegistry containsSingleton (Ljava/lang/String;)Z 520 0 180835 0 1632
ciMethod org/springframework/beans/factory/support/DefaultSingletonBeanRegistry isSingletonCurrentlyInCreation (Ljava/lang/String;)Z 170 0 12615 0 -1
ciMethod org/springframework/core/SimpleAliasRegistry canonicalName (Ljava/lang/String;)Ljava/lang/String; 518 0 159382 0 1760
ciMethod org/springframework/beans/factory/support/AbstractBeanDefinition overrideFrom (Lorg/springframework/beans/factory/config/BeanDefinition;)V 0 0 1 0 -1
ciMethod org/springframework/beans/factory/support/AbstractBeanDefinition getBeanClass ()Ljava/lang/Class; 512 0 4767 0 -1
ciMethod org/springframework/beans/factory/support/AbstractBeanDefinition hasBeanClass ()Z 512 0 85990 0 -1
ciMethod org/springframework/beans/factory/support/AbstractBeanDefinition setScope (Ljava/lang/String;)V 256 0 128 0 -1
ciMethod org/springframework/beans/factory/support/AbstractBeanDefinition getScope ()Ljava/lang/String; 262 0 131 0 -1
ciMethod org/springframework/beans/factory/support/AbstractBeanDefinition isSingleton ()Z 88 0 7431 0 -1
ciMethod org/springframework/beans/factory/support/AbstractBeanDefinition isLazyInit ()Z 128 0 43308 0 -1
ciMethod org/springframework/beans/factory/support/AbstractBeanDefinition getInstanceSupplier ()Ljava/util/function/Supplier; 258 0 129 0 -1
ciMethod org/springframework/beans/factory/support/AbstractBeanDefinition getFactoryBeanName ()Ljava/lang/String; 260 0 130 0 -1
ciMethod org/springframework/beans/factory/support/AbstractBeanDefinition getFactoryMethodName ()Ljava/lang/String; 258 0 129 0 -1
ciMethod org/springframework/beans/factory/support/AbstractBeanDefinition isSynthetic ()Z 262 0 131 0 -1
ciMethod org/springframework/beans/factory/support/RootBeanDefinition <init> (Lorg/springframework/beans/factory/config/BeanDefinition;)V 230 0 626 0 -1
ciMethod org/springframework/beans/factory/support/RootBeanDefinition getDecoratedDefinition ()Lorg/springframework/beans/factory/config/BeanDefinitionHolder; 256 0 128 0 0
ciMethod org/springframework/beans/factory/support/RootBeanDefinition getTargetType ()Ljava/lang/Class; 468 0 13721 0 128
ciMethod org/springframework/beans/factory/support/RootBeanDefinition cloneBeanDefinition ()Lorg/springframework/beans/factory/support/RootBeanDefinition; 150 0 75 0 -1
ciMethod org/springframework/beans/factory/ObjectFactory getObject ()Ljava/lang/Object; 0 0 1 0 -1
ciMethod org/springframework/beans/factory/config/BeanDefinitionHolder getBeanDefinition ()Lorg/springframework/beans/factory/config/BeanDefinition; 256 0 128 0 -1
ciMethod org/springframework/beans/factory/config/BeanDefinitionHolder getBeanName ()Ljava/lang/String; 256 0 128 0 -1
ciMethod org/springframework/beans/factory/config/SmartInstantiationAwareBeanPostProcessor predictBeanType (Ljava/lang/Class;Ljava/lang/String;)Ljava/lang/Class; 868 0 434 0 -1
ciMethod org/springframework/core/ResolvableType$WildcardBounds isSameKind (Lorg/springframework/core/ResolvableType$WildcardBounds;)Z 0 0 2 0 -1
ciMethod org/springframework/core/ResolvableType$WildcardBounds isAssignableFrom ([Lorg/springframework/core/ResolvableType;Ljava/util/Map;)Z 0 0 2 0 -1
ciMethod org/springframework/core/ResolvableType$WildcardBounds isAssignableFrom (Lorg/springframework/core/ResolvableType;Ljava/util/Map;)Z 8 8 13 0 -1
ciMethod org/springframework/core/ResolvableType$WildcardBounds isAssignableTo (Lorg/springframework/core/ResolvableType;Ljava/util/Map;)Z 0 0 1 0 -1
ciMethod org/springframework/core/ResolvableType$WildcardBounds equalsType (Lorg/springframework/core/ResolvableType;Ljava/util/Map;)Z 0 0 3 0 -1
ciMethod org/springframework/core/ResolvableType$WildcardBounds getBounds ()[Lorg/springframework/core/ResolvableType; 0 0 1 0 -1
ciMethod org/springframework/core/ResolvableType$WildcardBounds get (Lorg/springframework/core/ResolvableType;)Lorg/springframework/core/ResolvableType$WildcardBounds; 620 930 6786 0 -1
ciMethod org/springframework/beans/factory/BeanFactoryUtils isFactoryDereference (Ljava/lang/String;)Z 512 0 143431 0 192
ciMethod org/springframework/beans/factory/BeanFactoryUtils transformedBeanName (Ljava/lang/String;)Ljava/lang/String; 554 0 6489 0 256
ciMethod org/springframework/beans/factory/FactoryBean getObjectType ()Ljava/lang/Class; 0 0 1 0 -1
ciMethodData java/util/IdentityHashMap get (Ljava/lang/Object;)Ljava/lang/Object; 2 2674 orig 80 0 0 0 0 0 0 0 0 0 0 0 0 214 2 0 0 0 0 0 0 0 0 0 0 0 0 0 0 0 0 0 0 0 0 0 0 0 0 0 0 0 0 0 0 0 0 0 0 0 0 0 0 0 0 0 0 0 0 0 0 0 0 0 0 0 0 0 0 0 0 0 0 0 0 0 0 0 0 0 0 data 27 0x10002 0xa4b 0x110002 0xa4b 0x1f0007 0xeb 0x20 0x98c 0x2b0007 0x2c 0x20 0xbf 0x340002 0x2c 0x390003 0x2c 0xffffffffffffffb0 0x0 0x0 0x0 0x0 0x0 0x0 0x9 0x2 0x0 0x0 oops 0 methods 0
ciMethodData org/springframework/core/SimpleAliasRegistry canonicalName (Ljava/lang/String;)Ljava/lang/String; 2 159382 orig 80 0 0 0 0 0 0 0 0 0 0 0 0 214 2 0 0 0 0 0 0 0 0 0 0 0 0 0 0 0 0 0 0 0 0 0 0 0 2 0 0 0 0 0 0 0 0 0 0 0 0 0 0 0 0 0 0 0 0 0 0 0 0 0 0 0 0 0 0 0 0 0 0 0 0 0 0 0 0 0 0 data 32 0x70005 0x0 0x0 0x2d632c8f000 0x26d96 0x0 0x0 0xc0104 0x0 0x0 0x2d632c8be30 0x1 0x0 0x0 0x110007 0x26d95 0x20 0x3 0x170007 0x3 0xffffffffffffff70 0x26d95 0x800000020011000d 0x2d6008d3ef0 0x800000020011000d 0x2d6042795d0 0x0 0x0 0x9 0x2 0x0 0xffffffffffffffff oops 2 3 java/util/concurrent/ConcurrentHashMap 10 java/lang/String methods 2 23 org/springframework/beans/factory/support/AbstractBeanFactory transformedBeanName (Ljava/lang/String;)Ljava/lang/String; 25 org/springframework/beans/factory/support/AbstractBeanFactory isTypeMatch (Ljava/lang/String;Lorg/springframework/core/ResolvableType;Z)Z
ciMethodData org/springframework/beans/factory/BeanFactoryUtils transformedBeanName (Ljava/lang/String;)Ljava/lang/String; 2 6489 orig 80 0 0 0 0 0 0 0 0 0 0 0 0 214 2 0 0 0 0 0 0 0 0 0 0 0 0 0 0 0 0 0 0 0 0 0 0 0 0 0 0 0 0 0 0 0 0 0 0 0 0 0 0 0 0 0 0 0 0 0 0 0 0 0 0 0 0 0 0 0 0 0 0 0 0 0 0 0 0 0 0 data 51 0x30002 0x1844 0x70005 0x1844 0x0 0x0 0x0 0x0 0x0 0xa0007 0x0 0x78 0x1844 0xf0005 0x1844 0x0 0x0 0x0 0x0 0x0 0x140007 0x3f 0x20 0x1805 0x1d000a 0x3f 0x1 0x2d6046998b0 0x220005 0x0 0x0 0x2d632c8f000 0x3f 0x0 0x0 0x270004 0x0 0x0 0x2d632c8be30 0x3f 0x0 0x0 0x0 0x0 0x0 0x0 0x0 0x0 0x9 0x1 0xffffffffffffffff oops 3 27 org/springframework/beans/factory/BeanFactoryUtils$$Lambda$476+0x000002d637255630 31 java/util/concurrent/ConcurrentHashMap 38 java/lang/String methods 0
ciMethodData org/springframework/beans/factory/support/AbstractBeanFactory transformedBeanName (Ljava/lang/String;)Ljava/lang/String; 2 159043 orig 80 1 0 0 0 0 0 0 0 0 0 0 0 214 2 0 0 0 0 0 0 0 0 0 0 0 0 0 0 0 0 0 0 0 0 0 0 0 0 0 0 0 0 0 0 0 0 0 0 0 0 0 0 0 0 0 0 0 0 0 0 0 0 0 0 0 0 0 0 0 0 0 0 0 0 0 0 0 0 0 0 data 19 0x20002 0x26c2e 0x50005 0x0 0x0 0x2d60427b550 0x26c2e 0x0 0x0 0x0 0x0 0x0 0x0 0x0 0x0 0x9 0x2 0x0 0x0 oops 1 5 org/springframework/beans/factory/support/DefaultListableBeanFactory methods 0
ciMethodData org/springframework/beans/factory/support/DefaultSingletonBeanRegistry getSingleton (Ljava/lang/String;Z)Ljava/lang/Object; 2 17491 orig 80 2 0 0 0 0 0 0 0 0 0 0 0 214 2 0 0 0 1 0 0 0 0 0 0 0 0 0 0 0 0 0 0 0 0 0 0 0 0 0 1 0 0 0 0 0 0 0 0 0 0 0 0 0 0 0 0 0 0 0 0 0 0 0 0 0 0 0 0 0 0 0 0 0 0 0 0 0 0 0 0 data 152 0x50005 0x0 0x0 0x2d632c8f000 0x4325 0x0 0x0 0xc0007 0x1111 0x428 0x3214 0x110005 0x0 0x0 0x2d60427b550 0x3214 0x0 0x0 0x8000000600140007 0x3201 0x3d0 0x14 0x1c0005 0x0 0x0 0x2d632c8f000 0x14 0x0 0x0 0x230007 0x0 0x378 0x14 0x270007 0x14 0x358 0x0 0x2e0005 0x0 0x0 0x0 0x0 0x0 0x0 0x330007 0x0 0x20 0x0 0x3d0005 0x0 0x0 0x0 0x0 0x0 0x0 0x440007 0x0 0x220 0x0 0x4c0005 0x0 0x0 0x0 0x0 0x0 0x0 0x530007 0x0 0x1c8 0x0 0x5b0005 0x0 0x0 0x0 0x0 0x0 0x0 0x8000000100600104 0x0 0x0 0x0 0x0 0x0 0x0 0x670007 0x1 0x138 0x0 0x6c0005 0x0 0x0 0x0 0x0 0x0 0x0 0x770005 0x0 0x0 0x0 0x0 0x0 0x0 0x7c0007 0x0 0x70 0x0 0x850005 0x0 0x0 0x0 0x0 0x0 0x0 0x8b0003 0x0 0x50 0x930005 0x0 0x0 0x0 0x0 0x0 0x0 0x9d0005 0x0 0x0 0x2d6013cf940 0x1 0x0 0x0 0xa20003 0x1 0x50 0xab0005 0x0 0x0 0x0 0x0 0x0 0x0 0x0 0x0 0x0 0x0 0x0 0x0 0x0 0x9 0x3 0x0 0x0 0x0 oops 4 3 java/util/concurrent/ConcurrentHashMap 14 org/springframework/beans/factory/support/DefaultListableBeanFactory 25 java/util/concurrent/ConcurrentHashMap 126 java/util/concurrent/locks/ReentrantLock methods 0
ciMethodData org/springframework/beans/factory/BeanFactoryUtils isFactoryDereference (Ljava/lang/String;)Z 2 143431 orig 80 0 0 0 0 0 0 0 0 0 0 0 0 214 2 0 0 0 0 0 0 0 0 0 0 0 0 0 0 0 0 0 0 0 0 0 0 0 0 0 0 0 0 0 0 0 0 0 0 0 0 0 0 0 0 0 0 0 0 0 0 0 0 0 0 0 0 0 0 0 0 0 0 0 0 0 0 0 0 0 0 data 38 0x10007 0x0 0xe8 0x22f47 0x50005 0x22f47 0x0 0x0 0x0 0x0 0x0 0x80007 0x0 0x90 0x22f47 0xd0005 0x22f47 0x0 0x0 0x0 0x0 0x0 0x120007 0x22858 0x38 0x6ef 0x160003 0x6ef 0x18 0x0 0x0 0x0 0x0 0x0 0x0 0x9 0x1 0x0 oops 0 methods 0
ciMethodData org/springframework/beans/factory/support/DefaultSingletonBeanRegistry containsSingleton (Ljava/lang/String;)Z 2 180835 orig 80 0 0 0 0 0 0 0 0 0 0 0 0 214 2 0 0 0 0 0 0 0 0 0 0 0 0 0 0 0 0 0 0 0 0 0 0 0 0 0 0 0 0 0 0 0 0 0 0 0 0 0 0 0 0 0 0 0 0 0 0 0 0 0 0 0 0 0 0 0 0 0 0 0 0 0 0 0 0 0 0 data 17 0x50005 0x0 0x0 0x2d632c8f000 0x2c15f 0x0 0x0 0x0 0x0 0x0 0x0 0x0 0x0 0x9 0x2 0x0 0xffffffffffffffff oops 1 3 java/util/concurrent/ConcurrentHashMap methods 0
ciMethodData org/springframework/beans/factory/support/AbstractBeanFactory getMergedLocalBeanDefinition (Ljava/lang/String;)Lorg/springframework/beans/factory/support/RootBeanDefinition; 2 20539 orig 80 1 0 0 0 0 0 0 0 0 0 0 0 214 2 0 0 0 0 0 0 0 0 0 0 0 0 0 0 0 0 0 0 0 0 0 0 0 0 0 1 0 0 0 0 0 0 0 0 0 0 0 0 0 0 0 0 0 0 0 0 0 0 0 0 0 0 0 0 0 0 0 0 0 0 0 0 0 0 0 0 data 46 0x50005 0x0 0x0 0x2d632c8f000 0x4fb7 0x0 0x0 0xa0104 0x0 0x0 0x2d60427b970 0x28b3 0x2d60427ba20 0x2675 0xf0007 0x8f 0x40 0x4f28 0x8000000600160007 0x1 0x20 0x4f28 0x1f0005 0x0 0x0 0x2d60427b550 0x90 0x0 0x0 0x220005 0x0 0x0 0x2d60427b550 0x90 0x0 0x0 0x0 0x0 0x0 0x0 0x0 0x0 0x9 0x2 0xffffffffffffffff 0xffffffffffffffff oops 5 3 java/util/concurrent/ConcurrentHashMap 10 org/springframework/beans/factory/support/RootBeanDefinition 12 org/springframework/context/annotation/ConfigurationClassBeanDefinitionReader$ConfigurationClassBeanDefinition 25 org/springframework/beans/factory/support/DefaultListableBeanFactory 32 org/springframework/beans/factory/support/DefaultListableBeanFactory methods 0
ciMethodData org/springframework/beans/factory/support/DefaultListableBeanFactory containsBeanDefinition (Ljava/lang/String;)Z 2 15284 orig 80 0 0 0 0 0 0 0 0 0 0 0 0 214 2 0 0 0 0 0 0 0 0 0 0 0 0 0 0 0 0 0 0 0 0 0 0 0 0 0 0 0 0 0 0 0 0 0 0 0 0 0 0 0 0 0 0 0 0 0 0 0 0 0 0 0 0 0 0 0 0 0 0 0 0 0 0 0 0 0 0 data 19 0x30002 0x3b96 0xb0005 0x0 0x0 0x2d632c8f000 0x3b96 0x0 0x0 0x0 0x0 0x0 0x0 0x0 0x0 0x9 0x2 0x0 0xffffffffffffffff oops 1 5 java/util/concurrent/ConcurrentHashMap methods 0
ciMethodData org/springframework/util/ClassUtils isAssignable (Ljava/lang/Class;Ljava/lang/Class;)Z 2 5702 orig 80 1 0 0 0 0 0 0 0 0 0 0 0 214 2 0 0 0 1 0 0 0 0 0 0 0 0 0 0 0 0 0 0 0 0 0 0 0 0 0 0 0 0 0 0 0 0 0 0 0 0 0 0 0 0 0 0 0 0 0 0 0 0 0 0 0 0 0 0 0 0 0 0 0 0 0 0 0 0 0 0 data 100 0x30002 0x1518 0x90002 0x1518 0x80000001000e0005 0x1519 0x0 0x0 0x0 0x0 0x0 0x110007 0x14e9 0x20 0x30 0x170005 0x14e9 0x0 0x0 0x0 0x0 0x0 0x1a0007 0x14d6 0xc8 0x13 0x210005 0x0 0x0 0x2d604a95cd0 0x13 0x0 0x0 0x260004 0x0 0x0 0x2d632c8bec0 0x13 0x0 0x0 0x2c0007 0x0 0x38 0x13 0x300003 0x13 0x18 0x360005 0x14d6 0x0 0x0 0x0 0x0 0x0 0x390007 0x14d6 0x120 0x0 0x400005 0x0 0x0 0x0 0x0 0x0 0x0 0x450004 0x0 0x0 0x0 0x0 0x0 0x0 0x4a0007 0x0 0x90 0x0 0x4f0005 0x0 0x0 0x0 0x0 0x0 0x0 0x520007 0x0 0x38 0x0 0x560003 0x0 0x18 0x0 0x0 0x0 0x0 0x0 0x0 0x9 0x2 0xffffffffffffffff 0xffffffffffffffff oops 2 29 java/util/IdentityHashMap 36 java/lang/Class methods 0
ciMethodData org/springframework/beans/factory/support/DefaultListableBeanFactory getBeanDefinition (Ljava/lang/String;)Lorg/springframework/beans/factory/config/BeanDefinition; 2 5968 orig 80 0 0 0 0 0 0 0 0 0 0 0 0 214 2 0 0 0 0 0 0 0 0 0 0 0 0 0 0 0 0 0 0 0 0 0 0 0 0 0 0 0 0 0 0 0 0 0 0 0 0 0 0 0 0 0 0 0 0 0 0 0 0 0 0 0 0 0 0 0 0 0 0 0 0 0 0 0 0 0 0 data 58 0x50005 0x0 0x0 0x2d632c8f000 0x1713 0x0 0x0 0xa0104 0x0 0x0 0x2d6041c9380 0x999 0x2d60427ba20 0xc28 0xf0007 0x1711 0x110 0x2 0x160005 0x0 0x0 0x2d6041c9430 0x2 0x0 0x0 0x1b0007 0x2 0xa8 0x0 0x240002 0x0 0x27000a 0x0 0x5 0x0 0x0 0x1 0x0 0x2d632c8be30 0x2c0005 0x0 0x0 0x0 0x0 0x0 0x0 0x360002 0x2 0x0 0x0 0x0 0x0 0x0 0x0 0x9 0x2 0xffffffffffffffff 0xffffffffffffffff oops 5 3 java/util/concurrent/ConcurrentHashMap 10 org/springframework/beans/factory/annotation/AnnotatedGenericBeanDefinition 12 org/springframework/context/annotation/ConfigurationClassBeanDefinitionReader$ConfigurationClassBeanDefinition 21 org/apache/commons/logging/LogAdapter$Slf4jLocationAwareLog 38 java/lang/String methods 0
ciMethodData org/springframework/beans/factory/support/AbstractBeanFactory getMergedBeanDefinition (Ljava/lang/String;Lorg/springframework/beans/factory/config/BeanDefinition;)Lorg/springframework/beans/factory/support/RootBeanDefinition; 1 436 orig 80 0 0 0 0 0 0 0 0 0 0 0 0 214 2 0 0 0 0 0 0 0 0 0 0 0 0 0 0 0 0 0 0 0 0 0 0 0 0 0 0 0 0 0 0 0 0 0 0 0 0 0 0 0 0 0 0 0 0 0 0 0 0 0 0 0 0 0 0 0 0 0 0 0 0 0 0 0 0 0 0 data 18 0x40005 0x0 0x0 0x2d60427b550 0x186 0x0 0x0 0x0 0x0 0x0 0x0 0x0 0x0 0x9 0x3 0xffffffffffffffff 0xffffffffffffffff 0xffffffffffffffff oops 1 3 org/springframework/beans/factory/support/DefaultListableBeanFactory methods 0
ciMethodData org/springframework/beans/factory/support/AbstractBeanFactory getMergedBeanDefinition (Ljava/lang/String;Lorg/springframework/beans/factory/config/BeanDefinition;Lorg/springframework/beans/factory/config/BeanDefinition;)Lorg/springframework/beans/factory/support/RootBeanDefinition; 2 1475 orig 80 0 0 0 0 0 0 0 0 0 0 0 0 214 2 0 0 0 0 0 0 0 0 0 0 0 0 0 0 0 0 0 0 0 0 0 0 0 0 0 0 0 0 0 0 0 0 0 0 0 0 0 0 0 0 0 0 0 0 0 0 0 0 0 0 0 0 0 0 0 0 0 0 0 0 0 0 0 0 0 0 data 301 0xf0007 0x5 0x90 0x590 0x170005 0x0 0x0 0x2d632c8f000 0x590 0x0 0x0 0x1c0104 0x0 0x0 0x2d60427b970 0x1cc 0x2d60427ba20 0x201 0x230007 0x1c8 0x40 0x3cd 0x2b0007 0x0 0x7f8 0x3cd 0x330005 0x4e 0x0 0x2d6041c9380 0x255 0x2d60427ba20 0x2f2 0x380007 0x0 0x128 0x595 0x3c0004 0xfffffffffffffd9d 0x0 0x2d6041c9380 0x65 0x2d60427ba20 0x2f2 0x3f0007 0x263 0xa8 0x332 0x430004 0x0 0x0 0x2d60427ba20 0x2f2 0x2d60427b970 0x40 0x4a0005 0x0 0x0 0x2d60427ba20 0x2f2 0x2d60427b970 0x40 0x4f0003 0x332 0x3d0 0x570002 0x263 0x5c0003 0x263 0x3a8 0x610005 0x0 0x0 0x0 0x0 0x0 0x0 0x660005 0x0 0x0 0x0 0x0 0x0 0x0 0x6e0005 0x0 0x0 0x0 0x0 0x0 0x0 0x710007 0x0 0x70 0x0 0x770005 0x0 0x0 0x0 0x0 0x0 0x0 0x7c0003 0x0 0x180 0x800005 0x0 0x0 0x0 0x0 0x0 0x0 0x870004 0x0 0x0 0x0 0x0 0x0 0x0 0x8a0007 0x0 0xa8 0x0 0x8f0004 0x0 0x0 0x0 0x0 0x0 0x0 0x980005 0x0 0x0 0x0 0x0 0x0 0x0 0x9f0003 0x0 0x68 0xab000a 0x0 0x5 0x0 0x0 0x1 0x0 0x2d632c8be30 0xb00002 0x0 0xb40003 0x0 0xc8 0xbe0005 0x0 0x0 0x0 0x0 0x0 0x0 0xc50005 0x0 0x0 0x0 0x0 0x0 0x0 0xca000a 0x0 0x3 0x0 0x0 0x2d632c8be30 0xd10002 0x0 0xdb0002 0x0 0xe30005 0x0 0x0 0x0 0x0 0x0 0x0 0xe80005 0x0 0x0 0x2d60427b970 0x2a3 0x2d60427ba20 0x2f2 0xeb0002 0x595 0xee0007 0x26e 0x58 0x327 0xf60005 0x0 0x0 0x2d60427ba20 0x2e7 0x2d60427b970 0x40 0xfa0007 0x590 0x140 0x5 0xfe0005 0x0 0x0 0x2d60427b970 0x5 0x0 0x0 0x1030007 0x5 0xe8 0x0 0x1080005 0x0 0x0 0x0 0x0 0x0 0x0 0x10b0007 0x0 0x90 0x0 0x1110005 0x0 0x0 0x0 0x0 0x0 0x0 0x1160005 0x0 0x0 0x0 0x0 0x0 0x0 0x11a0007 0x5 0x108 0x590 0x11e0005 0x0 0x0 0x2d60427b550 0x590 0x0 0x0 0x1210007 0x590 0x78 0x0 0x1260005 0x0 0x0 0x0 0x0 0x0 0x0 0x1290007 0x0 0x58 0x0 0x1300005 0x0 0x0 0x2d60427b550 0x590 0x0 0x0 0x1350007 0x1c8 0x58 0x3cd 0x13d0005 0x3cd 0x0 0x0 0x0 0x0 0x0 0x0 0x0 0x0 0x0 0x0 0x0 0x0 0x9 0x4 0x0 0x0 0x0 0x0 oops 20 7 java/util/concurrent/ConcurrentHashMap 14 org/springframework/beans/factory/support/RootBeanDefinition 16 org/springframework/context/annotation/ConfigurationClassBeanDefinitionReader$ConfigurationClassBeanDefinition 29 org/springframework/beans/factory/annotation/AnnotatedGenericBeanDefinition 31 org/springframework/context/annotation/ConfigurationClassBeanDefinitionReader$ConfigurationClassBeanDefinition 40 org/springframework/beans/factory/annotation/AnnotatedGenericBeanDefinition 42 org/springframework/context/annotation/ConfigurationClassBeanDefinitionReader$ConfigurationClassBeanDefinition 51 org/springframework/context/annotation/ConfigurationClassBeanDefinitionReader$ConfigurationClassBeanDefinition 53 org/springframework/beans/factory/support/RootBeanDefinition 58 org/springframework/context/annotation/ConfigurationClassBeanDefinitionReader$ConfigurationClassBeanDefinition 60 org/springframework/beans/factory/support/RootBeanDefinition 147 java/lang/String 172 java/lang/String 187 org/springframework/beans/factory/support/RootBeanDefinition 189 org/springframework/context/annotation/ConfigurationClassBeanDefinitionReader$ConfigurationClassBeanDefinition 200 org/springframework/context/annotation/ConfigurationClassBeanDefinitionReader$ConfigurationClassBeanDefinition 202 org/springframework/beans/factory/support/RootBeanDefinition 211 org/springframework/beans/factory/support/RootBeanDefinition 251 org/springframework/beans/factory/support/DefaultListableBeanFactory 273 org/springframework/beans/factory/support/DefaultListableBeanFactory methods 0
ciMethodData org/springframework/beans/factory/support/FactoryBeanRegistrySupport getTypeForFactoryBean (Lorg/springframework/beans/factory/FactoryBean;)Ljava/lang/Class; 2 1924 orig 80 0 0 0 0 0 0 0 0 0 0 0 0 214 2 0 0 0 0 0 0 0 0 0 0 0 0 0 0 0 0 0 0 0 0 0 0 0 0 0 0 0 0 0 0 0 0 0 0 0 0 0 0 0 0 0 0 0 0 0 0 0 0 0 0 0 0 0 0 0 0 0 0 0 0 0 0 0 0 0 0 data 24 0x10005 0x4d6 0x0 0x2d60427b760 0x1e1 0x2d60427b810 0xc7 0xf0005 0x0 0x0 0x0 0x0 0x0 0x0 0x0 0x0 0x0 0x0 0x0 0x0 0x9 0x2 0xffffffffffffffff 0xffffffffffffffff oops 2 3 org/springframework/boot/autoconfigure/SharedMetadataReaderFactoryContextInitializer$SharedMetadataReaderFactoryBean 5 org/springframework/boot/context/properties/ConfigurationPropertiesBinder$ConfigurationPropertiesBinderFactory methods 0
ciMethodData org/springframework/core/ResolvableType hasGenerics ()Z 2 31456 orig 80 0 0 0 0 0 0 0 0 0 0 0 0 214 2 0 0 0 0 0 0 0 0 0 0 0 0 0 0 0 0 0 0 0 0 0 0 0 0 0 0 0 0 0 0 0 0 0 0 0 0 0 0 0 0 0 0 0 0 0 0 0 0 0 0 0 0 0 0 0 0 0 0 0 0 0 0 0 0 0 0 data 23 0x10005 0x0 0x0 0x2d60427b8c0 0x7669 0x2d604279750 0x3af 0x50007 0x789d 0x38 0x17b 0x90003 0x17b 0x18 0x0 0x0 0x0 0x0 0x0 0x0 0x9 0x1 0xffffffffffffffff oops 2 3 org/springframework/core/ResolvableType$1 5 org/springframework/core/ResolvableType methods 0
ciMethodData org/springframework/core/ResolvableType getGeneric ([I)Lorg/springframework/core/ResolvableType; 2 1210 orig 80 0 0 0 0 0 0 0 0 0 0 0 0 214 2 0 0 0 0 0 0 0 0 0 0 0 0 0 0 0 0 0 0 0 0 0 0 0 0 0 0 0 0 0 0 0 0 0 0 0 0 0 0 0 0 0 0 0 0 0 0 0 0 0 0 0 0 0 0 0 0 0 0 0 0 0 0 0 0 0 0 data 54 0x10005 0x0 0x0 0x2d604279750 0x41d 0x0 0x0 0x60007 0x0 0x40 0x41d 0xb0007 0x8a 0x58 0x393 0x100007 0x38a 0x38 0x9 0x160003 0x9 0x18 0x2e0007 0x8a 0xb0 0x8a 0x390005 0x0 0x0 0x2d604279750 0x8a 0x0 0x0 0x3f0007 0x0 0x40 0x8a 0x460007 0x8a 0x20 0x0 0x550003 0x8a 0xffffffffffffff68 0x0 0x0 0x0 0x0 0x0 0x0 0x9 0x2 0xffffffffffffffff 0x0 oops 2 3 org/springframework/core/ResolvableType 29 org/springframework/core/ResolvableType methods 0
ciMethodData org/springframework/beans/factory/support/AbstractBeanFactory isTypeMatch (Ljava/lang/String;Lorg/springframework/core/ResolvableType;Z)Z 2 163988 orig 80 9 0 0 0 0 0 0 0 0 0 0 0 214 2 0 0 0 0 0 0 4 0 0 0 0 0 0 0 0 0 0 0 0 0 0 0 0 0 0 5 0 0 0 0 0 0 0 0 0 0 0 0 0 0 0 0 0 0 0 0 0 0 0 0 0 0 0 0 0 0 0 0 0 0 0 0 0 0 0 0 data 658 0x20005 0x0 0x0 0x2d60427b550 0x27f88 0x0 0x0 0x80002 0x27f89 0x110005 0x0 0x0 0x2d60427b550 0x27f89 0x0 0x0 0x180007 0x1d6bc 0x950 0xa8cd 0x1d0005 0xa8cd 0x0 0x0 0x0 0x0 0x0 0x8000000600230007 0x8e 0x8f8 0xa840 0x280004 0xffffffffffff6193 0x0 0x2d60427b600 0x4a 0x2d60427b6b0 0x42 0x2b0007 0x9e6d 0x500 0x9d3 0x8000000400300004 0x0 0x0 0x2d60427b760 0x31f 0x2d60427b810 0x175 0x370007 0x4e6 0x4c8 0x4f1 0x3d0005 0x0 0x0 0x2d60427b550 0x4f1 0x0 0x0 0x440007 0x4f1 0x20 0x0 0x4c0005 0x0 0x0 0x2d60427b8c0 0x4dd 0x2d604279750 0x14 0x80000006004f0007 0x4e6 0x20 0xc 0x550005 0x0 0x0 0x2d60427b8c0 0x4d2 0x2d604279750 0x14 0x580007 0x4d8 0x3a0 0xe 0x5e0005 0x0 0x0 0x2d60427b550 0xe 0x0 0x0 0x610007 0x0 0x348 0xe 0x670005 0x0 0x0 0x2d60427b550 0xe 0x0 0x0 0x750007 0x9 0x20 0x5 0x810007 0x9 0x20 0x5 0x880005 0x0 0x0 0x2d604279750 0x9 0x0 0x0 0x8f0007 0x0 0x240 0x9 0x970005 0x9 0x0 0x0 0x0 0x0 0x0 0x9a0007 0x0 0x1e8 0x9 0x9e0005 0x0 0x0 0x2d604279750 0x9 0x0 0x0 0xa50007 0x0 0x178 0x9 0xad0005 0x9 0x0 0x0 0x0 0x0 0x0 0xb00007 0x0 0x120 0x9 0xb70005 0x0 0x0 0x2d604279750 0x9 0x0 0x0 0xba0005 0x9 0x0 0x0 0x0 0x0 0x0 0xbd0007 0x0 0x90 0x9 0xc60005 0x0 0x0 0x2d604279750 0x9 0x0 0x0 0xc90005 0x0 0x0 0x2d604279750 0x9 0x0 0x0 0xcd0003 0x0 0x50 0xd30005 0x0 0x0 0x0 0x0 0x0 0x0 0xdb0007 0x9e6d 0x20 0x0 0xe30005 0x0 0x0 0x2d60427b8c0 0xa1ce 0x2d604279750 0x185 0x8000000600e60007 0xa1a4 0x20 0x1b0 0xec0005 0x0 0x0 0x2d60427b8c0 0xa01f 0x2d604279750 0x185 0xef0007 0xa082 0x2f0 0x122 0xf50005 0x0 0x0 0x2d60427b550 0x122 0x0 0x0 0xf80007 0x6a 0x298 0xb8 0xfe0005 0x0 0x0 0x2d60427b550 0xb8 0x0 0x0 0x1050005 0x0 0x0 0x2d60427b970 0x63 0x2d60427ba20 0x55 0x10c0007 0x0 0x158 0xb8 0x1130002 0xb8 0x1160007 0xb7 0x128 0x1 0x11a0005 0x0 0x0 0x2d604279750 0x1 0x0 0x0 0x1210007 0x0 0x78 0x1 0x1280005 0x1 0x0 0x0 0x0 0x0 0x0 0x12b0007 0x0 0x20 0x1 0x1330005 0x0 0x0 0x0 0x0 0x0 0x0 0x1360007 0x0 0x20 0x0 0x1440007 0xc 0x20 0xab 0x1500007 0x59 0x90 0x5e 0x1560005 0x0 0x0 0x2d604279750 0x5e 0x0 0x0 0x1590007 0x5e 0x38 0x0 0x15d0003 0x0 0x18 0x1670005 0x0 0x0 0x2d60427b550 0x1d74a 0x0 0x0 0x16a0007 0x1d6bc 0x78 0x8e 0x1700005 0x0 0x0 0x2d60427b550 0x8e 0x0 0x0 0x1730007 0x8e 0x20 0x0 0x1790005 0x0 0x0 0x2d60427b550 0x1d74a 0x0 0x0 0x1800007 0x1d74a 0xe8 0x0 0x1860005 0x0 0x0 0x0 0x0 0x0 0x0 0x1890007 0x0 0x90 0x0 0x1900005 0x0 0x0 0x0 0x0 0x0 0x0 0x1940005 0x0 0x0 0x0 0x0 0x0 0x0 0x19d0005 0x0 0x0 0x2d60427b550 0x1d74a 0x0 0x0 0x1a40005 0x0 0x0 0x2d60427ba20 0xff42 0x2d60427b970 0xd808 0x1aa0005 0x0 0x0 0x2d60427b8c0 0x1c837 0x2d604279750 0xf13 0x1b10007 0x1ce3b 0x20 0x90f 0x1be0007 0x1ce3b 0x70 0x90f 0x1c90004 0x0 0x0 0x2d632c8bec0 0x90f 0x0 0x0 0x1ca0003 0x90f 0x88 0x1d60004 0x0 0x0 0x2d632c8bec0 0x1ce3b 0x0 0x0 0x1db0004 0x0 0x0 0x2d632c8bec0 0x1ce3b 0x0 0x0 0x1e30007 0x3a1 0x2a0 0x1d3a9 0x1e80007 0x1d3a9 0x280 0x0 0x1f00005 0x0 0x0 0x0 0x0 0x0 0x0 0x1f30007 0x0 0x228 0x0 0x1f80005 0x0 0x0 0x0 0x0 0x0 0x0 0x1fb0007 0x0 0x40 0x0 0x1ff0007 0x0 0x1b0 0x0 0x2050005 0x0 0x0 0x0 0x0 0x0 0x0 0x20a0005 0x0 0x0 0x0 0x0 0x0 0x0 0x20f0005 0x0 0x0 0x0 0x0 0x0 0x0 0x2170005 0x0 0x0 0x0 0x0 0x0 0x0 0x21e0005 0x0 0x0 0x0 0x0 0x0 0x0 0x2250007 0x0 0x78 0x0 0x22d0005 0x0 0x0 0x0 0x0 0x0 0x0 0x2300007 0x0 0x20 0x0 0x2390007 0x0 0x78 0x1d74a 0x2430005 0x0 0x0 0x2d60427b550 0x1d74a 0x0 0x0 0x24a0007 0x1d74a 0x20 0x0 0x2570005 0x1d74a 0x0 0x0 0x0 0x0 0x0 0x25a0007 0x1d026 0xf0 0x724 0x25f0007 0x0 0x1d8 0x724 0x2640007 0x3a1 0x1b8 0x383 0x26d0005 0x0 0x0 0x2d60427b550 0x383 0x0 0x0 0x2740005 0x0 0x0 0x2d604279750 0x383 0x0 0x0 0x27b0007 0x383 0x128 0x0 0x2820007 0x1d026 0x108 0x0 0x2930004 0x0 0x0 0x0 0x0 0x0 0x0 0x2940005 0x0 0x0 0x0 0x0 0x0 0x0 0x29b0007 0x0 0x78 0x0 0x2a30005 0x0 0x0 0x0 0x0 0x0 0x0 0x2a60007 0x0 0x20 0x0 0x2ad0007 0x383 0xb8 0x1d3c7 0x8000000602b90007 0x24f 0x20 0x1d179 0x2c50007 0xd0a3 0x78 0x10325 0x2ca0005 0x0 0x0 0x2d604279750 0x10325 0x0 0x0 0x8000000602cf0007 0x15 0x20 0x10311 0x2d80007 0xd0b8 0x58 0x10694 0x2de0005 0x0 0x0 0x2d60427b8c0 0xfdfb 0x2d604279750 0x899 0x2e50005 0x0 0x0 0x2d60427b8c0 0xca3e 0x2d604279750 0x67a 0x0 0x0 0x0 0x0 0x0 0x0 0x0 0x0 0x0 0x0 0x0 0x0 0x0 0x0 0x0 0x0 0x0 0x9 0x4 0x0 0x0 0x0 0x0 oops 47 3 org/springframework/beans/factory/support/DefaultListableBeanFactory 12 org/springframework/beans/factory/support/DefaultListableBeanFactory 34 org/springframework/boot/context/ContextIdApplicationContextInitializer$ContextId 36 org/springframework/boot/autoconfigure/condition/ConditionEvaluationReport 45 org/springframework/boot/autoconfigure/SharedMetadataReaderFactoryContextInitializer$SharedMetadataReaderFactoryBean 47 org/springframework/boot/context/properties/ConfigurationPropertiesBinder$ConfigurationPropertiesBinderFactory 56 org/springframework/beans/factory/support/DefaultListableBeanFactory 67 org/springframework/core/ResolvableType$1 69 org/springframework/core/ResolvableType 78 org/springframework/core/ResolvableType$1 80 org/springframework/core/ResolvableType 89 org/springframework/beans/factory/support/DefaultListableBeanFactory 100 org/springframework/beans/factory/support/DefaultListableBeanFactory 115 org/springframework/core/ResolvableType 137 org/springframework/core/ResolvableType 159 org/springframework/core/ResolvableType 177 org/springframework/core/ResolvableType 184 org/springframework/core/ResolvableType 205 org/springframework/core/ResolvableType$1 207 org/springframework/core/ResolvableType 216 org/springframework/core/ResolvableType$1 218 org/springframework/core/ResolvableType 227 org/springframework/beans/factory/support/DefaultListableBeanFactory 238 org/springframework/beans/factory/support/DefaultListableBeanFactory 245 org/springframework/beans/factory/support/RootBeanDefinition 247 org/springframework/context/annotation/ConfigurationClassBeanDefinitionReader$ConfigurationClassBeanDefinition 262 org/springframework/core/ResolvableType 303 org/springframework/core/ResolvableType 317 org/springframework/beans/factory/support/DefaultListableBeanFactory 328 org/springframework/beans/factory/support/DefaultListableBeanFactory 339 org/springframework/beans/factory/support/DefaultListableBeanFactory 375 org/springframework/beans/factory/support/DefaultListableBeanFactory 382 org/springframework/context/annotation/ConfigurationClassBeanDefinitionReader$ConfigurationClassBeanDefinition 384 org/springframework/beans/factory/support/RootBeanDefinition 389 org/springframework/core/ResolvableType$1 391 org/springframework/core/ResolvableType 404 java/lang/Class 414 java/lang/Class 421 java/lang/Class 516 org/springframework/beans/factory/support/DefaultListableBeanFactory 546 org/springframework/beans/factory/support/DefaultListableBeanFactory 553 org/springframework/core/ResolvableType 609 org/springframework/core/ResolvableType 624 org/springframework/core/ResolvableType$1 626 org/springframework/core/ResolvableType 631 org/springframework/core/ResolvableType$1 633 org/springframework/core/ResolvableType methods 0
ciMethodData org/springframework/core/ResolvableType isInstance (Ljava/lang/Object;)Z 2 29841 orig 80 0 0 0 0 0 0 0 0 0 0 0 0 214 2 0 0 0 0 0 0 0 0 0 0 0 0 0 0 0 0 0 0 0 0 0 0 0 0 0 0 0 0 0 0 0 0 0 0 0 0 0 0 0 0 0 0 0 0 0 0 0 0 0 0 0 0 0 0 0 0 0 0 0 0 0 0 0 0 0 0 data 35 0x10007 0x0 0xc8 0x7423 0x60005 0x7423 0x0 0x0 0x0 0x0 0x0 0x90005 0x0 0x0 0x2d60427b8c0 0x729c 0x2d604279750 0x187 0xc0007 0x72b3 0x38 0x170 0x100003 0x170 0x18 0x0 0x0 0x0 0x0 0x0 0x0 0x9 0x2 0xffffffffffffffff 0x0 oops 2 14 org/springframework/core/ResolvableType$1 16 org/springframework/core/ResolvableType methods 0
ciMethodData org/springframework/beans/factory/support/RootBeanDefinition getTargetType ()Ljava/lang/Class; 2 13721 orig 80 0 0 0 0 0 0 0 0 0 0 0 0 214 2 0 0 0 0 0 0 0 0 0 0 0 0 0 0 0 0 0 0 0 0 0 0 0 0 0 1 0 0 0 0 0 0 0 0 0 0 0 0 0 0 0 0 0 0 0 0 0 0 0 0 0 0 0 0 0 0 0 0 0 0 0 0 0 0 0 0 data 27 0x40007 0xde 0x20 0x33d1 0x8000000600120007 0x94 0x70 0x4b 0x160005 0x0 0x0 0x2d604279750 0x4b 0x0 0x0 0x190003 0x4b 0x18 0x0 0x0 0x0 0x0 0x0 0x0 0x9 0x1 0x0 oops 1 11 org/springframework/core/ResolvableType methods 0
ciMethodData org/springframework/util/ClassUtils getUserClass (Ljava/lang/Object;)Ljava/lang/Class; 1 802 orig 80 0 0 0 0 0 0 0 0 0 0 0 0 214 2 0 0 0 0 0 0 0 0 0 0 0 0 0 0 0 0 0 0 0 0 0 0 0 0 0 0 0 0 0 0 0 0 0 0 0 0 0 0 0 0 0 0 0 0 0 0 0 0 0 0 0 0 0 0 0 0 0 0 0 0 0 0 0 0 0 0 data 20 0x40002 0x322 0x80005 0x322 0x0 0x0 0x0 0x0 0x0 0xb0002 0x322 0x0 0x0 0x0 0x0 0x0 0x0 0x9 0x1 0x0 oops 0 methods 0
ciMethodData org/springframework/util/ClassUtils getUserClass (Ljava/lang/Class;)Ljava/lang/Class; 2 16163 orig 80 0 0 0 0 0 0 0 0 0 0 0 0 214 2 0 0 0 0 0 0 0 0 0 0 0 0 0 0 0 0 0 0 0 0 0 0 0 0 0 0 0 0 0 0 0 0 0 0 0 0 0 0 0 0 0 0 0 0 0 0 0 0 0 0 0 0 0 0 0 0 0 0 0 0 0 0 0 0 0 0 data 42 0x10005 0x3ebb 0x0 0x0 0x0 0x0 0x0 0x70005 0x3ebb 0x0 0x0 0x0 0x0 0x0 0xa0007 0x3e73 0x98 0x48 0xe0005 0x48 0x0 0x0 0x0 0x0 0x0 0x130007 0x0 0x40 0x48 0x190007 0x26 0x20 0x22 0x0 0x0 0x0 0x0 0x0 0x0 0x9 0x1 0x0 oops 0 methods 0
ciMethodData org/springframework/beans/factory/support/AbstractAutowireCapableBeanFactory predictBeanType (Ljava/lang/String;Lorg/springframework/beans/factory/support/RootBeanDefinition;[Ljava/lang/Class;)Ljava/lang/Class; 2 21855 orig 80 2 0 0 0 0 0 0 0 0 0 0 0 214 2 0 0 0 0 0 0 0 0 0 0 0 0 0 0 0 0 0 0 0 0 0 0 0 0 0 0 0 0 0 0 0 0 0 0 0 0 0 0 0 0 0 0 0 0 0 0 0 0 0 0 0 0 0 0 0 0 0 0 0 0 0 0 0 0 0 0 data 124 0x40005 0x0 0x0 0x2d60427b550 0x5475 0x0 0x0 0xb0007 0x0 0x348 0x5476 0xf0005 0x0 0x0 0x2d60427b970 0x27f9 0x2d60427ba20 0x2c7d 0x120007 0x99 0x2f0 0x53dd 0x160005 0x0 0x0 0x2d60427b550 0x53dd 0x0 0x0 0x190007 0x3412 0x298 0x1fcc 0x1f0007 0x1fca 0x58 0x2 0x280007 0x0 0x38 0x2 0x2c0003 0x2 0x18 0x330005 0x0 0x0 0x2d60427b550 0x1fcc 0x0 0x0 0x390005 0x0 0x0 0x2d632c8f140 0x1fcc 0x0 0x0 0x420005 0x0 0x0 0x2d6013d2ed0 0x5178 0x0 0x0 0x470007 0x1fcc 0x178 0x31ac 0x4c0005 0x0 0x0 0x2d6013d2ed0 0x31ac 0x0 0x0 0x510004 0x0 0x0 0x2d6013d2f80 0x1090 0x2d6013d3030 0x108e 0x5b0005 0x108e 0x0 0x2d6013d2f80 0x1090 0x2d6013d3030 0x108e 0x640007 0x31ac 0x98 0x0 0x690007 0x0 0x78 0x0 0x710005 0x0 0x0 0x0 0x0 0x0 0x0 0x740007 0x0 0x20 0x0 0x7a0003 0x31ac 0xfffffffffffffe68 0x0 0x0 0x0 0x0 0x0 0x0 0x9 0x4 0xffffffffffffffff 0xffffffffffffffff 0xffffffffffffffff 0xffffffffffffffff oops 12 3 org/springframework/beans/factory/support/DefaultListableBeanFactory 14 org/springframework/beans/factory/support/RootBeanDefinition 16 org/springframework/context/annotation/ConfigurationClassBeanDefinitionReader$ConfigurationClassBeanDefinition 25 org/springframework/beans/factory/support/DefaultListableBeanFactory 47 org/springframework/beans/factory/support/DefaultListableBeanFactory 54 java/util/ArrayList 61 java/util/ArrayList$Itr 72 java/util/ArrayList$Itr 79 org/springframework/beans/factory/annotation/AutowiredAnnotationBeanPostProcessor 81 org/springframework/aop/framework/autoproxy/InfrastructureAdvisorAutoProxyCreator 86 org/springframework/beans/factory/annotation/AutowiredAnnotationBeanPostProcessor 88 org/springframework/aop/framework/autoproxy/InfrastructureAdvisorAutoProxyCreator methods 0
ciMethodData org/springframework/beans/factory/support/AbstractAutowireCapableBeanFactory getTypeForFactoryBean (Ljava/lang/String;Lorg/springframework/beans/factory/support/RootBeanDefinition;Z)Lorg/springframework/core/ResolvableType; 2 1193 orig 80 0 0 0 0 0 0 0 0 0 0 0 0 214 2 0 0 0 0 0 0 0 0 0 0 0 0 0 0 0 0 0 0 0 0 0 0 0 0 0 0 0 0 0 0 0 0 0 0 0 0 0 0 0 0 0 0 0 0 0 0 0 0 0 0 0 0 0 0 0 0 0 0 0 0 0 0 0 0 0 0 data 387 0x20005 0x0 0x0 0x2d60427b550 0x4a8 0x0 0x0 0xc0007 0x4a8 0x20 0x0 0x120003 0x4a8 0xa8 0x1c0005 0x0 0x0 0x0 0x0 0x0 0x0 0x220005 0x0 0x0 0x0 0x0 0x0 0x0 0x250002 0x0 0x280002 0x0 0x2d0005 0x0 0x0 0x2d60427b970 0x4a8 0x0 0x0 0x300007 0x4a8 0x1f8 0x0 0x380005 0x0 0x0 0x0 0x0 0x0 0x0 0x3f0005 0x0 0x0 0x0 0x0 0x0 0x0 0x420007 0x0 0x20 0x0 0x4a0005 0x0 0x0 0x0 0x0 0x0 0x0 0x4d0007 0x0 0x80 0x0 0x510005 0x0 0x0 0x0 0x0 0x0 0x0 0x540002 0x0 0x570003 0x0 0x18 0x5b0005 0x0 0x0 0x0 0x0 0x0 0x0 0x620005 0x0 0x0 0x0 0x0 0x0 0x0 0x650007 0x0 0x20 0x0 0x6c0005 0x0 0x0 0x2d60427b970 0x4a8 0x0 0x0 0x720005 0x0 0x0 0x2d60427b970 0x4a8 0x0 0x0 0x790007 0x4a8 0x328 0x0 0x7e0007 0x0 0x2b0 0x0 0x840005 0x0 0x0 0x0 0x0 0x0 0x0 0x8b0004 0x0 0x0 0x0 0x0 0x0 0x0 0x8e0007 0x0 0x100 0x0 0x930004 0x0 0x0 0x0 0x0 0x0 0x0 0x9a0005 0x0 0x0 0x0 0x0 0x0 0x0 0x9d0007 0x0 0x70 0x0 0xa20005 0x0 0x0 0x0 0x0 0x0 0x0 0xa70003 0x0 0x88 0xaf0005 0x0 0x0 0x0 0x0 0x0 0x0 0xbd0005 0x0 0x0 0x0 0x0 0x0 0x0 0xc40007 0x0 0xb0 0x0 0xcc0005 0x0 0x0 0x0 0x0 0x0 0x0 0xd30005 0x0 0x0 0x0 0x0 0x0 0x0 0xd60007 0x0 0x20 0x0 0xdf0005 0x0 0x0 0x0 0x0 0x0 0x0 0xe20007 0x0 0x20 0x0 0xea0007 0x28d 0x198 0x21b 0xee0005 0x0 0x0 0x2d60427b970 0x21b 0x0 0x0 0xf10007 0x0 0x70 0x21b 0xf70005 0x21b 0x0 0x0 0x0 0x0 0x0 0xfa0003 0x21b 0x50 0x1000005 0x0 0x0 0x0 0x0 0x0 0x0 0x1070007 0x21 0x98 0x1fa 0x10d0005 0x0 0x0 0x2d60427b550 0x1fa 0x0 0x0 0x1140007 0x0 0x30 0x1fa 0x1190002 0x1fa 0x1210002 0x0 0x1270007 0x0 0x108 0x2ae 0x12b0005 0x0 0x0 0x2d60427b970 0x2ae 0x0 0x0 0x12e0007 0x64 0xb0 0x24a 0x1330007 0x24a 0x90 0x0 0x1380005 0x0 0x0 0x0 0x0 0x0 0x0 0x13d0005 0x0 0x0 0x0 0x0 0x0 0x0 0x1420005 0x0 0x0 0x2d60427b970 0x2ae 0x0 0x0 0x1450007 0x0 0x1f8 0x2ae 0x14d0005 0x0 0x0 0x2d60427b550 0x2ae 0x0 0x0 0x1540005 0x0 0x0 0x2d604279750 0x2ae 0x0 0x0 0x1570007 0x20f 0x20 0x9f 0x15f0005 0x0 0x0 0x2d60427b970 0x20f 0x0 0x0 0x1620007 0x0 0x80 0x20f 0x1660005 0x0 0x0 0x2d60427b970 0x20f 0x0 0x0 0x1690002 0x20f 0x16c0003 0x20f 0x18 0x1700005 0x0 0x0 0x2d60427b550 0x20f 0x0 0x0 0x1770005 0x0 0x0 0x2d604279750 0x20f 0x0 0x0 0x17a0007 0x0 0x20 0x20f 0x0 0x0 0x0 0x0 0x0 0x0 0x0 0x0 0x0 0x0 0x9 0x4 0x0 0x0 0x0 0x0 oops 14 3 org/springframework/beans/factory/support/DefaultListableBeanFactory 35 org/springframework/beans/factory/support/RootBeanDefinition 105 org/springframework/beans/factory/support/RootBeanDefinition 112 org/springframework/beans/factory/support/RootBeanDefinition 224 org/springframework/beans/factory/support/RootBeanDefinition 256 org/springframework/beans/factory/support/DefaultListableBeanFactory 275 org/springframework/beans/factory/support/RootBeanDefinition 304 org/springframework/beans/factory/support/RootBeanDefinition 315 org/springframework/beans/factory/support/DefaultListableBeanFactory 322 org/springframework/core/ResolvableType 333 org/springframework/beans/factory/support/RootBeanDefinition 344 org/springframework/beans/factory/support/RootBeanDefinition 356 org/springframework/beans/factory/support/DefaultListableBeanFactory 363 org/springframework/core/ResolvableType methods 0
ciMethodData org/springframework/core/ResolvableType$1 isAssignableFrom (Ljava/lang/Class;)Z 2 10791 orig 80 1 0 0 0 0 0 0 0 0 0 0 0 214 2 0 0 0 0 0 0 0 0 0 0 0 0 0 0 0 0 0 0 0 0 0 0 0 0 0 1 0 0 0 0 0 0 0 0 0 0 0 0 0 0 0 0 0 0 0 0 0 0 0 0 0 0 0 0 0 0 0 0 0 0 0 0 0 0 0 0 data 23 0x40007 0x0 0x50 0x291a 0xc0002 0x291a 0x80000006000f0007 0x2919 0x38 0x2 0x130003 0x2 0x18 0x0 0x0 0x0 0x0 0x0 0x0 0x9 0x2 0x0 0xffffffffffffffff oops 0 methods 0
ciMethodData org/springframework/core/ResolvableType$1 isAssignableFrom (Lorg/springframework/core/ResolvableType;)Z 2 5486 orig 80 0 0 0 0 0 0 0 0 0 0 0 0 214 2 0 0 0 0 0 0 0 0 0 0 0 0 0 0 0 0 0 0 0 0 0 0 0 0 0 0 0 0 0 0 0 0 0 0 0 0 0 0 0 0 0 0 0 0 0 0 0 0 0 0 0 0 0 0 0 0 0 0 0 0 0 0 0 0 0 0 data 34 0x10005 0x0 0x0 0x2d604279750 0x145d 0x0 0x0 0x60007 0x0 0x88 0x145d 0xd0007 0x0 0x50 0x145d 0x150002 0x145d 0x180007 0x144e 0x38 0xf 0x1c0003 0xf 0x18 0x0 0x0 0x0 0x0 0x0 0x0 0x9 0x2 0x0 0x0 oops 1 3 org/springframework/core/ResolvableType methods 0
ciMethodData org/springframework/core/ResolvableType isAssignableFrom (Lorg/springframework/core/ResolvableType;ZLjava/util/Map;Z)Z 2 5946 orig 80 0 0 0 0 0 0 0 0 0 0 0 0 214 2 0 0 0 0 0 0 0 0 0 0 0 0 0 0 0 0 0 0 0 0 0 0 0 0 0 0 0 0 0 0 0 0 0 0 0 0 0 0 0 0 0 0 0 0 0 0 0 0 0 0 0 0 0 0 0 0 0 0 0 0 0 0 0 0 0 0 data 485 0x30002 0x15f5 0xa0007 0x979 0x40 0xc7c 0x110007 0xc75 0x20 0x7 0x170007 0xc40 0x78 0x35 0x1f0005 0x0 0x0 0x2d604a95cd0 0x35 0x0 0x0 0x280007 0x35 0x1c0 0x0 0x350004 0xfffffffffffff400 0x0 0x2d6020cfe70 0x126 0x2d632c8bec0 0x40 0x380007 0xc00 0x168 0x40 0x3d0004 0x0 0x0 0x2d632c8bec0 0x40 0x0 0x0 0x4a0004 0x0 0x0 0x2d632c8bec0 0x40 0x0 0x0 0x4d0007 0x0 0xd8 0x40 0x520004 0x0 0x0 0x2d632c8bec0 0x40 0x0 0x0 0x580007 0x40 0x70 0x0 0x5f0005 0x0 0x0 0x0 0x0 0x0 0x0 0x620003 0x0 0x28 0x690002 0x40 0x6f0007 0xc2c 0xd0 0x9 0x730005 0x9 0x0 0x0 0x0 0x0 0x0 0x760007 0x6 0x78 0x3 0x7a0005 0x3 0x0 0x0 0x0 0x0 0x0 0x7d0007 0x3 0x20 0x0 0x830005 0x0 0x0 0x2d604279750 0xc2f 0x0 0x0 0x860007 0xc2f 0x158 0x0 0x8a0005 0x0 0x0 0x0 0x0 0x0 0x0 0x8d0007 0x0 0x100 0x0 0x910005 0x0 0x0 0x0 0x0 0x0 0x0 0x950005 0x0 0x0 0x0 0x0 0x0 0x0 0x9c0005 0x0 0x0 0x0 0x0 0x0 0x0 0x9f0007 0x0 0x38 0x0 0xa30003 0x0 0x18 0xa90002 0xc2f 0xaf0002 0xc2f 0xb60007 0xc2c 0x260 0x3 0xbb0007 0x3 0x120 0x0 0xc20005 0x0 0x0 0x0 0x0 0x0 0x0 0xc50007 0x0 0xc8 0x0 0xcc0005 0x0 0x0 0x0 0x0 0x0 0x0 0xd00005 0x0 0x0 0x0 0x0 0x0 0x0 0xd30007 0x0 0x38 0x0 0xd70003 0x0 0x18 0xde0007 0x3 0x58 0x0 0xe50005 0x0 0x0 0x0 0x0 0x0 0x0 0xea0007 0x0 0xc8 0x3 0xee0007 0x0 0x70 0x3 0xf50005 0x0 0x0 0x2d602a92fb0 0x3 0x0 0x0 0xf80003 0x3 0x50 0xff0005 0x0 0x0 0x0 0x0 0x0 0x0 0x1070007 0xc29 0x58 0x3 0x10e0005 0x0 0x0 0x2d602a92fb0 0x3 0x0 0x0 0x1130007 0xc03 0x58 0x26 0x1170007 0x0 0x38 0x26 0x11b0003 0x26 0x18 0x12f0004 0xfffffffffffff3e0 0x0 0x2d6020cfe70 0x126 0x2d6013d48c0 0x9 0x1320007 0xc20 0x1f8 0x9 0x1370004 0x0 0x0 0x2d6013d48c0 0x9 0x0 0x0 0x1400007 0x0 0xb0 0x9 0x1490005 0x0 0x0 0x2d6013d4970 0x9 0x0 0x0 0x1520007 0x0 0x58 0x9 0x1570005 0x0 0x0 0x2d604279750 0x9 0x0 0x0 0x15e0007 0x9 0xd0 0x0 0x1650007 0x0 0xb0 0x0 0x16e0005 0x0 0x0 0x0 0x0 0x0 0x0 0x1770007 0x0 0x58 0x0 0x17c0005 0x0 0x0 0x0 0x0 0x0 0x0 0x1860007 0x9 0x20 0x0 0x18e0007 0x9 0x58 0xc20 0x1920005 0x0 0x0 0x2d604279750 0xc20 0x0 0x0 0x1980005 0x0 0x0 0x2d604279750 0xc29 0x0 0x0 0x19f0007 0xc03 0x90 0x26 0x1a60005 0x0 0x0 0x2d632c8bec0 0x26 0x0 0x0 0x1a90007 0xc 0xf8 0x1a 0x1ac0003 0x1a 0xd8 0x1b00007 0xc03 0x90 0x0 0x1b70005 0x0 0x0 0x0 0x0 0x0 0x0 0x1ba0007 0x0 0x68 0x0 0x1bd0003 0x0 0x48 0x1c40002 0xc03 0x1c70007 0x3a 0x20 0xbc9 0x1ce0007 0x0 0x270 0x46 0x1d20005 0x0 0x0 0x2d604279750 0x46 0x0 0x0 0x1da0005 0x0 0x0 0x2d604279750 0x46 0x0 0x0 0x1dd0005 0x0 0x0 0x2d604279750 0x46 0x0 0x0 0x1e80007 0x46 0x20 0x0 0x1f00007 0x17 0x188 0x2f 0x1f40007 0x1 0x30 0x2e 0x1fc0002 0x2e 0x2090005 0x0 0x0 0x2d604a95cd0 0x2f 0x0 0x0 0x2170007 0x12 0x100 0x32 0x22a0005 0x32 0x0 0x0 0x0 0x0 0x0 0x22d0007 0x9 0x38 0x29 0x2310003 0x29 0x18 0x2380005 0x32 0x0 0x0 0x0 0x0 0x0 0x23b0007 0x15 0x20 0x1d 0x2430003 0x15 0xffffffffffffff18 0x0 0x0 0x0 0x0 0x0 0x0 0x0 0x0 0x0 0x0 0x0 0x0 0x0 0x0 0x0 0x9 0x5 0x0 0x0 0x0 0x0 0x0 oops 21 17 java/util/IdentityHashMap 28 org/springframework/core/ResolvableType$SyntheticParameterizedType 30 java/lang/Class 39 java/lang/Class 46 java/lang/Class 57 java/lang/Class 106 org/springframework/core/ResolvableType 219 org/springframework/core/ResolvableType$WildcardBounds 240 org/springframework/core/ResolvableType$WildcardBounds 258 org/springframework/core/ResolvableType$SyntheticParameterizedType 260 sun/reflect/generics/reflectiveObjects/TypeVariableImpl 269 sun/reflect/generics/reflectiveObjects/TypeVariableImpl 280 org/springframework/core/ResolvableType$DefaultVariableResolver 291 org/springframework/core/ResolvableType 332 org/springframework/core/ResolvableType 339 org/springframework/core/ResolvableType 350 java/lang/Class 392 org/springframework/core/ResolvableType 399 org/springframework/core/ResolvableType 406 org/springframework/core/ResolvableType 427 java/util/IdentityHashMap methods 0
ciMethodData org/springframework/core/ResolvableType isAssignableFrom (Lorg/springframework/core/ResolvableType;)Z 2 2456 orig 80 0 0 0 0 0 0 0 0 0 0 0 0 214 2 0 0 0 0 0 0 0 0 0 0 0 0 0 0 0 0 0 0 0 0 0 0 0 0 0 0 0 0 0 0 0 0 0 0 0 0 0 0 0 0 0 0 0 0 0 0 0 0 0 0 0 0 0 0 0 0 0 0 0 0 0 0 0 0 0 0 data 17 0x50005 0x88b 0x0 0x0 0x0 0x0 0x0 0x0 0x0 0x0 0x0 0x0 0x0 0x9 0x2 0xffffffffffffffff 0xffffffffffffffff oops 0 methods 0
ciMethodData org/springframework/core/ResolvableType isAssignableFrom (Ljava/lang/Class;)Z 2 2178 orig 80 0 0 0 0 0 0 0 0 0 0 0 0 214 2 0 0 0 0 0 0 0 0 0 0 0 0 0 0 0 0 0 0 0 0 0 0 0 0 0 0 0 0 0 0 0 0 0 0 0 0 0 0 0 0 0 0 0 0 0 0 0 0 0 0 0 0 0 0 0 0 0 0 0 0 0 0 0 0 0 0 data 42 0x60004 0xfffffffffffff8b0 0x0 0x2d6020cfe70 0x28 0x2d632c8bec0 0x2c 0x90007 0x750 0x80 0x2c 0xd0004 0x0 0x0 0x2d632c8bec0 0x2c 0x0 0x0 0x130002 0x2c 0x160003 0x2c 0x60 0x1b0002 0x750 0x210005 0x750 0x0 0x0 0x0 0x0 0x0 0x0 0x0 0x0 0x0 0x0 0x0 0x9 0x2 0x0 0x0 oops 3 3 org/springframework/core/ResolvableType$SyntheticParameterizedType 5 java/lang/Class 14 java/lang/Class methods 0
compile org/springframework/beans/factory/support/AbstractBeanFactory isTypeMatch (Ljava/lang/String;Lorg/springframework/core/ResolvableType;Z)Z -1 4 inline 184 0 -1 org/springframework/beans/factory/support/AbstractBeanFactory isTypeMatch (Ljava/lang/String;Lorg/springframework/core/ResolvableType;Z)Z 1 2 org/springframework/beans/factory/support/AbstractBeanFactory transformedBeanName (Ljava/lang/String;)Ljava/lang/String; 2 2 org/springframework/beans/factory/BeanFactoryUtils transformedBeanName (Ljava/lang/String;)Ljava/lang/String; 3 3 org/springframework/util/Assert notNull (Ljava/lang/Object;Ljava/lang/String;)V 3 7 java/lang/String isEmpty ()Z 3 15 java/lang/String charAt (I)C 4 1 java/lang/String isLatin1 ()Z 4 12 java/lang/StringLatin1 charAt ([BI)C 4 21 java/lang/StringUTF16 charAt ([BI)C 5 2 java/lang/StringUTF16 checkIndex (I[B)V 6 2 java/lang/StringUTF16 length ([B)I 6 5 java/lang/String checkIndex (II)V 3 29 java/lang/invoke/Invokers$Holder linkToTargetMethod (Ljava/lang/Object;)Ljava/lang/Object; 4 4 java/lang/invoke/LambdaForm$MH+0x000002d637000400 invoke (Ljava/lang/Object;)Ljava/lang/Object; 2 5 org/springframework/core/SimpleAliasRegistry canonicalName (Ljava/lang/String;)Ljava/lang/String; 3 7 java/util/concurrent/ConcurrentHashMap get (Ljava/lang/Object;)Ljava/lang/Object; 4 1 java/lang/String hashCode ()I 5 17 java/lang/String isLatin1 ()Z 5 27 java/lang/StringLatin1 hashCode ([B)I 4 4 java/util/concurrent/ConcurrentHashMap spread (I)I 4 34 java/util/concurrent/ConcurrentHashMap tabAt ([Ljava/util/concurrent/ConcurrentHashMap$Node;I)Ljava/util/concurrent/ConcurrentHashMap$Node; 4 73 java/lang/String equals (Ljava/lang/Object;)Z 4 149 java/lang/String equals (Ljava/lang/Object;)Z 1 8 org/springframework/beans/factory/BeanFactoryUtils isFactoryDereference (Ljava/lang/String;)Z 2 5 java/lang/String isEmpty ()Z 2 13 java/lang/String charAt (I)C 3 1 java/lang/String isLatin1 ()Z 3 12 java/lang/StringLatin1 charAt ([BI)C 3 21 java/lang/StringUTF16 charAt ([BI)C 4 2 java/lang/StringUTF16 checkIndex (I[B)V 5 2 java/lang/StringUTF16 length ([B)I 5 5 java/lang/String checkIndex (II)V 1 61 org/springframework/beans/factory/support/FactoryBeanRegistrySupport getTypeForFactoryBean (Lorg/springframework/beans/factory/FactoryBean;)Ljava/lang/Class; 1 76 org/springframework/core/ResolvableType$1 isAssignableFrom (Ljava/lang/Class;)Z 2 12 org/springframework/util/ClassUtils isAssignable (Ljava/lang/Class;Ljava/lang/Class;)Z 3 3 org/springframework/util/Assert notNull (Ljava/lang/Object;Ljava/lang/String;)V 3 9 org/springframework/util/Assert notNull (Ljava/lang/Object;Ljava/lang/String;)V 1 76 org/springframework/core/ResolvableType isAssignableFrom (Ljava/lang/Class;)Z 2 27 org/springframework/core/ResolvableType forClass (Ljava/lang/Class;)Lorg/springframework/core/ResolvableType; 3 5 org/springframework/core/ResolvableType <init> (Ljava/lang/Class;)V 4 1 java/lang/Object <init> ()V 1 136 org/springframework/core/ResolvableType resolve ()Ljava/lang/Class; 1 158 org/springframework/core/ResolvableType resolve ()Ljava/lang/Class; 1 183 org/springframework/core/ResolvableType toClass ()Ljava/lang/Class; 2 3 org/springframework/core/ResolvableType resolve (Ljava/lang/Class;)Ljava/lang/Class; 1 201 org/springframework/core/ResolvableType isAssignableFrom (Lorg/springframework/core/ResolvableType;)Z 1 227 org/springframework/core/ResolvableType isInstance (Ljava/lang/Object;)Z 2 9 org/springframework/core/ResolvableType$1 isAssignableFrom (Ljava/lang/Class;)Z 3 12 org/springframework/util/ClassUtils isAssignable (Ljava/lang/Class;Ljava/lang/Class;)Z 4 3 org/springframework/util/Assert notNull (Ljava/lang/Object;Ljava/lang/String;)V 4 9 org/springframework/util/Assert notNull (Ljava/lang/Object;Ljava/lang/String;)V 2 9 org/springframework/core/ResolvableType isAssignableFrom (Ljava/lang/Class;)Z 3 27 org/springframework/core/ResolvableType forClass (Ljava/lang/Class;)Lorg/springframework/core/ResolvableType; 4 5 org/springframework/core/ResolvableType <init> (Ljava/lang/Class;)V 5 1 java/lang/Object <init> ()V 1 245 org/springframework/beans/factory/support/DefaultListableBeanFactory containsBeanDefinition (Ljava/lang/String;)Z 2 3 org/springframework/util/Assert notNull (Ljava/lang/Object;Ljava/lang/String;)V 2 11 java/util/concurrent/ConcurrentHashMap containsKey (Ljava/lang/Object;)Z 3 2 java/util/concurrent/ConcurrentHashMap get (Ljava/lang/Object;)Ljava/lang/Object; 4 1 java/lang/String hashCode ()I 5 17 java/lang/String isLatin1 ()Z 5 27 java/lang/StringLatin1 hashCode ([B)I 4 4 java/util/concurrent/ConcurrentHashMap spread (I)I 4 34 java/util/concurrent/ConcurrentHashMap tabAt ([Ljava/util/concurrent/ConcurrentHashMap$Node;I)Ljava/util/concurrent/ConcurrentHashMap$Node; 4 73 java/lang/String equals (Ljava/lang/Object;)Z 4 149 java/lang/String equals (Ljava/lang/Object;)Z 1 254 org/springframework/beans/factory/support/AbstractBeanFactory getMergedLocalBeanDefinition (Ljava/lang/String;)Lorg/springframework/beans/factory/support/RootBeanDefinition; 2 5 java/util/concurrent/ConcurrentHashMap get (Ljava/lang/Object;)Ljava/lang/Object; 3 1 java/lang/String hashCode ()I 4 17 java/lang/String isLatin1 ()Z 4 27 java/lang/StringLatin1 hashCode ([B)I 3 4 java/util/concurrent/ConcurrentHashMap spread (I)I 3 34 java/util/concurrent/ConcurrentHashMap tabAt ([Ljava/util/concurrent/ConcurrentHashMap$Node;I)Ljava/util/concurrent/ConcurrentHashMap$Node; 3 73 java/lang/String equals (Ljava/lang/Object;)Z 3 149 java/lang/String equals (Ljava/lang/Object;)Z 2 31 org/springframework/beans/factory/support/DefaultListableBeanFactory getBeanDefinition (Ljava/lang/String;)Lorg/springframework/beans/factory/config/BeanDefinition; 3 5 java/util/concurrent/ConcurrentHashMap get (Ljava/lang/Object;)Ljava/lang/Object; 4 1 java/lang/String hashCode ()I 5 17 java/lang/String isLatin1 ()Z 5 27 java/lang/StringLatin1 hashCode ([B)I 4 4 java/util/concurrent/ConcurrentHashMap spread (I)I 4 34 java/util/concurrent/ConcurrentHashMap tabAt ([Ljava/util/concurrent/ConcurrentHashMap$Node;I)Ljava/util/concurrent/ConcurrentHashMap$Node; 4 73 java/lang/String equals (Ljava/lang/Object;)Z 4 149 java/lang/String equals (Ljava/lang/Object;)Z 3 22 org/apache/commons/logging/LogAdapter$Slf4jLog isTraceEnabled ()Z 4 4 ch/qos/logback/classic/Logger isTraceEnabled ()Z 5 2 ch/qos/logback/classic/Logger isTraceEnabled (Lorg/slf4j/Marker;)Z 6 5 ch/qos/logback/classic/Logger callTurboFilters (Lorg/slf4j/Marker;Lch/qos/logback/classic/Level;)Lch/qos/logback/core/spi/FilterReply; 7 10 ch/qos/logback/classic/LoggerContext getTurboFilterChainDecision_0_3OrMore (Lorg/slf4j/Marker;Lch/qos/logback/classic/Logger;Lch/qos/logback/classic/Level;Ljava/lang/String;[Ljava/lang/Object;Ljava/lang/Throwable;)Lch/qos/logback/core/spi/FilterReply; 8 4 java/util/concurrent/CopyOnWriteArrayList size ()I 9 1 java/util/concurrent/CopyOnWriteArrayList getArray ()[Ljava/lang/Object; 8 27 ch/qos/logback/classic/spi/TurboFilterList getTurboFilterChainDecision (Lorg/slf4j/Marker;Lch/qos/logback/classic/Logger;Lch/qos/logback/classic/Level;Ljava/lang/String;[Ljava/lang/Object;Ljava/lang/Throwable;)Lch/qos/logback/core/spi/FilterReply; 9 1 java/util/concurrent/CopyOnWriteArrayList size ()I 10 1 java/util/concurrent/CopyOnWriteArrayList getArray ()[Ljava/lang/Object; 9 14 java/util/concurrent/CopyOnWriteArrayList get (I)Ljava/lang/Object; 10 1 java/util/concurrent/CopyOnWriteArrayList getArray ()[Ljava/lang/Object; 10 5 java/util/concurrent/CopyOnWriteArrayList elementAt ([Ljava/lang/Object;I)Ljava/lang/Object; 2 34 org/springframework/beans/factory/support/AbstractBeanFactory getMergedBeanDefinition (Ljava/lang/String;Lorg/springframework/beans/factory/config/BeanDefinition;)Lorg/springframework/beans/factory/support/RootBeanDefinition; 1 261 org/springframework/beans/factory/support/RootBeanDefinition getTargetType ()Ljava/lang/Class; 2 22 org/springframework/core/ResolvableType resolve ()Ljava/lang/Class; 1 275 org/springframework/util/ClassUtils getUserClass (Ljava/lang/Object;)Ljava/lang/Class; 2 4 org/springframework/util/Assert notNull (Ljava/lang/Object;Ljava/lang/String;)V 2 11 org/springframework/util/ClassUtils getUserClass (Ljava/lang/Class;)Ljava/lang/Class; 3 1 java/lang/Class getName ()Ljava/lang/String; 3 7 java/lang/String contains (Ljava/lang/CharSequence;)Z 4 2 java/lang/String toString ()Ljava/lang/String; 4 7 java/lang/String indexOf (Ljava/lang/String;)I 5 1 java/lang/String coder ()B 5 7 java/lang/String coder ()B 5 14 java/lang/String isLatin1 ()Z 1 282 org/springframework/core/ResolvableType resolve ()Ljava/lang/Class; 1 342 org/springframework/core/ResolvableType isAssignableFrom (Lorg/springframework/core/ResolvableType;)Z 1 359 org/springframework/beans/factory/support/DefaultSingletonBeanRegistry containsSingleton (Ljava/lang/String;)Z 2 5 java/util/concurrent/ConcurrentHashMap containsKey (Ljava/lang/Object;)Z 3 2 java/util/concurrent/ConcurrentHashMap get (Ljava/lang/Object;)Ljava/lang/Object; 4 1 java/lang/String hashCode ()I 5 17 java/lang/String isLatin1 ()Z 5 27 java/lang/StringLatin1 hashCode ([B)I 4 4 java/util/concurrent/ConcurrentHashMap spread (I)I 4 34 java/util/concurrent/ConcurrentHashMap tabAt ([Ljava/util/concurrent/ConcurrentHashMap$Node;I)Ljava/util/concurrent/ConcurrentHashMap$Node; 4 73 java/lang/String equals (Ljava/lang/Object;)Z 4 149 java/lang/String equals (Ljava/lang/Object;)Z 1 368 org/springframework/beans/factory/support/DefaultListableBeanFactory containsBeanDefinition (Ljava/lang/String;)Z 2 3 org/springframework/util/Assert notNull (Ljava/lang/Object;Ljava/lang/String;)V 2 11 java/util/concurrent/ConcurrentHashMap containsKey (Ljava/lang/Object;)Z 3 2 java/util/concurrent/ConcurrentHashMap get (Ljava/lang/Object;)Ljava/lang/Object; 4 1 java/lang/String hashCode ()I 5 17 java/lang/String isLatin1 ()Z 5 27 java/lang/StringLatin1 hashCode ([B)I 4 4 java/util/concurrent/ConcurrentHashMap spread (I)I 4 34 java/util/concurrent/ConcurrentHashMap tabAt ([Ljava/util/concurrent/ConcurrentHashMap$Node;I)Ljava/util/concurrent/ConcurrentHashMap$Node; 4 73 java/lang/String equals (Ljava/lang/Object;)Z 4 149 java/lang/String equals (Ljava/lang/Object;)Z 1 377 org/springframework/beans/factory/support/AbstractBeanFactory getParentBeanFactory ()Lorg/springframework/beans/factory/BeanFactory; 1 413 org/springframework/beans/factory/support/AbstractBeanFactory getMergedLocalBeanDefinition (Ljava/lang/String;)Lorg/springframework/beans/factory/support/RootBeanDefinition; 2 5 java/util/concurrent/ConcurrentHashMap get (Ljava/lang/Object;)Ljava/lang/Object; 3 1 java/lang/String hashCode ()I 4 17 java/lang/String isLatin1 ()Z 4 27 java/lang/StringLatin1 hashCode ([B)I 3 4 java/util/concurrent/ConcurrentHashMap spread (I)I 3 34 java/util/concurrent/ConcurrentHashMap tabAt ([Ljava/util/concurrent/ConcurrentHashMap$Node;I)Ljava/util/concurrent/ConcurrentHashMap$Node; 3 73 java/lang/String equals (Ljava/lang/Object;)Z 3 149 java/lang/String equals (Ljava/lang/Object;)Z 2 31 org/springframework/beans/factory/support/DefaultListableBeanFactory getBeanDefinition (Ljava/lang/String;)Lorg/springframework/beans/factory/config/BeanDefinition; 3 5 java/util/concurrent/ConcurrentHashMap get (Ljava/lang/Object;)Ljava/lang/Object; 4 1 java/lang/String hashCode ()I 5 17 java/lang/String isLatin1 ()Z 5 27 java/lang/StringLatin1 hashCode ([B)I 4 4 java/util/concurrent/ConcurrentHashMap spread (I)I 4 34 java/util/concurrent/ConcurrentHashMap tabAt ([Ljava/util/concurrent/ConcurrentHashMap$Node;I)Ljava/util/concurrent/ConcurrentHashMap$Node; 4 73 java/lang/String equals (Ljava/lang/Object;)Z 4 149 java/lang/String equals (Ljava/lang/Object;)Z 3 22 org/apache/commons/logging/LogAdapter$Slf4jLog isTraceEnabled ()Z 4 4 ch/qos/logback/classic/Logger isTraceEnabled ()Z 5 2 ch/qos/logback/classic/Logger isTraceEnabled (Lorg/slf4j/Marker;)Z 6 5 ch/qos/logback/classic/Logger callTurboFilters (Lorg/slf4j/Marker;Lch/qos/logback/classic/Level;)Lch/qos/logback/core/spi/FilterReply; 7 10 ch/qos/logback/classic/LoggerContext getTurboFilterChainDecision_0_3OrMore (Lorg/slf4j/Marker;Lch/qos/logback/classic/Logger;Lch/qos/logback/classic/Level;Ljava/lang/String;[Ljava/lang/Object;Ljava/lang/Throwable;)Lch/qos/logback/core/spi/FilterReply; 8 4 java/util/concurrent/CopyOnWriteArrayList size ()I 9 1 java/util/concurrent/CopyOnWriteArrayList getArray ()[Ljava/lang/Object; 8 27 ch/qos/logback/classic/spi/TurboFilterList getTurboFilterChainDecision (Lorg/slf4j/Marker;Lch/qos/logback/classic/Logger;Lch/qos/logback/classic/Level;Ljava/lang/String;[Ljava/lang/Object;Ljava/lang/Throwable;)Lch/qos/logback/core/spi/FilterReply; 9 1 java/util/concurrent/CopyOnWriteArrayList size ()I 10 1 java/util/concurrent/CopyOnWriteArrayList getArray ()[Ljava/lang/Object; 9 14 java/util/concurrent/CopyOnWriteArrayList get (I)Ljava/lang/Object; 10 1 java/util/concurrent/CopyOnWriteArrayList getArray ()[Ljava/lang/Object; 10 5 java/util/concurrent/CopyOnWriteArrayList elementAt ([Ljava/lang/Object;I)Ljava/lang/Object; 2 34 org/springframework/beans/factory/support/AbstractBeanFactory getMergedBeanDefinition (Ljava/lang/String;Lorg/springframework/beans/factory/config/BeanDefinition;)Lorg/springframework/beans/factory/support/RootBeanDefinition; 1 420 org/springframework/beans/factory/support/RootBeanDefinition getDecoratedDefinition ()Lorg/springframework/beans/factory/config/BeanDefinitionHolder; 1 426 org/springframework/core/ResolvableType resolve ()Ljava/lang/Class; 1 628 org/springframework/core/ResolvableType resolve ()Ljava/lang/Class; 1 714 org/springframework/core/ResolvableType resolve ()Ljava/lang/Class; 1 734 org/springframework/core/ResolvableType$1 isAssignableFrom (Lorg/springframework/core/ResolvableType;)Z 2 1 org/springframework/core/ResolvableType resolve ()Ljava/lang/Class; 2 21 org/springframework/util/ClassUtils isAssignable (Ljava/lang/Class;Ljava/lang/Class;)Z 3 3 org/springframework/util/Assert notNull (Ljava/lang/Object;Ljava/lang/String;)V 3 9 org/springframework/util/Assert notNull (Ljava/lang/Object;Ljava/lang/String;)V 1 734 org/springframework/core/ResolvableType isAssignableFrom (Lorg/springframework/core/ResolvableType;)Z 1 741 org/springframework/core/ResolvableType$1 isAssignableFrom (Ljava/lang/Class;)Z 2 12 org/springframework/util/ClassUtils isAssignable (Ljava/lang/Class;Ljava/lang/Class;)Z 3 3 org/springframework/util/Assert notNull (Ljava/lang/Object;Ljava/lang/String;)V 3 9 org/springframework/util/Assert notNull (Ljava/lang/Object;Ljava/lang/String;)V 1 741 org/springframework/core/ResolvableType isAssignableFrom (Ljava/lang/Class;)Z 2 27 org/springframework/core/ResolvableType forClass (Ljava/lang/Class;)Lorg/springframework/core/ResolvableType; 3 5 org/springframework/core/ResolvableType <init> (Ljava/lang/Class;)V 4 1 java/lang/Object <init> ()V
